model,slug,category,role,src,status,reason,background,repair,edgeWhitePct,edgeTransparentPct,bboxWidthPct,bboxHeightPct,bboxAreaPct,foregroundAreaPct,visualBaselinePct,horizontalCenterOffsetPct,significantComponents,reviewFlags
001,001-panic-exit-device-trim,panic-exit-devices,hero,/images/products/001-panic-exit-device-trim.webp,measured,,white,edge-matched-clone,100.0,0.0,16.8,66.0,11.1,10.2,84.4,0.6,1,small bounding box
001,001-panic-exit-device-trim,panic-exit-devices,gallery 1,/images/products/001-panic-exit-device-trim-2.webp,manual,edge is not uniformly white or transparent,other / uncertain,boundary-fill,0.6,0.0,,,,,,,,
001,001-panic-exit-device-trim,panic-exit-devices,gallery 2,/images/products/001-panic-exit-device-trim-3.webp,measured,,white,edge-matched-clone,99.6,0.0,94.9,56.6,53.8,10.5,79.3,1.0,6,
001,001-panic-exit-device-trim,panic-exit-devices,gallery 3,/images/products/001-panic-exit-device-trim-4.webp,measured,,white,edge-matched-clone,100.0,0.0,38.7,75.4,29.2,14.9,89.8,2.9,2,small bounding box
001,001-panic-exit-device-trim,panic-exit-devices,gallery 4,/images/products/001-panic-exit-device-trim-5.webp,measured,,white,edge-matched-clone,100.0,0.0,82.0,83.6,68.6,18.1,92.6,5.9,14,
015,015-panic-exit-device-trim,panic-exit-devices,hero,/images/products/015-panic-exit-device-trim.webp,measured,,white,boundary-fill,100.0,0.0,81.3,76.2,61.9,24.0,93.0,3.1,1,
015,015-panic-exit-device-trim,panic-exit-devices,gallery 1,/images/products/015-panic-exit-device-trim-2.webp,measured,,white,edge-matched-clone,100.0,0.0,79.3,69.1,54.8,22.0,93.0,4.1,1,
015,015-panic-exit-device-trim,panic-exit-devices,gallery 2,/images/products/015-panic-exit-device-trim-3.webp,measured,,white,edge-matched-clone,100.0,0.0,82.4,74.2,61.2,25.9,93.0,0.2,3,
015,015-panic-exit-device-trim,panic-exit-devices,gallery 3,/images/products/015-panic-exit-device-trim-4.webp,measured,,white,edge-matched-clone,98.9,0.0,93.8,85.2,79.8,13.0,99.2,2.3,6,
015,015-panic-exit-device-trim,panic-exit-devices,gallery 4,/images/products/015-panic-exit-device-trim-5.webp,manual,edge is not uniformly white or transparent,other / uncertain,boundary-fill,0.2,0.0,,,,,,,,
015,015-panic-exit-device-trim,panic-exit-devices,gallery 5,/images/products/015-panic-exit-device-trim-6.webp,manual,edge is not uniformly white or transparent,other / uncertain,boundary-fill,0.0,0.0,,,,,,,,
015,015-panic-exit-device-trim,panic-exit-devices,gallery 6,/images/products/015-panic-exit-device-trim-7.webp,measured,,white,edge-matched-clone,100.0,0.0,82.4,76.2,62.8,21.4,90.6,-1.4,8,
015,015-panic-exit-device-trim,panic-exit-devices,gallery 7,/images/products/015-panic-exit-device-trim-8.webp,measured,,white,edge-matched-clone,100.0,0.0,85.9,68.0,58.4,26.6,88.3,0.8,2,
016,016-exterior-trim,panic-exit-devices,hero,/images/products/016-exterior-trim.webp,measured,,white,edge-matched-clone,100.0,0.0,82.0,73.0,59.9,31.1,92.6,-2.3,1,
016,016-exterior-trim,panic-exit-devices,gallery 1,/images/products/016-exterior-trim-2.webp,measured,,white,edge-matched-clone,100.0,0.0,76.2,80.1,61.0,23.6,94.5,-1.0,1,
016,016-exterior-trim,panic-exit-devices,gallery 2,/images/products/016-exterior-trim-3.webp,manual,edge is not uniformly white or transparent,other / uncertain,boundary-fill,0.3,0.0,,,,,,,,
016,016-exterior-trim,panic-exit-devices,gallery 3,/images/products/016-exterior-trim-4.webp,measured,,white,edge-matched-clone,100.0,0.0,84.0,89.1,74.8,23.3,93.4,2.9,9,
016,016-exterior-trim,panic-exit-devices,gallery 4,/images/products/016-exterior-trim-5.webp,manual,edge is not uniformly white or transparent,other / uncertain,boundary-fill,8.1,0.0,,,,,,,,
016,016-exterior-trim,panic-exit-devices,gallery 5,/images/products/016-exterior-trim-6.webp,measured,,white,none,99.2,0.0,96.5,85.5,82.5,27.2,89.5,0.6,13,
023 ET,023-et-panic-exit-device-trim,panic-exit-devices,hero,/images/products/023-et-panic-exit-device-trim.webp,measured,,white,edge-matched-clone,100.0,0.0,90.6,49.6,45.0,19.0,75.8,1.6,1,high visual baseline
023 ET,023-et-panic-exit-device-trim,panic-exit-devices,gallery 1,/images/products/023-et-panic-exit-device-trim-2.webp,measured,,white,edge-matched-clone,100.0,0.0,79.7,51.6,41.1,22.9,82.0,3.5,1,
023 ET,023-et-panic-exit-device-trim,panic-exit-devices,gallery 2,/images/products/023-et-panic-exit-device-trim-3.webp,measured,,white,edge-matched-clone,100.0,0.0,90.6,86.3,78.2,7.5,94.9,-0.4,17,
023 ET,023-et-panic-exit-device-trim,panic-exit-devices,gallery 3,/images/products/023-et-panic-exit-device-trim-4.webp,measured,,white,edge-matched-clone,98.5,0.0,95.7,60.2,57.6,17.7,82.8,1.8,1,touches canvas edge
023 ET,023-et-panic-exit-device-trim,panic-exit-devices,gallery 4,/images/products/023-et-panic-exit-device-trim-5.webp,measured,,white,edge-matched-clone,100.0,0.0,88.7,69.5,61.7,29.5,87.5,0.2,3,
023 ET,023-et-panic-exit-device-trim,panic-exit-devices,gallery 5,/images/products/023-et-panic-exit-device-trim-6.webp,manual,edge is not uniformly white or transparent,other / uncertain,boundary-fill,0.0,0.0,,,,,,,,
023 ET,023-et-panic-exit-device-trim,panic-exit-devices,gallery 6,/images/products/023-et-panic-exit-device-trim-7.webp,manual,edge is not uniformly white or transparent,other / uncertain,boundary-fill,0.0,0.0,,,,,,,,
023 ETAN,023-etan-anti-pick-panic-exit-device,panic-exit-devices,hero,/images/products/023-etan-anti-pick-panic-exit-device.webp,measured,,white,edge-matched-clone,99.7,0.0,93.8,53.1,49.8,20.0,85.5,-0.8,1,
023 ETAN,023-etan-anti-pick-panic-exit-device,panic-exit-devices,gallery 1,/images/products/023-etan-anti-pick-panic-exit-device-2.webp,measured,,white,edge-matched-clone,99.9,0.0,90.2,37.1,33.5,20.7,69.1,2.1,1,high visual baseline
023 ETAN,023-etan-anti-pick-panic-exit-device,panic-exit-devices,gallery 2,/images/products/023-etan-anti-pick-panic-exit-device-3.webp,measured,,white,edge-matched-clone,98.9,0.0,96.1,79.7,76.6,29.4,94.1,0.0,9,
023 ETAN,023-etan-anti-pick-panic-exit-device,panic-exit-devices,gallery 3,/images/products/023-etan-anti-pick-panic-exit-device-4.webp,measured,,white,boundary-fill,100.0,0.0,92.2,86.7,79.9,7.5,96.9,0.4,19,
023 ETAN,023-etan-anti-pick-panic-exit-device,panic-exit-devices,gallery 4,/images/products/023-etan-anti-pick-panic-exit-device-5.webp,manual,edge is not uniformly white or transparent,other / uncertain,boundary-fill,0.0,0.0,,,,,,,,
023 ETAN,023-etan-anti-pick-panic-exit-device,panic-exit-devices,gallery 5,/images/products/023-etan-anti-pick-panic-exit-device-6.webp,manual,edge is not uniformly white or transparent,other / uncertain,boundary-fill,0.0,0.0,,,,,,,,
023 PS,023-ps-panic-exit-device-trim,panic-exit-devices,hero,/images/products/023-ps-panic-exit-device-trim.webp,measured,,white,edge-matched-clone,100.0,0.0,87.1,50.8,44.2,18.8,80.1,1.0,1,
023 PS,023-ps-panic-exit-device-trim,panic-exit-devices,gallery 1,/images/products/023-ps-panic-exit-device-trim-2.webp,measured,,white,edge-matched-clone,100.0,0.0,91.0,85.5,77.9,7.3,95.3,-1.0,15,
023 PS,023-ps-panic-exit-device-trim,panic-exit-devices,gallery 2,/images/products/023-ps-panic-exit-device-trim-3.webp,measured,,white,edge-matched-clone,100.0,0.0,89.1,42.6,37.9,19.9,75.0,1.6,1,high visual baseline
023 PS,023-ps-panic-exit-device-trim,panic-exit-devices,gallery 3,/images/products/023-ps-panic-exit-device-trim-4.webp,measured,,white,edge-matched-clone,100.0,0.0,89.5,50.8,45.4,16.4,78.5,0.2,4,
023 PS,023-ps-panic-exit-device-trim,panic-exit-devices,gallery 4,/images/products/023-ps-panic-exit-device-trim-5.webp,manual,edge is not uniformly white or transparent,other / uncertain,boundary-fill,0.0,0.0,,,,,,,,
023 PS,023-ps-panic-exit-device-trim,panic-exit-devices,gallery 5,/images/products/023-ps-panic-exit-device-trim-6.webp,manual,edge is not uniformly white or transparent,other / uncertain,boundary-fill,0.0,0.0,,,,,,,,
026,026-panic-exit-device-trim,panic-exit-devices,hero,/images/products/026-panic-exit-device-trim.webp,measured,,white,edge-matched-clone,100.0,0.0,91.4,79.3,72.5,19.7,87.9,-0.4,6,
026,026-panic-exit-device-trim,panic-exit-devices,gallery 1,/images/products/026-panic-exit-device-trim-2.webp,measured,,white,edge-matched-clone,100.0,0.0,68.8,79.3,54.5,16.5,87.9,0.0,1,
026,026-panic-exit-device-trim,panic-exit-devices,gallery 2,/images/products/026-panic-exit-device-trim-3.webp,measured,,white,boundary-fill,100.0,0.0,70.7,85.5,60.5,14.9,95.3,-1.0,1,
026,026-panic-exit-device-trim,panic-exit-devices,gallery 3,/images/products/026-panic-exit-device-trim-4.webp,measured,,white,edge-matched-clone,100.0,0.0,84.8,70.7,59.9,5.3,90.2,2.5,3,
026,026-panic-exit-device-trim,panic-exit-devices,gallery 4,/images/products/026-panic-exit-device-trim-5.webp,manual,edge is not uniformly white or transparent,other / uncertain,boundary-fill,0.0,0.0,,,,,,,,
026,026-panic-exit-device-trim,panic-exit-devices,gallery 5,/images/products/026-panic-exit-device-trim-6.webp,measured,,white,edge-matched-clone,100.0,0.0,75.0,83.6,62.7,19.7,95.7,2.7,1,
026,026-panic-exit-device-trim,panic-exit-devices,gallery 6,/images/products/026-panic-exit-device-trim-7.webp,measured,,white,edge-matched-clone,100.0,0.0,57.4,69.1,39.7,29.7,83.2,-0.6,1,
027,027-panic-exit-device-trim,panic-exit-devices,hero,/images/products/027-panic-exit-device-trim.webp,measured,,white,edge-matched-clone,100.0,0.0,77.7,66.8,51.9,15.7,88.3,-3.7,1,
027,027-panic-exit-device-trim,panic-exit-devices,gallery 1,/images/products/027-panic-exit-device-trim-2.webp,manual,edge is not uniformly white or transparent,other / uncertain,none,0.1,0.0,,,,,,,,
027,027-panic-exit-device-trim,panic-exit-devices,gallery 2,/images/products/027-panic-exit-device-trim-3.webp,manual,edge is not uniformly white or transparent,other / uncertain,none,0.0,0.0,,,,,,,,
027,027-panic-exit-device-trim,panic-exit-devices,gallery 3,/images/products/027-panic-exit-device-trim-4.webp,measured,,white,edge-matched-clone,99.3,0.0,95.3,66.8,63.7,20.9,78.5,1.2,10,
027,027-panic-exit-device-trim,panic-exit-devices,gallery 4,/images/products/027-panic-exit-device-trim-5.webp,measured,,white,edge-matched-clone,100.0,0.0,89.8,84.8,76.2,8.4,95.7,0.0,2,
027,027-panic-exit-device-trim,panic-exit-devices,gallery 5,/images/products/027-panic-exit-device-trim-6.webp,measured,,white,edge-matched-clone,100.0,0.0,92.2,52.0,47.9,22.1,75.0,0.4,1,high visual baseline
027,027-panic-exit-device-trim,panic-exit-devices,gallery 6,/images/products/027-panic-exit-device-trim-7.webp,measured,,white,boundary-fill,100.0,0.0,77.0,76.2,58.6,34.3,90.6,3.7,1,
028,028-panic-exit-device-trim,panic-exit-devices,hero,/images/products/028-panic-exit-device-trim.webp,measured,,white,edge-matched-clone,100.0,0.0,84.8,52.7,44.7,17.1,80.1,0.6,2,
028,028-panic-exit-device-trim,panic-exit-devices,gallery 1,/images/products/028-panic-exit-device-trim-2.webp,measured,,white,edge-matched-clone,100.0,0.0,89.8,60.9,54.7,18.5,78.5,0.8,9,
028,028-panic-exit-device-trim,panic-exit-devices,gallery 2,/images/products/028-panic-exit-device-trim-3.webp,measured,,white,edge-matched-clone,100.0,0.0,72.7,62.9,45.7,20.0,84.0,7.8,1,
028,028-panic-exit-device-trim,panic-exit-devices,gallery 3,/images/products/028-panic-exit-device-trim-4.webp,measured,,white,edge-matched-clone,100.0,0.0,89.1,84.4,75.1,7.9,94.9,2.3,2,
028,028-panic-exit-device-trim,panic-exit-devices,gallery 4,/images/products/028-panic-exit-device-trim-5.webp,measured,,white,edge-matched-clone,100.0,0.0,85.2,78.9,67.2,15.9,91.8,3.1,1,
028,028-panic-exit-device-trim,panic-exit-devices,gallery 5,/images/products/028-panic-exit-device-trim-6.webp,measured,,white,edge-matched-clone,100.0,0.0,82.8,65.2,54.0,31.6,84.4,3.1,1,
030,030-panic-exit-device-trim,panic-exit-devices,hero,/images/products/030-panic-exit-device-trim.webp,manual,known logo exclusion may touch product,white,boundary-fill,100.0,0.0,,,,,,,,
030,030-panic-exit-device-trim,panic-exit-devices,gallery 1,/images/products/030-panic-exit-device-trim-2.webp,measured,,white,edge-matched-clone,100.0,0.0,89.8,60.9,54.7,24.3,83.6,-0.8,2,
030,030-panic-exit-device-trim,panic-exit-devices,gallery 2,/images/products/030-panic-exit-device-trim-3.webp,manual,known logo exclusion may touch product,white,edge-matched-clone,100.0,0.0,,,,,,,,
030,030-panic-exit-device-trim,panic-exit-devices,gallery 3,/images/products/030-panic-exit-device-trim-4.webp,manual,edge is not uniformly white or transparent,other / uncertain,boundary-fill,1.1,0.0,,,,,,,,
030,030-panic-exit-device-trim,panic-exit-devices,gallery 4,/images/products/030-panic-exit-device-trim-5.webp,measured,,white,edge-matched-clone,99.7,0.0,94.9,72.7,69.0,7.0,90.6,0.6,2,
030,030-panic-exit-device-trim,panic-exit-devices,gallery 5,/images/products/030-panic-exit-device-trim-6.webp,manual,known logo exclusion may touch product,white,edge-matched-clone,100.0,0.0,,,,,,,,
030,030-panic-exit-device-trim,panic-exit-devices,gallery 6,/images/products/030-panic-exit-device-trim-7.webp,measured,,white,edge-matched-clone,100.0,0.0,90.2,68.4,61.7,13.7,82.8,1.8,1,
030,030-panic-exit-device-trim,panic-exit-devices,gallery 7,/images/products/030-panic-exit-device-trim-8.webp,measured,,white,edge-matched-clone,100.0,0.0,81.3,71.5,58.1,17.8,90.6,0.0,7,
033,033-panic-exit-device-trim,panic-exit-devices,hero,/images/products/033-panic-exit-device-trim.webp,measured,,white,edge-matched-clone,100.0,0.0,73.4,73.4,53.9,20.3,90.2,7.4,1,
033,033-panic-exit-device-trim,panic-exit-devices,gallery 1,/images/products/033-panic-exit-device-trim-2.webp,measured,,white,boundary-fill,100.0,0.0,58.2,88.3,51.4,26.6,95.7,-6.8,1,
033,033-panic-exit-device-trim,panic-exit-devices,gallery 2,/images/products/033-panic-exit-device-trim-3.webp,measured,,white,edge-matched-clone,99.2,0.0,95.7,60.9,58.3,15.5,82.0,-0.2,2,
033,033-panic-exit-device-trim,panic-exit-devices,gallery 3,/images/products/033-panic-exit-device-trim-4.webp,manual,edge is not uniformly white or transparent,other / uncertain,boundary-fill,0.0,0.0,,,,,,,,
033,033-panic-exit-device-trim,panic-exit-devices,gallery 4,/images/products/033-panic-exit-device-trim-5.webp,measured,,white,boundary-fill,99.0,0.0,79.7,80.9,64.4,7.6,99.6,1.2,5,touches canvas edge
033,033-panic-exit-device-trim,panic-exit-devices,gallery 5,/images/products/033-panic-exit-device-trim-6.webp,measured,,white,edge-matched-clone,100.0,0.0,87.1,87.1,75.9,17.9,94.1,2.5,1,
035,035-panic-exit-device-trim,panic-exit-devices,hero,/images/products/035-panic-exit-device-trim.webp,measured,,white,boundary-fill,99.1,0.0,59.8,87.1,52.1,22.4,100.0,-3.3,1,touches canvas edge
035,035-panic-exit-device-trim,panic-exit-devices,gallery 1,/images/products/035-panic-exit-device-trim-2.webp,measured,,white,boundary-fill,100.0,0.0,75.4,69.5,52.4,21.7,85.2,-2.1,5,
035,035-panic-exit-device-trim,panic-exit-devices,gallery 2,/images/products/035-panic-exit-device-trim-3.webp,measured,,white,edge-matched-clone,100.0,0.0,61.3,79.7,48.9,17.0,90.2,9.6,3,
035,035-panic-exit-device-trim,panic-exit-devices,gallery 3,/images/products/035-panic-exit-device-trim-4.webp,measured,,white,boundary-fill,98.3,0.0,82.4,86.3,71.2,8.0,98.8,4.9,6,
035,035-panic-exit-device-trim,panic-exit-devices,gallery 4,/images/products/035-panic-exit-device-trim-5.webp,manual,edge is not uniformly white or transparent,other / uncertain,none,0.0,0.0,,,,,,,,
036,036-panic-exit-device,panic-exit-devices,hero,/images/products/036-panic-exit-device.webp,measured,,white,edge-matched-clone,99.6,0.0,82.4,72.7,59.9,16.8,90.6,4.1,4,
036,036-panic-exit-device,panic-exit-devices,gallery 1,/images/products/036-panic-exit-device-2.webp,measured,,white,edge-matched-clone,100.0,0.0,86.7,43.0,37.3,7.3,73.0,2.0,1,high visual baseline
036,036-panic-exit-device,panic-exit-devices,gallery 2,/images/products/036-panic-exit-device-3.webp,measured,,white,edge-matched-clone,100.0,0.0,89.5,60.5,54.2,5.3,84.0,0.2,10,
036,036-panic-exit-device,panic-exit-devices,gallery 3,/images/products/036-panic-exit-device-4.webp,manual,edge is not uniformly white or transparent,other / uncertain,none,6.5,0.0,,,,,,,,
037,037-panic-exit-device-trim,panic-exit-devices,hero,/images/products/037-panic-exit-device-trim.webp,measured,,white,edge-matched-clone,100.0,0.0,74.2,66.0,49.0,21.4,87.5,0.4,1,
037,037-panic-exit-device-trim,panic-exit-devices,gallery 1,/images/products/037-panic-exit-device-trim-2.webp,measured,,white,edge-matched-clone,100.0,0.0,62.1,88.7,55.1,6.5,96.5,-1.0,2,
037,037-panic-exit-device-trim,panic-exit-devices,gallery 2,/images/products/037-panic-exit-device-trim-3.webp,measured,,white,edge-matched-clone,100.0,0.0,73.8,69.5,51.3,21.4,88.7,1.8,5,
037,037-panic-exit-device-trim,panic-exit-devices,gallery 3,/images/products/037-panic-exit-device-trim-4.webp,measured,,white,edge-matched-clone,100.0,0.0,77.3,46.1,35.7,18.4,73.4,1.2,1,high visual baseline
037,037-panic-exit-device-trim,panic-exit-devices,gallery 4,/images/products/037-panic-exit-device-trim-5.webp,measured,,white,edge-matched-clone,100.0,0.0,81.3,74.2,60.3,14.2,87.1,1.6,1,
037,037-panic-exit-device-trim,panic-exit-devices,gallery 5,/images/products/037-panic-exit-device-trim-6.webp,manual,edge is not uniformly white or transparent,other / uncertain,boundary-fill,0.0,0.0,,,,,,,,
039,039-panic-exit-device-trim,panic-exit-devices,hero,/images/products/039-panic-exit-device-trim.webp,measured,,white,edge-matched-clone,99.9,0.0,68.4,80.1,54.7,18.0,97.3,11.9,1,off-center
039,039-panic-exit-device-trim,panic-exit-devices,gallery 1,/images/products/039-panic-exit-device-trim-2.webp,measured,,white,boundary-fill,100.0,0.0,91.8,67.6,62.0,18.7,84.4,0.2,5,
039,039-panic-exit-device-trim,panic-exit-devices,gallery 2,/images/products/039-panic-exit-device-trim-3.webp,measured,,white,edge-matched-clone,100.0,0.0,50.8,75.4,38.3,20.3,87.5,-3.1,1,
039,039-panic-exit-device-trim,panic-exit-devices,gallery 3,/images/products/039-panic-exit-device-trim-4.webp,manual,known logo exclusion may touch product,white,boundary-fill,99.6,0.0,,,,,,,,
039,039-panic-exit-device-trim,panic-exit-devices,gallery 4,/images/products/039-panic-exit-device-trim-5.webp,measured,,white,edge-matched-clone,99.0,0.0,95.3,53.5,51.0,13.2,80.5,0.0,1,
039,039-panic-exit-device-trim,panic-exit-devices,gallery 5,/images/products/039-panic-exit-device-trim-6.webp,manual,edge is not uniformly white or transparent,other / uncertain,none,2.9,0.0,,,,,,,,
069,069-stainless-steel-handle,stainless-steel-handles,hero,/images/products/069-stainless-steel-handle.webp,measured,,white,none,100.0,0.0,81.3,52.3,42.5,18.2,78.9,2.7,1,
069,069-stainless-steel-handle,stainless-steel-handles,gallery 1,/images/products/069-stainless-steel-handle-2.webp,measured,,white,none,100.0,0.0,83.2,52.3,43.6,15.9,79.3,2.9,1,
069,069-stainless-steel-handle,stainless-steel-handles,gallery 2,/images/products/069-stainless-steel-handle-3.webp,measured,,white,none,100.0,0.0,78.9,76.2,60.1,7.8,91.4,0.0,9,
069,069-stainless-steel-handle,stainless-steel-handles,gallery 3,/images/products/069-stainless-steel-handle-4.webp,measured,,white,none,100.0,0.0,91.8,38.7,35.5,17.1,73.0,0.2,1,high visual baseline
069,069-stainless-steel-handle,stainless-steel-handles,gallery 4,/images/products/069-stainless-steel-handle-5.webp,measured,,white,none,100.0,0.0,90.6,44.9,40.7,14.6,72.7,0.4,3,high visual baseline
069,069-stainless-steel-handle,stainless-steel-handles,gallery 5,/images/products/069-stainless-steel-handle-6.webp,manual,edge is not uniformly white or transparent,other / uncertain,none,0.0,0.0,,,,,,,,
069,069-stainless-steel-handle,stainless-steel-handles,gallery 6,/images/products/069-stainless-steel-handle-7.webp,manual,edge is not uniformly white or transparent,other / uncertain,none,2.0,0.0,,,,,,,,
072,072-panic-exit-device-lock-case,panic-exit-devices,hero,/images/products/072-panic-exit-device-lock-case.webp,measured,,white,edge-matched-clone,100.0,0.0,27.3,75.4,20.6,15.2,88.3,0.0,1,small bounding box
072,072-panic-exit-device-lock-case,panic-exit-devices,gallery 1,/images/products/072-panic-exit-device-lock-case-2.webp,measured,,white,edge-matched-clone,100.0,0.0,23.4,76.6,17.9,12.9,91.4,2.7,1,small bounding box
072,072-panic-exit-device-lock-case,panic-exit-devices,gallery 2,/images/products/072-panic-exit-device-lock-case-3.webp,measured,,white,edge-matched-clone,100.0,0.0,84.4,61.3,51.7,22.5,81.3,0.4,4,
072,072-panic-exit-device-lock-case,panic-exit-devices,gallery 3,/images/products/072-panic-exit-device-lock-case-4.webp,manual,known logo exclusion may touch product,white,boundary-fill,100.0,0.0,,,,,,,,
072,072-panic-exit-device-lock-case,panic-exit-devices,gallery 4,/images/products/072-panic-exit-device-lock-case-5.webp,manual,edge is not uniformly white or transparent,other / uncertain,none,0.0,0.0,,,,,,,,
100,100-glass-door-handle,glass-door-accessories,hero,/images/products/100-glass-door-handle.webp,measured,,white,none,100.0,0.0,18.0,89.8,16.1,8.6,94.9,0.0,1,small bounding box
100,100-glass-door-handle,glass-door-accessories,gallery 1,/images/products/100-glass-door-handle-2.webp,measured,,white,none,100.0,0.0,82.8,68.4,56.6,18.1,84.4,0.0,6,
100,100-glass-door-handle,glass-door-accessories,gallery 2,/images/products/100-glass-door-handle-3.webp,manual,edge is not uniformly white or transparent,other / uncertain,none,97.9,0.0,,,,,,,,
100,100-glass-door-handle,glass-door-accessories,gallery 3,/images/products/100-glass-door-handle-4.webp,manual,edge is not uniformly white or transparent,other / uncertain,none,89.5,0.0,,,,,,,,
100,100-glass-door-handle,glass-door-accessories,gallery 4,/images/products/100-glass-door-handle-5.webp,manual,edge is not uniformly white or transparent,other / uncertain,none,5.6,0.0,,,,,,,,
102,102-glass-door-handle,glass-door-accessories,hero,/images/products/102-glass-door-handle.webp,measured,,white,none,100.0,0.0,18.0,89.1,16.0,8.3,94.1,-0.8,1,small bounding box
102,102-glass-door-handle,glass-door-accessories,gallery 1,/images/products/102-glass-door-handle-2.webp,manual,edge is not uniformly white or transparent,other / uncertain,none,0.0,0.0,,,,,,,,
102,102-glass-door-handle,glass-door-accessories,gallery 2,/images/products/102-glass-door-handle-3.webp,measured,,white,none,100.0,0.0,48.0,92.6,44.5,5.9,96.5,3.3,10,
102,102-glass-door-handle,glass-door-accessories,gallery 3,/images/products/102-glass-door-handle-4.webp,manual,edge is not uniformly white or transparent,other / uncertain,none,75.5,0.0,,,,,,,,
104,104-glass-door-handle,glass-door-accessories,hero,/images/products/104-glass-door-handle.webp,measured,,white,none,100.0,0.0,20.3,90.6,18.4,8.7,95.7,-0.4,1,small bounding box
104,104-glass-door-handle,glass-door-accessories,gallery 1,/images/products/104-glass-door-handle-2.webp,manual,edge is not uniformly white or transparent,other / uncertain,none,0.0,0.0,,,,,,,,
104,104-glass-door-handle,glass-door-accessories,gallery 2,/images/products/104-glass-door-handle-3.webp,measured,,white,none,98.1,0.0,47.7,97.3,46.4,6.2,98.8,1.2,8,
105,105-glass-door-handle,glass-door-accessories,hero,/images/products/105-glass-door-handle.webp,measured,,white,none,100.0,0.0,14.5,87.1,12.6,8.6,93.4,-0.2,1,small bounding box
105,105-glass-door-handle,glass-door-accessories,gallery 1,/images/products/105-glass-door-handle-2.webp,measured,,white,none,100.0,0.0,45.3,93.4,42.3,4.0,96.9,0.4,8,
105,105-glass-door-handle,glass-door-accessories,gallery 2,/images/products/105-glass-door-handle-3.webp,manual,edge is not uniformly white or transparent,other / uncertain,none,9.7,0.0,,,,,,,,
105,105-glass-door-handle,glass-door-accessories,gallery 3,/images/products/105-glass-door-handle-4.webp,measured,,white,none,100.0,0.0,88.3,89.5,79.0,62.1,96.5,0.0,2,
106,106-glass-door-handle,glass-door-accessories,hero,/images/products/106-glass-door-handle.webp,measured,,white,none,100.0,0.0,21.1,88.7,18.7,8.5,94.5,0.4,1,small bounding box
106,106-glass-door-handle,glass-door-accessories,gallery 1,/images/products/106-glass-door-handle-2.webp,measured,,white,none,99.1,0.0,50.4,96.1,48.4,8.4,98.0,2.1,11,
106,106-glass-door-handle,glass-door-accessories,gallery 2,/images/products/106-glass-door-handle-3.webp,manual,edge is not uniformly white or transparent,other / uncertain,none,1.7,0.0,,,,,,,,
106,106-glass-door-handle,glass-door-accessories,gallery 3,/images/products/106-glass-door-handle-4.webp,manual,edge is not uniformly white or transparent,other / uncertain,none,91.1,0.0,,,,,,,,
107,107-glass-door-handle,glass-door-accessories,hero,/images/products/107-glass-door-handle.webp,measured,,white,none,100.0,0.0,21.1,89.8,19.0,6.7,94.9,0.0,1,small bounding box
107,107-glass-door-handle,glass-door-accessories,gallery 1,/images/products/107-glass-door-handle-2.webp,manual,edge is not uniformly white or transparent,other / uncertain,none,1.9,0.0,,,,,,,,
107,107-glass-door-handle,glass-door-accessories,gallery 2,/images/products/107-glass-door-handle-3.webp,manual,edge is not uniformly white or transparent,other / uncertain,none,92.8,0.0,,,,,,,,
107,107-glass-door-handle,glass-door-accessories,gallery 3,/images/products/107-glass-door-handle-4.webp,measured,,white,none,98.5,0.0,49.6,95.7,47.5,7.2,98.0,0.2,10,
1073D MB,1073d-mb-night-latch-and-rim-lock,night-latches-rim-locks,hero,/images/products/1073d-mb-night-latch-and-rim-lock.webp,measured,,white,none,99.7,0.0,92.6,51.2,47.4,35.4,78.1,3.7,2,touches canvas edge
1073D MB,1073d-mb-night-latch-and-rim-lock,night-latches-rim-locks,gallery 1,/images/products/1073d-mb-night-latch-and-rim-lock-2.webp,measured,,white,edge-matched-clone,99.8,0.0,94.9,56.6,53.8,29.8,82.8,1.8,1,
1073D MB,1073d-mb-night-latch-and-rim-lock,night-latches-rim-locks,gallery 2,/images/products/1073d-mb-night-latch-and-rim-lock-3.webp,measured,,white,edge-matched-clone,99.7,0.0,90.6,79.7,72.2,30.8,97.3,2.3,16,
1073D MB,1073d-mb-night-latch-and-rim-lock,night-latches-rim-locks,gallery 3,/images/products/1073d-mb-night-latch-and-rim-lock-4.webp,measured,,white,edge-matched-clone,100.0,0.0,85.9,43.4,37.3,33.1,73.4,2.0,2,high visual baseline
1073D MB,1073d-mb-night-latch-and-rim-lock,night-latches-rim-locks,gallery 4,/images/products/1073d-mb-night-latch-and-rim-lock-5.webp,manual,edge is not uniformly white or transparent,other / uncertain,boundary-fill,4.3,0.0,,,,,,,,
1073D MB,1073d-mb-night-latch-and-rim-lock,night-latches-rim-locks,gallery 5,/images/products/1073d-mb-night-latch-and-rim-lock-6.webp,measured,,white,none,100.0,0.0,87.1,87.9,76.6,7.9,91.0,-0.2,13,
1073D,1073d-night-latch-and-rim-lock,night-latches-rim-locks,hero,/images/products/1073d-night-latch-and-rim-lock.webp,measured,,white,edge-matched-clone,100.0,0.0,87.9,59.0,51.8,22.6,91.4,2.5,2,
1073D,1073d-night-latch-and-rim-lock,night-latches-rim-locks,gallery 1,/images/products/1073d-night-latch-and-rim-lock-2.webp,measured,,white,edge-matched-clone,99.9,0.0,93.0,64.5,59.9,31.2,84.0,1.2,2,
1073D,1073d-night-latch-and-rim-lock,night-latches-rim-locks,gallery 2,/images/products/1073d-night-latch-and-rim-lock-3.webp,measured,,white,edge-matched-clone,100.0,0.0,91.8,73.0,67.1,30.3,90.6,1.0,8,
1073D,1073d-night-latch-and-rim-lock,night-latches-rim-locks,gallery 3,/images/products/1073d-night-latch-and-rim-lock-4.webp,measured,,white,edge-matched-clone,99.9,0.0,92.6,93.8,86.8,9.2,97.3,-0.2,13,
1073D,1073d-night-latch-and-rim-lock,night-latches-rim-locks,gallery 4,/images/products/1073d-night-latch-and-rim-lock-5.webp,manual,edge is not uniformly white or transparent,other / uncertain,edge-matched-clone,97.8,0.0,,,,,,,,
1073D,1073d-night-latch-and-rim-lock,night-latches-rim-locks,gallery 5,/images/products/1073d-night-latch-and-rim-lock-6.webp,manual,edge is not uniformly white or transparent,other / uncertain,boundary-fill,0.2,0.0,,,,,,,,
1073S,1073s-night-latch-and-rim-lock,night-latches-rim-locks,hero,/images/products/1073s-night-latch-and-rim-lock.webp,measured,,white,edge-matched-clone,98.8,0.0,95.7,45.3,43.4,22.9,76.2,-0.6,2,high visual baseline
1073S,1073s-night-latch-and-rim-lock,night-latches-rim-locks,gallery 1,/images/products/1073s-night-latch-and-rim-lock-2.webp,measured,,white,edge-matched-clone,100.0,0.0,85.2,55.9,47.6,27.6,82.4,2.7,2,
1073S,1073s-night-latch-and-rim-lock,night-latches-rim-locks,gallery 2,/images/products/1073s-night-latch-and-rim-lock-3.webp,measured,,white,edge-matched-clone,100.0,0.0,91.8,77.7,71.4,36.2,93.4,0.6,8,
1073S,1073s-night-latch-and-rim-lock,night-latches-rim-locks,gallery 3,/images/products/1073s-night-latch-and-rim-lock-4.webp,measured,,white,edge-matched-clone,99.9,0.0,92.6,93.8,86.8,8.9,97.3,-0.2,13,
1073S,1073s-night-latch-and-rim-lock,night-latches-rim-locks,gallery 4,/images/products/1073s-night-latch-and-rim-lock-5.webp,measured,,white,edge-matched-clone,100.0,0.0,88.3,62.1,54.8,27.7,80.1,0.8,2,
1073S,1073s-night-latch-and-rim-lock,night-latches-rim-locks,gallery 5,/images/products/1073s-night-latch-and-rim-lock-6.webp,manual,edge is not uniformly white or transparent,other / uncertain,boundary-fill,0.3,0.0,,,,,,,,
108,108-glass-door-handle,glass-door-accessories,hero,/images/products/108-glass-door-handle.webp,measured,,white,none,100.0,0.0,62.1,87.9,54.6,10.2,93.8,8.0,3,
108,108-glass-door-handle,glass-door-accessories,gallery 1,/images/products/108-glass-door-handle-2.webp,measured,,white,none,100.0,0.0,87.1,90.6,78.9,13.6,94.1,2.9,5,
108,108-glass-door-handle,glass-door-accessories,gallery 2,/images/products/108-glass-door-handle-3.webp,manual,edge is not uniformly white or transparent,other / uncertain,none,0.0,0.0,,,,,,,,
108,108-glass-door-handle,glass-door-accessories,gallery 3,/images/products/108-glass-door-handle-4.webp,measured,,white,none,100.0,0.0,54.3,73.4,39.9,6.1,85.5,-1.0,1,
108,108-glass-door-handle,glass-door-accessories,gallery 4,/images/products/108-glass-door-handle-5.webp,measured,,white,none,99.0,0.0,88.3,96.1,84.8,9.2,98.4,0.8,12,
108,108-glass-door-handle,glass-door-accessories,gallery 5,/images/products/108-glass-door-handle-6.webp,manual,edge is not uniformly white or transparent,other / uncertain,none,3.2,0.0,,,,,,,,
108,108-glass-door-handle,glass-door-accessories,gallery 6,/images/products/108-glass-door-handle-7.webp,manual,edge is not uniformly white or transparent,other / uncertain,none,97.5,0.0,,,,,,,,
109,109-glass-door-handle,glass-door-accessories,hero,/images/products/109-glass-door-handle.webp,measured,,white,none,100.0,0.0,18.8,89.1,16.7,8.7,94.5,0.4,1,small bounding box
109,109-glass-door-handle,glass-door-accessories,gallery 1,/images/products/109-glass-door-handle-2.webp,manual,edge is not uniformly white or transparent,other / uncertain,none,6.2,0.0,,,,,,,,
109,109-glass-door-handle,glass-door-accessories,gallery 2,/images/products/109-glass-door-handle-3.webp,measured,,white,none,98.7,0.0,93.0,96.5,89.7,12.6,98.4,0.0,14,
109,109-glass-door-handle,glass-door-accessories,gallery 3,/images/products/109-glass-door-handle-4.webp,manual,edge is not uniformly white or transparent,other / uncertain,none,4.6,0.0,,,,,,,,
109,109-glass-door-handle,glass-door-accessories,gallery 4,/images/products/109-glass-door-handle-5.webp,measured,,white,none,100.0,0.0,76.2,50.8,38.7,7.0,75.4,0.2,1,high visual baseline
110,110-lock-case,lock-cases,hero,/images/products/110-lock-case.webp,measured,,white,edge-matched-clone,99.8,0.0,38.7,94.9,36.7,18.3,97.7,4.9,1,
110,110-lock-case,lock-cases,gallery 1,/images/products/110-lock-case-2.webp,measured,,white,edge-matched-clone,100.0,0.0,30.5,89.1,27.1,16.6,97.3,0.0,1,small bounding box
110,110-lock-case,lock-cases,gallery 2,/images/products/110-lock-case-3.webp,manual,edge is not uniformly white or transparent,other / uncertain,edge-matched-clone,97.9,0.0,,,,,,,,
110,110-lock-case,lock-cases,gallery 3,/images/products/110-lock-case-4.webp,manual,edge is not uniformly white or transparent,other / uncertain,boundary-fill,0.0,0.0,,,,,,,,
110,110-lock-case,lock-cases,gallery 4,/images/products/110-lock-case-5.webp,manual,edge is not uniformly white or transparent,other / uncertain,edge-matched-clone,96.4,0.0,,,,,,,,
110,110-lock-case,lock-cases,gallery 5,/images/products/110-lock-case-6.webp,manual,edge is not uniformly white or transparent,other / uncertain,boundary-fill,0.7,0.0,,,,,,,,
110,110-lock-case,lock-cases,gallery 6,/images/products/110-lock-case-7.webp,manual,edge is not uniformly white or transparent,other / uncertain,edge-matched-clone,96.8,0.0,,,,,,,,
112,112-glass-door-handle,glass-door-accessories,hero,/images/products/112-glass-door-handle.webp,measured,,white,none,100.0,0.0,23.4,87.1,20.4,11.6,93.8,1.2,1,small bounding box
112,112-glass-door-handle,glass-door-accessories,gallery 1,/images/products/112-glass-door-handle-2.webp,manual,edge is not uniformly white or transparent,other / uncertain,none,4.7,0.0,,,,,,,,
112,112-glass-door-handle,glass-door-accessories,gallery 2,/images/products/112-glass-door-handle-3.webp,measured,,white,none,100.0,0.0,74.2,92.2,68.4,5.2,96.1,0.0,6,
1121,1121-lock-case,lock-cases,hero,/images/products/1121-lock-case.webp,measured,,white,edge-matched-clone,100.0,0.0,50.4,93.4,47.0,18.9,96.9,3.7,1,
1121,1121-lock-case,lock-cases,gallery 1,/images/products/1121-lock-case-2.webp,measured,,white,edge-matched-clone,100.0,0.0,43.8,79.3,34.7,20.0,90.6,-2.3,1,
1121,1121-lock-case,lock-cases,gallery 2,/images/products/1121-lock-case-3.webp,measured,,white,none,99.8,0.0,89.5,79.7,71.3,27.2,92.2,2.9,7,
1121,1121-lock-case,lock-cases,gallery 3,/images/products/1121-lock-case-4.webp,measured,,white,edge-matched-clone,100.0,0.0,89.5,54.7,48.9,18.9,83.2,1.8,2,
1121,1121-lock-case,lock-cases,gallery 4,/images/products/1121-lock-case-5.webp,manual,edge is not uniformly white or transparent,other / uncertain,edge-matched-clone,96.6,0.0,,,,,,,,
1121,1121-lock-case,lock-cases,gallery 5,/images/products/1121-lock-case-6.webp,measured,,white,edge-matched-clone,98.1,0.0,98.4,44.9,44.2,6.3,75.8,0.0,6,high visual baseline
1121,1121-lock-case,lock-cases,gallery 6,/images/products/1121-lock-case-7.webp,manual,edge is not uniformly white or transparent,other / uncertain,boundary-fill,5.9,0.0,,,,,,,,
1121,1121-lock-case,lock-cases,gallery 7,/images/products/1121-lock-case-8.webp,manual,edge is not uniformly white or transparent,other / uncertain,boundary-fill,97.1,0.0,,,,,,,,
140,140-lock-case,lock-cases,hero,/images/products/140-lock-case.webp,measured,,white,edge-matched-clone,98.9,0.0,33.6,97.3,32.7,12.8,98.8,7.4,1,
140,140-lock-case,lock-cases,gallery 1,/images/products/140-lock-case-2.webp,manual,edge is not uniformly white or transparent,other / uncertain,edge-matched-clone,95.7,0.0,,,,,,,,
140,140-lock-case,lock-cases,gallery 2,/images/products/140-lock-case-3.webp,measured,,white,edge-matched-clone,100.0,0.0,26.2,88.7,23.2,15.0,94.5,0.2,1,small bounding box
140,140-lock-case,lock-cases,gallery 3,/images/products/140-lock-case-4.webp,measured,,white,edge-matched-clone,99.0,0.0,96.9,66.8,64.7,22.1,88.3,0.0,8,
140,140-lock-case,lock-cases,gallery 4,/images/products/140-lock-case-5.webp,manual,edge is not uniformly white or transparent,other / uncertain,boundary-fill,0.7,0.0,,,,,,,,
140,140-lock-case,lock-cases,gallery 5,/images/products/140-lock-case-6.webp,manual,edge is not uniformly white or transparent,other / uncertain,edge-matched-clone,97.2,0.0,,,,,,,,
19-130MM,19-130mm-glass-door-handle,glass-door-accessories,hero,/images/products/19-130mm-glass-door-handle.webp,measured,,white,none,100.0,0.0,33.2,86.3,28.7,17.5,92.6,-0.2,1,small bounding box
19-130MM,19-130mm-glass-door-handle,glass-door-accessories,gallery 1,/images/products/19-130mm-glass-door-handle-2.webp,manual,edge is not uniformly white or transparent,other / uncertain,none,7.2,0.0,,,,,,,,
19-130MM,19-130mm-glass-door-handle,glass-door-accessories,gallery 2,/images/products/19-130mm-glass-door-handle-3.webp,measured,,white,none,100.0,0.0,28.9,88.7,25.6,23.2,94.9,-0.4,1,small bounding box
19-130MM,19-130mm-glass-door-handle,glass-door-accessories,gallery 3,/images/products/19-130mm-glass-door-handle-4.webp,measured,,white,none,100.0,0.0,77.7,91.8,71.4,7.5,96.1,0.6,11,
19-130MM,19-130mm-glass-door-handle,glass-door-accessories,gallery 4,/images/products/19-130mm-glass-door-handle-5.webp,measured,,white,none,100.0,0.0,27.7,91.0,25.2,20.3,95.7,2.9,1,small bounding box
200,200-indicator,hardware-accessories,hero,/images/products/200-indicator.webp,measured,,white,edge-matched-clone,100.0,0.0,87.1,64.5,56.1,21.5,84.4,1.4,5,
200,200-indicator,hardware-accessories,gallery 1,/images/products/200-indicator-2.webp,measured,,white,edge-matched-clone,99.9,0.0,93.0,61.7,57.4,20.4,86.7,0.8,9,
200,200-indicator,hardware-accessories,gallery 2,/images/products/200-indicator-3.webp,measured,,white,boundary-fill,100.0,0.0,78.1,89.5,69.9,44.6,93.4,3.5,5,
200,200-indicator,hardware-accessories,gallery 3,/images/products/200-indicator-4.webp,measured,,white,edge-matched-clone,99.7,0.0,94.5,88.7,83.8,29.5,96.9,1.2,11,
200,200-indicator,hardware-accessories,gallery 4,/images/products/200-indicator-5.webp,manual,edge is not uniformly white or transparent,other / uncertain,edge-matched-clone,0.0,0.0,,,,,,,,
200,200-indicator,hardware-accessories,gallery 5,/images/products/200-indicator-6.webp,manual,edge is not uniformly white or transparent,other / uncertain,edge-matched-clone,0.0,0.0,,,,,,,,
200,200-indicator,hardware-accessories,gallery 6,/images/products/200-indicator-7.webp,manual,edge is not uniformly white or transparent,other / uncertain,boundary-fill,14.8,0.0,,,,,,,,
200,200-indicator,hardware-accessories,gallery 7,/images/products/200-indicator-8.webp,manual,edge is not uniformly white or transparent,other / uncertain,boundary-fill,25.6,0.0,,,,,,,,
260,260-night-latch-and-rim-lock,night-latches-rim-locks,hero,/images/products/260-night-latch-and-rim-lock.webp,measured,,white,edge-matched-clone,100.0,0.0,85.9,43.4,37.3,29.3,71.1,0.0,2,high visual baseline
260,260-night-latch-and-rim-lock,night-latches-rim-locks,gallery 1,/images/products/260-night-latch-and-rim-lock-2.webp,measured,,white,edge-matched-clone,100.0,0.0,85.9,70.7,60.8,34.8,91.0,0.8,4,
260,260-night-latch-and-rim-lock,night-latches-rim-locks,gallery 2,/images/products/260-night-latch-and-rim-lock-3.webp,manual,edge is not uniformly white or transparent,other / uncertain,boundary-fill,1.8,0.0,,,,,,,,
300,300-panic-exit-device,panic-exit-devices,hero,/images/products/300-panic-exit-device.webp,measured,,white,edge-matched-clone,100.0,0.0,80.1,25.4,20.3,5.8,63.7,0.2,1,small bounding box; high visual baseline
300,300-panic-exit-device,panic-exit-devices,gallery 1,/images/products/300-panic-exit-device-2.webp,measured,,white,edge-matched-clone,100.0,0.0,82.4,36.7,30.3,8.8,70.7,-1.8,1,high visual baseline
300,300-panic-exit-device,panic-exit-devices,gallery 2,/images/products/300-panic-exit-device-3.webp,measured,,white,edge-matched-clone,100.0,0.0,77.0,60.9,46.9,9.5,77.7,-2.5,3,high visual baseline
300,300-panic-exit-device,panic-exit-devices,gallery 3,/images/products/300-panic-exit-device-4.webp,measured,,white,edge-matched-clone,100.0,0.0,74.2,61.3,45.5,20.6,85.5,0.0,2,
300,300-panic-exit-device,panic-exit-devices,gallery 4,/images/products/300-panic-exit-device-5.webp,measured,,white,edge-matched-clone,100.0,0.0,90.2,39.8,36.0,7.8,69.9,-0.2,2,high visual baseline
300,300-panic-exit-device,panic-exit-devices,gallery 5,/images/products/300-panic-exit-device-6.webp,measured,,white,edge-matched-clone,100.0,0.0,92.6,40.6,37.6,4.9,72.3,-1.0,3,high visual baseline
300,300-panic-exit-device,panic-exit-devices,gallery 6,/images/products/300-panic-exit-device-7.webp,measured,,white,edge-matched-clone,98.9,0.0,96.1,75.0,72.1,10.5,91.0,0.0,12,
300,300-panic-exit-device,panic-exit-devices,gallery 7,/images/products/300-panic-exit-device-8.webp,manual,edge is not uniformly white or transparent,other / uncertain,boundary-fill,1.8,0.0,,,,,,,,
300,300-panic-exit-device,panic-exit-devices,gallery 8,/images/products/300-panic-exit-device-9.webp,measured,,white,edge-matched-clone,99.7,0.0,94.9,34.4,32.6,4.4,67.2,0.2,1,high visual baseline
301,301-panic-exit-device,panic-exit-devices,hero,/images/products/301-panic-exit-device.webp,measured,,white,edge-matched-clone,99.4,0.0,95.7,52.3,50.1,10.3,74.2,0.2,1,high visual baseline
301,301-panic-exit-device,panic-exit-devices,gallery 1,/images/products/301-panic-exit-device-2.webp,measured,,white,edge-matched-clone,100.0,0.0,85.2,60.9,51.9,13.6,84.0,2.0,1,
301,301-panic-exit-device,panic-exit-devices,gallery 2,/images/products/301-panic-exit-device-3.webp,measured,,white,edge-matched-clone,98.9,0.0,96.1,43.0,41.3,5.8,75.8,0.0,2,high visual baseline
301,301-panic-exit-device,panic-exit-devices,gallery 3,/images/products/301-panic-exit-device-4.webp,measured,,white,edge-matched-clone,100.0,0.0,82.0,69.5,57.0,15.7,87.1,1.2,2,
301,301-panic-exit-device,panic-exit-devices,gallery 4,/images/products/301-panic-exit-device-5.webp,measured,,white,edge-matched-clone,100.0,0.0,84.8,74.6,63.2,19.6,91.4,1.4,7,
301,301-panic-exit-device,panic-exit-devices,gallery 5,/images/products/301-panic-exit-device-6.webp,measured,,white,edge-matched-clone,100.0,0.0,87.5,78.5,68.7,15.4,91.4,1.6,6,
301,301-panic-exit-device,panic-exit-devices,gallery 6,/images/products/301-panic-exit-device-7.webp,manual,edge is not uniformly white or transparent,other / uncertain,boundary-fill,0.0,0.0,,,,,,,,
302,302-panic-exit-device,panic-exit-devices,hero,/images/products/302-panic-exit-device.webp,measured,,white,edge-matched-clone,100.0,0.0,90.6,68.0,61.6,6.0,91.0,1.2,1,
302,302-panic-exit-device,panic-exit-devices,gallery 1,/images/products/302-panic-exit-device-2.webp,measured,,white,edge-matched-clone,99.0,0.0,96.1,34.0,32.7,10.3,72.3,0.0,5,high visual baseline
302,302-panic-exit-device,panic-exit-devices,gallery 2,/images/products/302-panic-exit-device-3.webp,measured,,white,edge-matched-clone,100.0,0.0,82.4,64.1,52.8,19.6,86.3,-1.0,2,
302,302-panic-exit-device,panic-exit-devices,gallery 3,/images/products/302-panic-exit-device-4.webp,measured,,white,edge-matched-clone,100.0,0.0,85.2,74.2,63.2,24.5,88.7,-3.5,2,
302,302-panic-exit-device,panic-exit-devices,gallery 4,/images/products/302-panic-exit-device-5.webp,manual,edge is not uniformly white or transparent,other / uncertain,none,0.0,0.0,,,,,,,,
302,302-panic-exit-device,panic-exit-devices,gallery 5,/images/products/302-panic-exit-device-6.webp,manual,edge is not uniformly white or transparent,other / uncertain,boundary-fill,0.2,0.0,,,,,,,,
302,302-panic-exit-device,panic-exit-devices,gallery 6,/images/products/302-panic-exit-device-7.webp,measured,,white,edge-matched-clone,100.0,0.0,87.9,56.3,49.4,12.1,79.7,0.2,10,
303,303-panic-exit-device,panic-exit-devices,hero,/images/products/303-panic-exit-device.webp,measured,,white,edge-matched-clone,100.0,0.0,89.1,50.4,44.9,9.7,72.7,2.7,1,high visual baseline
303,303-panic-exit-device,panic-exit-devices,gallery 1,/images/products/303-panic-exit-device-2.webp,measured,,white,edge-matched-clone,99.5,0.0,95.7,49.2,47.1,13.2,74.2,0.2,7,high visual baseline
303,303-panic-exit-device,panic-exit-devices,gallery 2,/images/products/303-panic-exit-device-3.webp,measured,,white,edge-matched-clone,100.0,0.0,80.9,62.9,50.9,12.9,85.5,1.4,1,
303,303-panic-exit-device,panic-exit-devices,gallery 3,/images/products/303-panic-exit-device-4.webp,measured,,white,edge-matched-clone,99.9,0.0,94.1,51.6,48.5,11.1,75.8,0.2,1,high visual baseline
303,303-panic-exit-device,panic-exit-devices,gallery 4,/images/products/303-panic-exit-device-5.webp,manual,edge is not uniformly white or transparent,other / uncertain,boundary-fill,0.0,0.0,,,,,,,,
305,305-fire-door-panic-exit-device,panic-exit-devices,hero,/images/products/305-fire-door-panic-exit-device.webp,measured,,white,edge-matched-clone,100.0,0.0,89.5,57.4,51.4,17.6,80.1,-1.4,1,
305,305-fire-door-panic-exit-device,panic-exit-devices,gallery 1,/images/products/305-fire-door-panic-exit-device-2.webp,measured,,white,edge-matched-clone,100.0,0.0,87.9,50.8,44.6,13.0,73.4,-0.2,1,high visual baseline
305,305-fire-door-panic-exit-device,panic-exit-devices,gallery 2,/images/products/305-fire-door-panic-exit-device-3.webp,measured,,white,edge-matched-clone,100.0,0.0,84.0,72.7,61.0,23.4,89.8,1.0,7,
305,305-fire-door-panic-exit-device,panic-exit-devices,gallery 3,/images/products/305-fire-door-panic-exit-device-4.webp,manual,known logo exclusion may touch product,white,boundary-fill,99.7,0.0,,,,,,,,
305,305-fire-door-panic-exit-device,panic-exit-devices,gallery 4,/images/products/305-fire-door-panic-exit-device-5.webp,measured,,white,edge-matched-clone,100.0,0.0,87.5,35.9,31.4,2.8,67.6,-1.6,3,high visual baseline
305,305-fire-door-panic-exit-device,panic-exit-devices,gallery 5,/images/products/305-fire-door-panic-exit-device-6.webp,manual,edge is not uniformly white or transparent,other / uncertain,none,33.7,0.0,,,,,,,,
305,305-fire-door-panic-exit-device,panic-exit-devices,gallery 6,/images/products/305-fire-door-panic-exit-device-7.webp,manual,edge is not uniformly white or transparent,other / uncertain,none,1.3,0.0,,,,,,,,
305,305-fire-door-panic-exit-device,panic-exit-devices,gallery 7,/images/products/305-fire-door-panic-exit-device-8.webp,manual,edge is not uniformly white or transparent,other / uncertain,boundary-fill,0.0,0.0,,,,,,,,
306-D,306-d-panic-exit-device,panic-exit-devices,hero,/images/products/306-d-panic-exit-device.webp,manual,possible separate corner logo or label,white,none,100.0,0.0,,,,,,,,
306-D,306-d-panic-exit-device,panic-exit-devices,gallery 1,/images/products/306-d-panic-exit-device-2.webp,manual,possible separate corner logo or label,white,none,98.0,0.0,,,,,,,,
306-D,306-d-panic-exit-device,panic-exit-devices,gallery 2,/images/products/306-d-panic-exit-device-3.webp,manual,possible separate corner logo or label,white,none,99.8,0.0,,,,,,,,
306-D,306-d-panic-exit-device,panic-exit-devices,gallery 3,/images/products/306-d-panic-exit-device-4.webp,manual,possible separate corner logo or label,white,none,99.5,0.0,,,,,,,,
306-D,306-d-panic-exit-device,panic-exit-devices,gallery 4,/images/products/306-d-panic-exit-device-5.webp,manual,possible separate corner logo or label,white,none,99.4,0.0,,,,,,,,
306-D,306-d-panic-exit-device,panic-exit-devices,gallery 5,/images/products/306-d-panic-exit-device-6.webp,manual,edge is not uniformly white or transparent,other / uncertain,none,0.0,0.0,,,,,,,,
306-D,306-d-panic-exit-device,panic-exit-devices,gallery 6,/images/products/306-d-panic-exit-device-7.webp,manual,edge is not uniformly white or transparent,other / uncertain,none,0.0,0.0,,,,,,,,
306-D,306-d-panic-exit-device,panic-exit-devices,gallery 7,/images/products/306-d-panic-exit-device-8.webp,manual,edge is not uniformly white or transparent,other / uncertain,none,36.0,0.0,,,,,,,,
306-D,306-d-panic-exit-device,panic-exit-devices,gallery 8,/images/products/306-d-panic-exit-device-9.webp,manual,possible separate corner logo or label,white,none,99.5,0.0,,,,,,,,
306 PS,306-ps-panic-exit-device,panic-exit-devices,hero,/images/products/306-ps-panic-exit-device.webp,manual,possible separate corner logo or label,white,none,100.0,0.0,,,,,,,,
306 PS,306-ps-panic-exit-device,panic-exit-devices,gallery 1,/images/products/306-ps-panic-exit-device-2.webp,manual,possible separate corner logo or label,white,none,100.0,0.0,,,,,,,,
306 PS,306-ps-panic-exit-device,panic-exit-devices,gallery 2,/images/products/306-ps-panic-exit-device-3.webp,manual,possible separate corner logo or label,white,none,99.2,0.0,,,,,,,,
306 PS,306-ps-panic-exit-device,panic-exit-devices,gallery 3,/images/products/306-ps-panic-exit-device-4.webp,manual,possible separate corner logo or label,white,none,100.0,0.0,,,,,,,,
306 PS,306-ps-panic-exit-device,panic-exit-devices,gallery 4,/images/products/306-ps-panic-exit-device-5.webp,manual,possible separate corner logo or label,white,none,98.4,0.0,,,,,,,,
306 PS,306-ps-panic-exit-device,panic-exit-devices,gallery 5,/images/products/306-ps-panic-exit-device-6.webp,manual,edge is not uniformly white or transparent,other / uncertain,none,0.0,0.0,,,,,,,,
306 PS,306-ps-panic-exit-device,panic-exit-devices,gallery 6,/images/products/306-ps-panic-exit-device-7.webp,manual,possible separate corner logo or label,white,none,100.0,0.0,,,,,,,,
306 PS,306-ps-panic-exit-device,panic-exit-devices,gallery 7,/images/products/306-ps-panic-exit-device-8.webp,manual,possible separate corner logo or label,white,none,99.6,0.0,,,,,,,,
306 PS,306-ps-panic-exit-device,panic-exit-devices,gallery 8,/images/products/306-ps-panic-exit-device-9.webp,manual,edge is not uniformly white or transparent,other / uncertain,none,10.7,0.0,,,,,,,,
306-S,306-s-panic-exit-device,panic-exit-devices,hero,/images/products/306-s-panic-exit-device.webp,manual,possible separate corner logo or label,white,none,100.0,0.0,,,,,,,,
306-S,306-s-panic-exit-device,panic-exit-devices,gallery 1,/images/products/306-s-panic-exit-device-2.webp,manual,possible separate corner logo or label,white,none,100.0,0.0,,,,,,,,
306-S,306-s-panic-exit-device,panic-exit-devices,gallery 2,/images/products/306-s-panic-exit-device-3.webp,manual,possible separate corner logo or label,white,none,98.5,0.0,,,,,,,,
306-S,306-s-panic-exit-device,panic-exit-devices,gallery 3,/images/products/306-s-panic-exit-device-4.webp,manual,possible separate corner logo or label,white,none,100.0,0.0,,,,,,,,
306-S,306-s-panic-exit-device,panic-exit-devices,gallery 4,/images/products/306-s-panic-exit-device-5.webp,manual,possible separate corner logo or label,white,none,99.5,0.0,,,,,,,,
306-S,306-s-panic-exit-device,panic-exit-devices,gallery 5,/images/products/306-s-panic-exit-device-6.webp,manual,edge is not uniformly white or transparent,other / uncertain,none,1.9,0.0,,,,,,,,
306-S,306-s-panic-exit-device,panic-exit-devices,gallery 6,/images/products/306-s-panic-exit-device-7.webp,manual,edge is not uniformly white or transparent,other / uncertain,none,4.0,0.0,,,,,,,,
307,307-panic-exit-device,panic-exit-devices,hero,/images/products/307-panic-exit-device.webp,manual,edge is not uniformly white or transparent,other / uncertain,edge-matched-clone,95.8,0.0,,,,,,,,
307,307-panic-exit-device,panic-exit-devices,gallery 1,/images/products/307-panic-exit-device-2.webp,measured,,white,edge-matched-clone,99.3,0.0,93.0,35.2,32.7,11.1,73.4,0.4,1,high visual baseline
307,307-panic-exit-device,panic-exit-devices,gallery 2,/images/products/307-panic-exit-device-3.webp,measured,,white,edge-matched-clone,100.0,0.0,80.9,57.4,46.4,19.0,82.0,0.6,1,
307,307-panic-exit-device,panic-exit-devices,gallery 3,/images/products/307-panic-exit-device-4.webp,manual,known logo exclusion may touch product,white,boundary-fill,100.0,0.0,,,,,,,,
307,307-panic-exit-device,panic-exit-devices,gallery 4,/images/products/307-panic-exit-device-5.webp,measured,,white,edge-matched-clone,100.0,0.0,91.0,69.1,62.9,12.0,89.1,-1.0,1,
307,307-panic-exit-device,panic-exit-devices,gallery 5,/images/products/307-panic-exit-device-6.webp,manual,known logo exclusion may touch product,white,edge-matched-clone,100.0,0.0,,,,,,,,
307,307-panic-exit-device,panic-exit-devices,gallery 6,/images/products/307-panic-exit-device-7.webp,manual,edge is not uniformly white or transparent,other / uncertain,boundary-fill,0.0,0.0,,,,,,,,
307,307-panic-exit-device,panic-exit-devices,gallery 7,/images/products/307-panic-exit-device-8.webp,measured,,white,none,100.0,0.0,90.6,85.2,77.2,23.4,92.2,0.4,9,
307,307-panic-exit-device,panic-exit-devices,gallery 8,/images/products/307-panic-exit-device-9.webp,manual,edge is not uniformly white or transparent,other / uncertain,edge-matched-clone,97.4,0.0,,,,,,,,
307,307-panic-exit-device,panic-exit-devices,gallery 9,/images/products/307-panic-exit-device-10.webp,measured,,white,edge-matched-clone,99.8,0.0,92.6,66.0,61.1,8.3,87.5,2.1,4,
308-D,308-d-d-panic-exit-device,panic-exit-devices,hero,/images/products/308-d-d-panic-exit-device.webp,measured,,white,edge-matched-clone,100.0,0.0,43.8,85.5,37.4,2.2,93.8,6.6,1,
308-D,308-d-d-panic-exit-device,panic-exit-devices,gallery 1,/images/products/308-d-d-panic-exit-device-2.webp,measured,,white,edge-matched-clone,99.7,0.0,95.7,52.3,50.1,2.0,77.0,-0.6,1,high visual baseline
308-D,308-d-d-panic-exit-device,panic-exit-devices,gallery 2,/images/products/308-d-d-panic-exit-device-3.webp,measured,,white,edge-matched-clone,99.3,0.0,39.1,95.7,37.4,3.1,98.0,-5.5,1,
308-D,308-d-d-panic-exit-device,panic-exit-devices,gallery 3,/images/products/308-d-d-panic-exit-device-4.webp,manual,edge is not uniformly white or transparent,other / uncertain,none,0.0,0.0,,,,,,,,
308,308-panic-exit-device,panic-exit-devices,hero,/images/products/308-panic-exit-device.webp,measured,,white,edge-matched-clone,99.9,0.0,92.6,44.1,40.9,12.6,72.7,1.0,1,high visual baseline
308,308-panic-exit-device,panic-exit-devices,gallery 1,/images/products/308-panic-exit-device-2.webp,measured,,white,edge-matched-clone,98.8,0.0,87.1,97.3,84.7,4.5,99.2,0.6,2,
308,308-panic-exit-device,panic-exit-devices,gallery 2,/images/products/308-panic-exit-device-3.webp,manual,edge is not uniformly white or transparent,other / uncertain,edge-matched-clone,48.8,0.0,,,,,,,,
308,308-panic-exit-device,panic-exit-devices,gallery 3,/images/products/308-panic-exit-device-4.webp,manual,edge is not uniformly white or transparent,other / uncertain,edge-matched-clone,87.0,0.0,,,,,,,,
308,308-panic-exit-device,panic-exit-devices,gallery 4,/images/products/308-panic-exit-device-5.webp,measured,,white,edge-matched-clone,99.0,0.0,94.1,53.5,50.4,4.4,82.0,-0.2,8,
308,308-panic-exit-device,panic-exit-devices,gallery 5,/images/products/308-panic-exit-device-6.webp,manual,edge is not uniformly white or transparent,other / uncertain,edge-matched-clone,0.0,0.0,,,,,,,,
308,308-panic-exit-device,panic-exit-devices,gallery 6,/images/products/308-panic-exit-device-7.webp,manual,edge is not uniformly white or transparent,other / uncertain,boundary-fill,0.4,0.0,,,,,,,,
308-S,308-s-s-panic-exit-device,panic-exit-devices,hero,/images/products/308-s-s-panic-exit-device.webp,measured,,white,edge-matched-clone,100.0,0.0,85.5,54.3,46.4,11.6,81.6,1.0,6,
308-S,308-s-s-panic-exit-device,panic-exit-devices,gallery 1,/images/products/308-s-s-panic-exit-device-2.webp,measured,,white,edge-matched-clone,99.9,0.0,91.0,35.2,32.0,6.5,68.4,1.8,1,high visual baseline
308-S,308-s-s-panic-exit-device,panic-exit-devices,gallery 2,/images/products/308-s-s-panic-exit-device-3.webp,measured,,white,edge-matched-clone,100.0,0.0,81.3,34.4,27.9,10.2,68.0,-0.4,1,small bounding box; high visual baseline
308-S,308-s-s-panic-exit-device,panic-exit-devices,gallery 3,/images/products/308-s-s-panic-exit-device-4.webp,manual,edge is not uniformly white or transparent,other / uncertain,none,0.0,0.0,,,,,,,,
309-D,309-d-double-door-panic-exit-device,panic-exit-devices,hero,/images/products/309-d-double-door-panic-exit-device.webp,measured,,white,edge-matched-clone,99.9,0.0,46.9,94.5,44.3,2.9,97.3,12.1,1,off-center
309-D,309-d-double-door-panic-exit-device,panic-exit-devices,gallery 1,/images/products/309-d-double-door-panic-exit-device-2.webp,measured,,white,edge-matched-clone,100.0,0.0,28.9,91.8,26.5,2.7,95.3,8.2,1,small bounding box
309-D,309-d-double-door-panic-exit-device,panic-exit-devices,gallery 2,/images/products/309-d-double-door-panic-exit-device-3.webp,measured,,white,edge-matched-clone,99.4,0.0,97.3,51.6,50.2,10.6,78.5,-0.6,10,
309-D,309-d-double-door-panic-exit-device,panic-exit-devices,gallery 3,/images/products/309-d-double-door-panic-exit-device-4.webp,measured,,white,boundary-fill,100.0,0.0,75.4,75.4,56.8,24.6,86.3,1.0,2,
309-D,309-d-double-door-panic-exit-device,panic-exit-devices,gallery 4,/images/products/309-d-double-door-panic-exit-device-5.webp,manual,edge is not uniformly white or transparent,other / uncertain,none,96.7,0.0,,,,,,,,
309-D,309-d-double-door-panic-exit-device,panic-exit-devices,gallery 5,/images/products/309-d-double-door-panic-exit-device-6.webp,manual,edge is not uniformly white or transparent,other / uncertain,none,0.6,0.0,,,,,,,,
309-D,309-d-double-door-panic-exit-device,panic-exit-devices,gallery 6,/images/products/309-d-double-door-panic-exit-device-7.webp,manual,edge is not uniformly white or transparent,other / uncertain,boundary-fill,0.0,0.0,,,,,,,,
309-S,309-s-s-panic-exit-device,panic-exit-devices,hero,/images/products/309-s-s-panic-exit-device.webp,measured,,white,edge-matched-clone,100.0,0.0,92.6,37.1,34.4,12.1,66.0,-0.2,1,high visual baseline
309-S,309-s-s-panic-exit-device,panic-exit-devices,gallery 1,/images/products/309-s-s-panic-exit-device-2.webp,manual,edge is not uniformly white or transparent,other / uncertain,none,95.4,0.0,,,,,,,,
309-S,309-s-s-panic-exit-device,panic-exit-devices,gallery 2,/images/products/309-s-s-panic-exit-device-3.webp,measured,,white,edge-matched-clone,100.0,0.0,90.6,68.4,62.0,12.8,82.4,1.6,1,
309-S,309-s-s-panic-exit-device,panic-exit-devices,gallery 3,/images/products/309-s-s-panic-exit-device-4.webp,measured,,white,edge-matched-clone,99.7,0.0,93.8,56.3,52.7,5.7,80.9,0.8,1,
309-S,309-s-s-panic-exit-device,panic-exit-devices,gallery 4,/images/products/309-s-s-panic-exit-device-5.webp,measured,,white,edge-matched-clone,99.6,0.0,67.2,92.2,61.9,17.8,98.0,-4.3,10,
309-S,309-s-s-panic-exit-device,panic-exit-devices,gallery 5,/images/products/309-s-s-panic-exit-device-6.webp,manual,edge is not uniformly white or transparent,other / uncertain,boundary-fill,0.6,0.0,,,,,,,,
310,310-panic-exit-device,panic-exit-devices,hero,/images/products/310-panic-exit-device.webp,measured,,white,edge-matched-clone,100.0,0.0,82.0,25.0,20.5,6.1,62.5,1.2,1,small bounding box; high visual baseline
310,310-panic-exit-device,panic-exit-devices,gallery 1,/images/products/310-panic-exit-device-2.webp,measured,,white,edge-matched-clone,100.0,0.0,76.6,62.9,48.2,10.2,78.1,-0.8,3,
310,310-panic-exit-device,panic-exit-devices,gallery 2,/images/products/310-panic-exit-device-3.webp,measured,,white,edge-matched-clone,100.0,0.0,46.9,67.2,31.5,19.7,83.6,0.0,2,
310,310-panic-exit-device,panic-exit-devices,gallery 3,/images/products/310-panic-exit-device-4.webp,measured,,white,edge-matched-clone,100.0,0.0,90.2,39.8,36.0,7.8,69.9,-0.2,2,high visual baseline
310,310-panic-exit-device,panic-exit-devices,gallery 4,/images/products/310-panic-exit-device-5.webp,measured,,white,edge-matched-clone,100.0,0.0,93.8,73.0,68.5,9.5,89.8,0.0,13,
310,310-panic-exit-device,panic-exit-devices,gallery 5,/images/products/310-panic-exit-device-6.webp,manual,edge is not uniformly white or transparent,other / uncertain,boundary-fill,0.0,0.0,,,,,,,,
310,310-panic-exit-device,panic-exit-devices,gallery 6,/images/products/310-panic-exit-device-7.webp,manual,edge is not uniformly white or transparent,other / uncertain,boundary-fill,0.0,0.0,,,,,,,,
310,310-panic-exit-device,panic-exit-devices,gallery 7,/images/products/310-panic-exit-device-8.webp,manual,edge is not uniformly white or transparent,other / uncertain,boundary-fill,0.0,0.0,,,,,,,,
310,310-panic-exit-device,panic-exit-devices,gallery 8,/images/products/310-panic-exit-device-9.webp,manual,edge is not uniformly white or transparent,other / uncertain,boundary-fill,0.0,0.0,,,,,,,,
311,311-panic-exit-device,panic-exit-devices,hero,/images/products/311-panic-exit-device.webp,measured,,white,edge-matched-clone,100.0,0.0,82.4,53.5,44.1,10.9,78.9,-2.1,1,
311,311-panic-exit-device,panic-exit-devices,gallery 1,/images/products/311-panic-exit-device-2.webp,measured,,white,edge-matched-clone,100.0,0.0,91.8,74.6,68.5,13.7,92.2,0.6,6,
311,311-panic-exit-device,panic-exit-devices,gallery 2,/images/products/311-panic-exit-device-3.webp,measured,,white,edge-matched-clone,99.3,0.0,95.3,35.2,33.5,7.6,67.6,0.0,1,high visual baseline
311,311-panic-exit-device,panic-exit-devices,gallery 3,/images/products/311-panic-exit-device-4.webp,measured,,white,edge-matched-clone,99.7,0.0,87.5,93.4,81.7,15.8,100.0,-3.5,15,touches canvas edge
311,311-panic-exit-device,panic-exit-devices,gallery 4,/images/products/311-panic-exit-device-5.webp,measured,,white,edge-matched-clone,98.9,0.0,94.1,65.2,61.4,7.6,85.5,0.6,4,
311,311-panic-exit-device,panic-exit-devices,gallery 5,/images/products/311-panic-exit-device-6.webp,measured,,white,edge-matched-clone,100.0,0.0,89.1,55.1,49.1,13.4,80.5,-1.2,4,
311,311-panic-exit-device,panic-exit-devices,gallery 6,/images/products/311-panic-exit-device-7.webp,manual,edge is not uniformly white or transparent,other / uncertain,boundary-fill,0.9,0.0,,,,,,,,
311,311-panic-exit-device,panic-exit-devices,gallery 7,/images/products/311-panic-exit-device-8.webp,measured,,white,edge-matched-clone,100.0,0.0,67.6,75.0,50.7,21.7,92.2,1.8,1,
311,311-panic-exit-device,panic-exit-devices,gallery 8,/images/products/311-panic-exit-device-9.webp,manual,edge is not uniformly white or transparent,other / uncertain,boundary-fill,0.0,0.0,,,,,,,,
311,311-panic-exit-device,panic-exit-devices,gallery 9,/images/products/311-panic-exit-device-10.webp,measured,,white,none,98.2,0.0,83.2,92.6,77.0,25.6,98.8,1.4,10,
312,312-panic-exit-device,panic-exit-devices,hero,/images/products/312-panic-exit-device.webp,measured,,white,edge-matched-clone,100.0,0.0,87.9,72.3,63.5,19.3,90.2,1.4,1,
312,312-panic-exit-device,panic-exit-devices,gallery 1,/images/products/312-panic-exit-device-2.webp,measured,,white,edge-matched-clone,100.0,0.0,82.4,51.2,42.2,10.1,80.1,1.8,1,
312,312-panic-exit-device,panic-exit-devices,gallery 2,/images/products/312-panic-exit-device-3.webp,measured,,white,edge-matched-clone,100.0,0.0,73.8,58.6,43.3,24.4,79.3,1.4,2,
312,312-panic-exit-device,panic-exit-devices,gallery 3,/images/products/312-panic-exit-device-4.webp,measured,,white,edge-matched-clone,100.0,0.0,85.9,38.3,32.9,8.4,69.1,0.0,1,high visual baseline
312,312-panic-exit-device,panic-exit-devices,gallery 4,/images/products/312-panic-exit-device-5.webp,manual,edge is not uniformly white or transparent,other / uncertain,none,0.0,0.0,,,,,,,,
312,312-panic-exit-device,panic-exit-devices,gallery 5,/images/products/312-panic-exit-device-6.webp,manual,edge is not uniformly white or transparent,other / uncertain,none,0.0,0.0,,,,,,,,
312,312-panic-exit-device,panic-exit-devices,gallery 6,/images/products/312-panic-exit-device-7.webp,manual,edge is not uniformly white or transparent,other / uncertain,boundary-fill,24.0,0.0,,,,,,,,
313,313-panic-exit-device,panic-exit-devices,hero,/images/products/313-panic-exit-device.webp,measured,,white,edge-matched-clone,100.0,0.0,88.7,63.7,56.5,15.2,83.6,-0.2,1,
313,313-panic-exit-device,panic-exit-devices,gallery 1,/images/products/313-panic-exit-device-2.webp,manual,edge is not uniformly white or transparent,other / uncertain,none,0.0,0.0,,,,,,,,
313,313-panic-exit-device,panic-exit-devices,gallery 2,/images/products/313-panic-exit-device-3.webp,measured,,white,edge-matched-clone,100.0,0.0,93.4,27.7,25.9,6.2,64.1,-0.2,1,small bounding box; high visual baseline
313,313-panic-exit-device,panic-exit-devices,gallery 3,/images/products/313-panic-exit-device-4.webp,manual,edge is not uniformly white or transparent,other / uncertain,edge-matched-clone,97.1,0.0,,,,,,,,
313,313-panic-exit-device,panic-exit-devices,gallery 4,/images/products/313-panic-exit-device-5.webp,measured,,white,boundary-fill,98.4,0.0,95.7,91.0,87.1,30.9,100.0,-0.2,6,touches canvas edge
313,313-panic-exit-device,panic-exit-devices,gallery 5,/images/products/313-panic-exit-device-6.webp,measured,,white,edge-matched-clone,99.5,0.0,94.1,61.3,57.7,19.7,82.0,1.0,2,
313,313-panic-exit-device,panic-exit-devices,gallery 6,/images/products/313-panic-exit-device-7.webp,measured,,white,edge-matched-clone,98.0,0.0,96.5,37.1,35.8,10.3,68.8,0.6,1,high visual baseline
313,313-panic-exit-device,panic-exit-devices,gallery 7,/images/products/313-panic-exit-device-8.webp,manual,edge is not uniformly white or transparent,other / uncertain,boundary-fill,0.0,0.0,,,,,,,,
314,314-alarm-panic-bar-exit-device,panic-exit-devices,hero,/images/products/314-alarm-panic-bar-exit-device.webp,measured,,white,edge-matched-clone,100.0,0.0,93.0,57.8,53.7,10.8,83.6,0.0,1,
314,314-alarm-panic-bar-exit-device,panic-exit-devices,gallery 1,/images/products/314-alarm-panic-bar-exit-device-2.webp,measured,,white,edge-matched-clone,98.6,0.0,98.0,58.6,57.4,17.4,79.3,0.2,13,
314,314-alarm-panic-bar-exit-device,panic-exit-devices,gallery 2,/images/products/314-alarm-panic-bar-exit-device-3.webp,measured,,white,edge-matched-clone,99.7,0.0,94.5,22.7,21.4,8.1,65.6,0.4,1,small bounding box; high visual baseline
314,314-alarm-panic-bar-exit-device,panic-exit-devices,gallery 3,/images/products/314-alarm-panic-bar-exit-device-4.webp,manual,edge is not uniformly white or transparent,other / uncertain,none,85.5,0.0,,,,,,,,
314,314-alarm-panic-bar-exit-device,panic-exit-devices,gallery 4,/images/products/314-alarm-panic-bar-exit-device-5.webp,manual,edge is not uniformly white or transparent,other / uncertain,boundary-fill,43.0,0.0,,,,,,,,
314,314-alarm-panic-bar-exit-device,panic-exit-devices,gallery 5,/images/products/314-alarm-panic-bar-exit-device-6.webp,manual,edge is not uniformly white or transparent,other / uncertain,none,78.8,0.0,,,,,,,,
314,314-alarm-panic-bar-exit-device,panic-exit-devices,gallery 6,/images/products/314-alarm-panic-bar-exit-device-7.webp,manual,edge is not uniformly white or transparent,other / uncertain,boundary-fill,0.5,0.0,,,,,,,,
315,315-pry-latch,panic-exit-devices,hero,/images/products/315-pry-latch.webp,measured,,white,edge-matched-clone,100.0,0.0,93.8,57.8,54.2,8.4,78.9,0.0,1,
315,315-pry-latch,panic-exit-devices,gallery 1,/images/products/315-pry-latch-2.webp,measured,,white,edge-matched-clone,100.0,0.0,91.4,57.0,52.1,14.6,80.1,0.0,5,
315,315-pry-latch,panic-exit-devices,gallery 2,/images/products/315-pry-latch-3.webp,measured,,white,edge-matched-clone,100.0,0.0,78.9,83.2,65.7,8.0,94.1,0.8,1,
315,315-pry-latch,panic-exit-devices,gallery 3,/images/products/315-pry-latch-4.webp,manual,edge is not uniformly white or transparent,other / uncertain,none,84.6,0.0,,,,,,,,
315,315-pry-latch,panic-exit-devices,gallery 4,/images/products/315-pry-latch-5.webp,manual,edge is not uniformly white or transparent,other / uncertain,none,52.1,0.0,,,,,,,,
315,315-pry-latch,panic-exit-devices,gallery 5,/images/products/315-pry-latch-6.webp,manual,edge is not uniformly white or transparent,other / uncertain,none,66.9,0.0,,,,,,,,
315,315-pry-latch,panic-exit-devices,gallery 6,/images/products/315-pry-latch-7.webp,manual,edge is not uniformly white or transparent,other / uncertain,none,5.9,0.0,,,,,,,,
315,315-pry-latch,panic-exit-devices,gallery 7,/images/products/315-pry-latch-8.webp,manual,edge is not uniformly white or transparent,other / uncertain,boundary-fill,0.0,0.0,,,,,,,,
316-D,316-d-panic-exit-device,panic-exit-devices,hero,/images/products/316-d-panic-exit-device.webp,measured,,white,edge-matched-clone,100.0,0.0,46.1,92.2,42.5,7.9,96.1,4.3,1,
316-D,316-d-panic-exit-device,panic-exit-devices,gallery 1,/images/products/316-d-panic-exit-device-2.webp,measured,,white,boundary-fill,99.3,0.0,96.9,72.7,70.4,24.1,91.4,0.0,10,
316-D,316-d-panic-exit-device,panic-exit-devices,gallery 2,/images/products/316-d-panic-exit-device-3.webp,measured,,white,edge-matched-clone,100.0,0.0,88.3,77.0,67.9,31.8,96.9,0.0,3,
316-D,316-d-panic-exit-device,panic-exit-devices,gallery 3,/images/products/316-d-panic-exit-device-4.webp,measured,,white,edge-matched-clone,100.0,0.0,76.2,64.8,49.4,37.2,89.5,2.5,2,
316-D,316-d-panic-exit-device,panic-exit-devices,gallery 4,/images/products/316-d-panic-exit-device-5.webp,measured,,white,edge-matched-clone,98.8,0.0,96.5,60.2,58.0,8.6,84.8,-0.2,1,
316-D,316-d-panic-exit-device,panic-exit-devices,gallery 5,/images/products/316-d-panic-exit-device-6.webp,manual,edge is not uniformly white or transparent,other / uncertain,boundary-fill,0.0,0.0,,,,,,,,
316-D,316-d-panic-exit-device,panic-exit-devices,gallery 6,/images/products/316-d-panic-exit-device-7.webp,manual,edge is not uniformly white or transparent,other / uncertain,none,83.7,0.0,,,,,,,,
316-D,316-d-panic-exit-device,panic-exit-devices,gallery 7,/images/products/316-d-panic-exit-device-8.webp,manual,edge is not uniformly white or transparent,other / uncertain,none,29.0,0.0,,,,,,,,
316-S,316-s-panic-exit-device,panic-exit-devices,hero,/images/products/316-s-panic-exit-device.webp,measured,,white,edge-matched-clone,100.0,0.0,75.8,55.5,42.0,17.9,81.6,3.5,1,
316-S,316-s-panic-exit-device,panic-exit-devices,gallery 1,/images/products/316-s-panic-exit-device-2.webp,manual,edge is not uniformly white or transparent,other / uncertain,edge-matched-clone,97.5,0.0,,,,,,,,
316-S,316-s-panic-exit-device,panic-exit-devices,gallery 2,/images/products/316-s-panic-exit-device-3.webp,measured,,white,edge-matched-clone,100.0,0.0,88.7,65.6,58.2,21.1,87.5,1.4,1,
316-S,316-s-panic-exit-device,panic-exit-devices,gallery 3,/images/products/316-s-panic-exit-device-4.webp,measured,,white,edge-matched-clone,100.0,0.0,91.8,28.5,26.2,11.1,70.3,0.2,1,small bounding box; high visual baseline
316-S,316-s-panic-exit-device,panic-exit-devices,gallery 4,/images/products/316-s-panic-exit-device-5.webp,measured,,white,edge-matched-clone,99.6,0.0,95.7,69.5,66.5,21.7,91.0,0.6,5,
316-S,316-s-panic-exit-device,panic-exit-devices,gallery 5,/images/products/316-s-panic-exit-device-6.webp,measured,,white,edge-matched-clone,99.6,0.0,94.9,68.0,64.5,15.3,90.6,0.2,1,
316-S,316-s-panic-exit-device,panic-exit-devices,gallery 6,/images/products/316-s-panic-exit-device-7.webp,manual,edge is not uniformly white or transparent,other / uncertain,boundary-fill,5.4,0.0,,,,,,,,
316-S,316-s-panic-exit-device,panic-exit-devices,gallery 7,/images/products/316-s-panic-exit-device-8.webp,manual,edge is not uniformly white or transparent,other / uncertain,none,84.0,0.0,,,,,,,,
317,317-cold-room-push-bar-exit-device,panic-exit-devices,hero,/images/products/317-cold-room-push-bar-exit-device.webp,measured,,white,edge-matched-clone,100.0,0.0,89.1,46.9,41.7,15.1,76.2,0.0,2,high visual baseline
317,317-cold-room-push-bar-exit-device,panic-exit-devices,gallery 1,/images/products/317-cold-room-push-bar-exit-device-2.webp,measured,,white,edge-matched-clone,100.0,0.0,56.6,77.3,43.8,10.0,92.6,4.1,1,
317,317-cold-room-push-bar-exit-device,panic-exit-devices,gallery 2,/images/products/317-cold-room-push-bar-exit-device-3.webp,manual,edge is not uniformly white or transparent,other / uncertain,none,62.4,0.0,,,,,,,,
317,317-cold-room-push-bar-exit-device,panic-exit-devices,gallery 3,/images/products/317-cold-room-push-bar-exit-device-4.webp,measured,,white,edge-matched-clone,100.0,0.0,65.6,81.6,53.6,8.7,91.8,0.0,1,
317,317-cold-room-push-bar-exit-device,panic-exit-devices,gallery 4,/images/products/317-cold-room-push-bar-exit-device-5.webp,manual,edge is not uniformly white or transparent,other / uncertain,none,43.5,0.0,,,,,,,,
317,317-cold-room-push-bar-exit-device,panic-exit-devices,gallery 5,/images/products/317-cold-room-push-bar-exit-device-6.webp,manual,edge is not uniformly white or transparent,other / uncertain,boundary-fill,0.3,0.0,,,,,,,,
320,320-two-point-locking-exit-device,panic-exit-devices,hero,/images/products/320-two-point-locking-exit-device.webp,manual,known logo exclusion may touch product,white,boundary-fill,99.9,0.0,,,,,,,,
320,320-two-point-locking-exit-device,panic-exit-devices,gallery 1,/images/products/320-two-point-locking-exit-device-2.webp,measured,,white,edge-matched-clone,100.0,0.0,92.2,70.7,65.2,9.1,87.5,0.0,12,
320,320-two-point-locking-exit-device,panic-exit-devices,gallery 2,/images/products/320-two-point-locking-exit-device-3.webp,measured,,white,edge-matched-clone,100.0,0.0,84.8,57.0,48.3,4.0,85.9,0.2,1,
320,320-two-point-locking-exit-device,panic-exit-devices,gallery 3,/images/products/320-two-point-locking-exit-device-4.webp,measured,,white,edge-matched-clone,100.0,0.0,76.6,53.1,40.7,4.5,84.8,-0.4,1,
320,320-two-point-locking-exit-device,panic-exit-devices,gallery 4,/images/products/320-two-point-locking-exit-device-5.webp,measured,,white,edge-matched-clone,99.8,0.0,94.5,73.8,69.8,10.6,91.0,0.4,12,
320,320-two-point-locking-exit-device,panic-exit-devices,gallery 5,/images/products/320-two-point-locking-exit-device-6.webp,measured,,white,edge-matched-clone,100.0,0.0,84.8,44.1,37.4,23.9,74.6,0.2,2,high visual baseline
320,320-two-point-locking-exit-device,panic-exit-devices,gallery 6,/images/products/320-two-point-locking-exit-device-7.webp,manual,edge is not uniformly white or transparent,other / uncertain,boundary-fill,0.0,0.0,,,,,,,,
320,320-two-point-locking-exit-device,panic-exit-devices,gallery 7,/images/products/320-two-point-locking-exit-device-8.webp,manual,edge is not uniformly white or transparent,other / uncertain,boundary-fill,2.7,0.0,,,,,,,,
330,330-panic-exit-device,panic-exit-devices,hero,/images/products/330-panic-exit-device.webp,measured,,white,edge-matched-clone,99.5,0.0,61.3,94.9,58.2,5.0,98.8,5.7,1,
330,330-panic-exit-device,panic-exit-devices,gallery 1,/images/products/330-panic-exit-device-2.webp,measured,,white,edge-matched-clone,100.0,0.0,87.5,59.0,51.6,4.2,85.9,1.2,1,
330,330-panic-exit-device,panic-exit-devices,gallery 2,/images/products/330-panic-exit-device-3.webp,measured,,white,edge-matched-clone,100.0,0.0,90.6,69.1,62.7,8.9,87.5,0.0,11,
330,330-panic-exit-device,panic-exit-devices,gallery 3,/images/products/330-panic-exit-device-4.webp,measured,,white,edge-matched-clone,100.0,0.0,93.8,73.4,68.8,10.6,89.1,0.4,13,
330,330-panic-exit-device,panic-exit-devices,gallery 4,/images/products/330-panic-exit-device-5.webp,measured,,white,none,100.0,0.0,77.7,64.8,50.4,23.2,84.4,0.6,1,
330,330-panic-exit-device,panic-exit-devices,gallery 5,/images/products/330-panic-exit-device-6.webp,manual,edge is not uniformly white or transparent,other / uncertain,none,0.3,0.0,,,,,,,,
330,330-panic-exit-device,panic-exit-devices,gallery 6,/images/products/330-panic-exit-device-7.webp,manual,edge is not uniformly white or transparent,other / uncertain,boundary-fill,0.0,0.0,,,,,,,,
3431 SSET,3431-sset-lever-handle,lever-handles,hero,/images/products/3431-sset-lever-handle.webp,measured,,white,edge-matched-clone,100.0,0.0,87.9,43.4,38.1,18.1,74.2,0.6,1,high visual baseline
3431 SSET,3431-sset-lever-handle,lever-handles,gallery 1,/images/products/3431-sset-lever-handle-2.webp,measured,,white,edge-matched-clone,99.9,0.0,92.2,70.3,64.8,25.5,93.8,1.2,1,
3431 SSET,3431-sset-lever-handle,lever-handles,gallery 2,/images/products/3431-sset-lever-handle-3.webp,measured,,white,edge-matched-clone,100.0,0.0,84.0,44.5,37.4,17.9,74.6,0.2,1,high visual baseline
3431 SSET,3431-sset-lever-handle,lever-handles,gallery 3,/images/products/3431-sset-lever-handle-4.webp,manual,edge is not uniformly white or transparent,other / uncertain,boundary-fill,0.0,0.0,,,,,,,,
3431 SSET,3431-sset-lever-handle,lever-handles,gallery 4,/images/products/3431-sset-lever-handle-5.webp,manual,edge is not uniformly white or transparent,other / uncertain,boundary-fill,0.1,0.0,,,,,,,,
410,410-glass-door-handle,glass-door-accessories,hero,/images/products/410-glass-door-handle.webp,measured,,white,edge-matched-clone,100.0,0.0,83.6,41.4,34.6,15.0,80.1,-1.2,2,
410,410-glass-door-handle,glass-door-accessories,gallery 1,/images/products/410-glass-door-handle-2.webp,manual,edge is not uniformly white or transparent,other / uncertain,boundary-fill,0.0,0.0,,,,,,,,
45 BNIK,45-bnik-lock-cylinder,lock-cylinders,hero,/images/products/45-bnik-lock-cylinder.webp,measured,,white,none,100.0,0.0,77.3,55.5,42.9,20.4,77.7,0.0,2,high visual baseline
45 BNIK,45-bnik-lock-cylinder,lock-cylinders,gallery 1,/images/products/45-bnik-lock-cylinder-2.webp,measured,,white,edge-matched-clone,99.8,0.0,62.9,89.8,56.5,17.6,97.7,-4.5,1,
45 BNIK,45-bnik-lock-cylinder,lock-cylinders,gallery 2,/images/products/45-bnik-lock-cylinder-3.webp,measured,,white,edge-matched-clone,100.0,0.0,53.5,41.8,22.4,21.6,70.3,-1.0,1,small bounding box; high visual baseline
45 BNIK,45-bnik-lock-cylinder,lock-cylinders,gallery 3,/images/products/45-bnik-lock-cylinder-4.webp,measured,,white,edge-matched-clone,100.0,0.0,68.0,50.8,34.5,17.8,77.3,-4.7,3,high visual baseline
45 BNIK,45-bnik-lock-cylinder,lock-cylinders,gallery 4,/images/products/45-bnik-lock-cylinder-5.webp,measured,,white,edge-matched-clone,100.0,0.0,34.8,59.0,20.5,17.9,82.8,0.2,1,small bounding box
45 BNIK,45-bnik-lock-cylinder,lock-cylinders,gallery 5,/images/products/45-bnik-lock-cylinder-6.webp,measured,,white,edge-matched-clone,100.0,0.0,58.6,53.5,31.4,23.0,78.5,0.0,1,
45 SNIK,45-snik-lock-cylinder,lock-cylinders,hero,/images/products/45-snik-lock-cylinder.webp,measured,,white,none,100.0,0.0,80.9,55.9,45.2,19.7,78.1,0.2,2,
45 SNIK,45-snik-lock-cylinder,lock-cylinders,gallery 1,/images/products/45-snik-lock-cylinder-2.webp,measured,,white,edge-matched-clone,99.8,0.0,89.1,70.7,63.0,14.8,90.2,-3.1,1,
45 SNIK,45-snik-lock-cylinder,lock-cylinders,gallery 2,/images/products/45-snik-lock-cylinder-3.webp,measured,,white,edge-matched-clone,100.0,0.0,62.5,69.9,43.7,19.2,88.3,-10.9,10,off-center
45 SNIK,45-snik-lock-cylinder,lock-cylinders,gallery 3,/images/products/45-snik-lock-cylinder-4.webp,measured,,white,edge-matched-clone,100.0,0.0,58.6,50.0,29.3,25.0,75.4,0.8,1,small bounding box; high visual baseline
45BN,45bn-lock-cylinder,lock-cylinders,hero,/images/products/45bn-lock-cylinder.webp,measured,,white,edge-matched-clone,100.0,0.0,89.5,58.2,52.1,21.6,83.2,-0.2,2,
45BN,45bn-lock-cylinder,lock-cylinders,gallery 1,/images/products/45bn-lock-cylinder-2.webp,measured,,white,edge-matched-clone,100.0,0.0,42.2,70.3,29.7,26.6,89.1,0.0,1,small bounding box
45BN,45bn-lock-cylinder,lock-cylinders,gallery 2,/images/products/45bn-lock-cylinder-3.webp,manual,edge is not uniformly white or transparent,other / uncertain,boundary-fill,7.3,0.0,,,,,,,,
45BN,45bn-lock-cylinder,lock-cylinders,gallery 3,/images/products/45bn-lock-cylinder-4.webp,manual,possible separate corner logo or label,white,none,100.0,0.0,,,,,,,,
45BN,45bn-lock-cylinder,lock-cylinders,gallery 4,/images/products/45bn-lock-cylinder-5.webp,manual,edge is not uniformly white or transparent,other / uncertain,none,82.9,0.0,,,,,,,,
45BN,45bn-lock-cylinder,lock-cylinders,gallery 5,/images/products/45bn-lock-cylinder-6.webp,manual,edge is not uniformly white or transparent,other / uncertain,edge-matched-clone,97.4,0.0,,,,,,,,
47BSIK,47bsik-lock-cylinder,lock-cylinders,hero,/images/products/47bsik-lock-cylinder.webp,measured,,white,none,100.0,0.0,47.3,55.5,26.2,15.0,77.7,-1.0,1,small bounding box; high visual baseline
47BSIK,47bsik-lock-cylinder,lock-cylinders,gallery 1,/images/products/47bsik-lock-cylinder-2.webp,measured,,white,edge-matched-clone,100.0,0.0,82.4,51.6,42.5,24.1,80.1,2.1,2,
500,500-indicator,hardware-accessories,hero,/images/products/500-indicator.webp,measured,,white,none,100.0,0.0,73.0,68.8,50.2,38.0,84.4,-1.4,1,
500,500-indicator,hardware-accessories,gallery 1,/images/products/500-indicator-2.webp,measured,,white,none,100.0,0.0,77.7,71.5,55.6,40.5,84.4,0.2,1,
500,500-indicator,hardware-accessories,gallery 2,/images/products/500-indicator-3.webp,measured,,white,none,100.0,0.0,85.9,36.7,31.6,20.8,68.0,0.4,2,high visual baseline
500,500-indicator,hardware-accessories,gallery 3,/images/products/500-indicator-4.webp,manual,edge is not uniformly white or transparent,other / uncertain,none,0.7,0.0,,,,,,,,
500,500-indicator,hardware-accessories,gallery 4,/images/products/500-indicator-5.webp,measured,,white,none,100.0,0.0,84.4,70.3,59.3,32.2,87.5,1.2,4,
500,500-indicator,hardware-accessories,gallery 5,/images/products/500-indicator-6.webp,measured,,white,none,100.0,0.0,78.1,62.9,49.1,23.8,83.6,1.2,5,
500,500-indicator,hardware-accessories,gallery 6,/images/products/500-indicator-7.webp,measured,,white,none,100.0,0.0,64.1,46.1,29.5,6.8,78.5,-2.3,3,small bounding box
54 DK,54-dk-lock-cylinder,lock-cylinders,hero,/images/products/54-dk-lock-cylinder.webp,measured,,white,edge-matched-clone,100.0,0.0,91.0,61.7,56.2,22.5,82.4,1.0,3,
54 DK,54-dk-lock-cylinder,lock-cylinders,gallery 1,/images/products/54-dk-lock-cylinder-2.webp,measured,,white,edge-matched-clone,100.0,0.0,85.9,64.1,55.1,19.4,86.7,2.3,6,
54 DK,54-dk-lock-cylinder,lock-cylinders,gallery 2,/images/products/54-dk-lock-cylinder-3.webp,measured,,white,edge-matched-clone,100.0,0.0,80.9,69.9,56.5,26.8,89.5,1.4,2,
54 DK,54-dk-lock-cylinder,lock-cylinders,gallery 3,/images/products/54-dk-lock-cylinder-4.webp,manual,edge is not uniformly white or transparent,other / uncertain,boundary-fill,7.3,0.0,,,,,,,,
54 DK,54-dk-lock-cylinder,lock-cylinders,gallery 4,/images/products/54-dk-lock-cylinder-5.webp,manual,possible separate corner logo or label,white,none,100.0,0.0,,,,,,,,
54 DK,54-dk-lock-cylinder,lock-cylinders,gallery 5,/images/products/54-dk-lock-cylinder-6.webp,manual,edge is not uniformly white or transparent,other / uncertain,none,82.9,0.0,,,,,,,,
54 SNDK,54-sndk-lock-cylinder,lock-cylinders,hero,/images/products/54-sndk-lock-cylinder.webp,measured,,white,none,100.0,0.0,73.8,50.8,37.5,20.1,76.2,-1.8,2,high visual baseline
54 SNDK,54-sndk-lock-cylinder,lock-cylinders,gallery 1,/images/products/54-sndk-lock-cylinder-2.webp,measured,,white,edge-matched-clone,100.0,0.0,64.1,60.5,38.8,22.7,78.5,0.0,1,
54 SNDK,54-sndk-lock-cylinder,lock-cylinders,gallery 2,/images/products/54-sndk-lock-cylinder-3.webp,measured,,white,edge-matched-clone,100.0,0.0,79.3,65.6,52.0,23.7,87.1,2.9,2,
54 SNDK,54-sndk-lock-cylinder,lock-cylinders,gallery 3,/images/products/54-sndk-lock-cylinder-4.webp,measured,,white,edge-matched-clone,100.0,0.0,72.7,57.8,42.0,16.8,79.3,0.8,7,
556,556-night-latch-and-rim-lock,night-latches-rim-locks,hero,/images/products/556-night-latch-and-rim-lock.webp,measured,,white,edge-matched-clone,100.0,0.0,85.2,36.7,31.3,23.1,69.5,2.7,2,high visual baseline
556,556-night-latch-and-rim-lock,night-latches-rim-locks,gallery 1,/images/products/556-night-latch-and-rim-lock-2.webp,manual,known logo exclusion may touch product,white,boundary-fill,99.1,0.0,,,,,,,,
556,556-night-latch-and-rim-lock,night-latches-rim-locks,gallery 2,/images/products/556-night-latch-and-rim-lock-3.webp,measured,,white,edge-matched-clone,100.0,0.0,93.0,38.3,35.6,26.1,71.1,0.0,2,high visual baseline
556,556-night-latch-and-rim-lock,night-latches-rim-locks,gallery 3,/images/products/556-night-latch-and-rim-lock-4.webp,measured,,white,edge-matched-clone,100.0,0.0,92.2,43.4,40.0,20.9,76.2,0.0,4,high visual baseline
556,556-night-latch-and-rim-lock,night-latches-rim-locks,gallery 4,/images/products/556-night-latch-and-rim-lock-5.webp,manual,edge is not uniformly white or transparent,other / uncertain,boundary-fill,0.3,0.0,,,,,,,,
558,558-night-latch-and-rim-lock,night-latches-rim-locks,hero,/images/products/558-night-latch-and-rim-lock.webp,measured,,white,edge-matched-clone,100.0,0.0,86.3,38.7,33.4,28.4,73.8,1.8,2,high visual baseline
558,558-night-latch-and-rim-lock,night-latches-rim-locks,gallery 1,/images/products/558-night-latch-and-rim-lock-2.webp,measured,,white,edge-matched-clone,100.0,0.0,78.1,63.3,49.4,24.5,84.4,-3.9,5,
558,558-night-latch-and-rim-lock,night-latches-rim-locks,gallery 2,/images/products/558-night-latch-and-rim-lock-3.webp,measured,,white,edge-matched-clone,99.9,0.0,94.5,38.7,36.6,28.0,69.5,0.0,2,high visual baseline
558,558-night-latch-and-rim-lock,night-latches-rim-locks,gallery 3,/images/products/558-night-latch-and-rim-lock-4.webp,measured,,white,edge-matched-clone,100.0,0.0,87.1,46.5,40.5,23.7,77.3,-0.2,7,high visual baseline
558,558-night-latch-and-rim-lock,night-latches-rim-locks,gallery 4,/images/products/558-night-latch-and-rim-lock-5.webp,manual,edge is not uniformly white or transparent,other / uncertain,boundary-fill,3.3,0.0,,,,,,,,
558,558-night-latch-and-rim-lock,night-latches-rim-locks,gallery 5,/images/products/558-night-latch-and-rim-lock-6.webp,manual,edge is not uniformly white or transparent,other / uncertain,edge-matched-clone,0.8,0.0,,,,,,,,
559,559-night-latch-and-rim-lock,night-latches-rim-locks,hero,/images/products/559-night-latch-and-rim-lock.webp,measured,,white,edge-matched-clone,98.2,0.0,99.2,41.0,40.7,20.5,74.6,0.0,2,high visual baseline; touches canvas edge
56 SN,56-sn-lock-cylinder,lock-cylinders,hero,/images/products/56-sn-lock-cylinder.webp,measured,,white,boundary-fill,100.0,0.0,87.1,72.7,63.3,24.6,87.9,-0.2,3,
56 SN,56-sn-lock-cylinder,lock-cylinders,gallery 1,/images/products/56-sn-lock-cylinder-2.webp,measured,,white,edge-matched-clone,100.0,0.0,82.4,60.9,50.2,17.1,84.0,-0.2,6,
56 SN,56-sn-lock-cylinder,lock-cylinders,gallery 2,/images/products/56-sn-lock-cylinder-3.webp,measured,,white,edge-matched-clone,100.0,0.0,82.0,77.7,63.8,33.4,92.2,0.4,2,
56 SN,56-sn-lock-cylinder,lock-cylinders,gallery 3,/images/products/56-sn-lock-cylinder-4.webp,manual,edge is not uniformly white or transparent,other / uncertain,boundary-fill,7.3,0.0,,,,,,,,
56 SN,56-sn-lock-cylinder,lock-cylinders,gallery 4,/images/products/56-sn-lock-cylinder-5.webp,manual,possible separate corner logo or label,white,none,100.0,0.0,,,,,,,,
56 SN,56-sn-lock-cylinder,lock-cylinders,gallery 5,/images/products/56-sn-lock-cylinder-6.webp,manual,edge is not uniformly white or transparent,other / uncertain,none,82.9,0.0,,,,,,,,
56 SN,56-sn-lock-cylinder,lock-cylinders,gallery 6,/images/products/56-sn-lock-cylinder-7.webp,manual,edge is not uniformly white or transparent,other / uncertain,edge-matched-clone,97.4,0.0,,,,,,,,
564 MB,564-mb-night-latch-and-rim-lock,night-latches-rim-locks,hero,/images/products/564-mb-night-latch-and-rim-lock.webp,measured,,white,none,100.0,0.0,81.3,35.5,28.9,26.7,68.8,0.0,1,small bounding box; high visual baseline
564 MB,564-mb-night-latch-and-rim-lock,night-latches-rim-locks,gallery 1,/images/products/564-mb-night-latch-and-rim-lock-2.webp,measured,,white,edge-matched-clone,100.0,0.0,91.8,58.2,53.4,19.9,83.2,0.6,14,
564 MB,564-mb-night-latch-and-rim-lock,night-latches-rim-locks,gallery 2,/images/products/564-mb-night-latch-and-rim-lock-3.webp,measured,,white,edge-matched-clone,100.0,0.0,78.1,65.6,51.3,36.3,85.2,-0.4,1,
564 MB,564-mb-night-latch-and-rim-lock,night-latches-rim-locks,gallery 3,/images/products/564-mb-night-latch-and-rim-lock-4.webp,measured,,white,edge-matched-clone,100.0,0.0,92.6,62.1,57.5,21.0,84.8,-0.6,9,
564 MB,564-mb-night-latch-and-rim-lock,night-latches-rim-locks,gallery 4,/images/products/564-mb-night-latch-and-rim-lock-5.webp,measured,,white,boundary-fill,99.2,0.0,95.3,83.6,79.7,31.2,94.5,0.0,8,
564 MB,564-mb-night-latch-and-rim-lock,night-latches-rim-locks,gallery 5,/images/products/564-mb-night-latch-and-rim-lock-6.webp,manual,edge is not uniformly white or transparent,other / uncertain,boundary-fill,0.0,0.0,,,,,,,,
564,564-night-latch-and-rim-lock,night-latches-rim-locks,hero,/images/products/564-night-latch-and-rim-lock.webp,measured,,white,edge-matched-clone,100.0,0.0,86.7,39.5,34.2,28.7,69.9,0.0,2,high visual baseline
564,564-night-latch-and-rim-lock,night-latches-rim-locks,gallery 1,/images/products/564-night-latch-and-rim-lock-2.webp,measured,,white,edge-matched-clone,100.0,0.0,90.6,43.4,39.3,28.5,75.8,0.8,2,high visual baseline
564,564-night-latch-and-rim-lock,night-latches-rim-locks,gallery 2,/images/products/564-night-latch-and-rim-lock-3.webp,manual,known logo exclusion may touch product,white,edge-matched-clone,99.8,0.0,,,,,,,,
564,564-night-latch-and-rim-lock,night-latches-rim-locks,gallery 3,/images/products/564-night-latch-and-rim-lock-4.webp,manual,edge is not uniformly white or transparent,other / uncertain,edge-matched-clone,0.0,0.0,,,,,,,,
564,564-night-latch-and-rim-lock,night-latches-rim-locks,gallery 4,/images/products/564-night-latch-and-rim-lock-5.webp,measured,,white,edge-matched-clone,100.0,0.0,85.5,38.7,33.1,6.8,72.3,0.6,11,high visual baseline
564,564-night-latch-and-rim-lock,night-latches-rim-locks,gallery 5,/images/products/564-night-latch-and-rim-lock-6.webp,measured,,white,boundary-fill,99.7,0.0,84.8,93.0,78.8,45.3,96.9,1.4,5,
5681,5681-night-latch-and-rim-lock,night-latches-rim-locks,hero,/images/products/5681-night-latch-and-rim-lock.webp,measured,,white,edge-matched-clone,100.0,0.0,86.7,44.9,39.0,21.9,80.1,0.4,2,
5681,5681-night-latch-and-rim-lock,night-latches-rim-locks,gallery 1,/images/products/5681-night-latch-and-rim-lock-2.webp,manual,edge is not uniformly white or transparent,other / uncertain,none,0.0,0.0,,,,,,,,
5681,5681-night-latch-and-rim-lock,night-latches-rim-locks,gallery 2,/images/products/5681-night-latch-and-rim-lock-3.webp,measured,,white,edge-matched-clone,98.8,0.0,96.9,70.3,68.1,31.3,89.5,0.0,5,
5681,5681-night-latch-and-rim-lock,night-latches-rim-locks,gallery 3,/images/products/5681-night-latch-and-rim-lock-4.webp,measured,,white,edge-matched-clone,100.0,0.0,84.8,59.0,50.0,27.9,82.8,0.2,3,
5681,5681-night-latch-and-rim-lock,night-latches-rim-locks,gallery 4,/images/products/5681-night-latch-and-rim-lock-5.webp,measured,,white,edge-matched-clone,100.0,0.0,87.5,51.2,44.8,22.9,81.3,0.0,2,
5681,5681-night-latch-and-rim-lock,night-latches-rim-locks,gallery 5,/images/products/5681-night-latch-and-rim-lock-6.webp,manual,edge is not uniformly white or transparent,other / uncertain,boundary-fill,0.2,0.0,,,,,,,,
5681,5681-night-latch-and-rim-lock,night-latches-rim-locks,gallery 6,/images/products/5681-night-latch-and-rim-lock-7.webp,measured,,white,edge-matched-clone,99.7,0.0,95.3,53.9,51.4,23.0,80.9,0.0,8,
5682,5682-night-latch-and-rim-lock,night-latches-rim-locks,hero,/images/products/5682-night-latch-and-rim-lock.webp,measured,,white,none,100.0,0.0,82.4,56.6,46.7,28.7,79.3,0.2,2,
5682,5682-night-latch-and-rim-lock,night-latches-rim-locks,gallery 1,/images/products/5682-night-latch-and-rim-lock-2.webp,manual,edge is not uniformly white or transparent,other / uncertain,none,0.0,0.0,,,,,,,,
5683,5683-night-latch-and-rim-lock,night-latches-rim-locks,hero,/images/products/5683-night-latch-and-rim-lock.webp,measured,,white,none,100.0,0.0,86.7,53.1,46.1,39.1,76.6,0.0,2,high visual baseline
5683,5683-night-latch-and-rim-lock,night-latches-rim-locks,gallery 1,/images/products/5683-night-latch-and-rim-lock-2.webp,manual,edge is not uniformly white or transparent,other / uncertain,none,2.4,0.0,,,,,,,,
5687,5687-night-latch-and-rim-lock,night-latches-rim-locks,hero,/images/products/5687-night-latch-and-rim-lock.webp,measured,,white,none,100.0,0.0,86.3,41.8,36.1,27.5,71.1,-0.2,2,high visual baseline
5688,5688-night-latch-and-rim-lock,night-latches-rim-locks,hero,/images/products/5688-night-latch-and-rim-lock.webp,measured,,white,none,100.0,0.0,87.1,40.2,35.0,25.9,69.5,0.2,2,high visual baseline
5688,5688-night-latch-and-rim-lock,night-latches-rim-locks,gallery 1,/images/products/5688-night-latch-and-rim-lock-2.webp,measured,,white,edge-matched-clone,100.0,0.0,85.5,69.9,59.8,31.9,93.8,1.8,13,
5688,5688-night-latch-and-rim-lock,night-latches-rim-locks,gallery 2,/images/products/5688-night-latch-and-rim-lock-3.webp,measured,,white,edge-matched-clone,100.0,0.0,84.0,59.0,49.5,30.6,84.8,3.3,2,
5688,5688-night-latch-and-rim-lock,night-latches-rim-locks,gallery 3,/images/products/5688-night-latch-and-rim-lock-4.webp,measured,,white,edge-matched-clone,99.8,0.0,90.2,50.8,45.8,29.2,77.3,2.5,2,high visual baseline
5688,5688-night-latch-and-rim-lock,night-latches-rim-locks,gallery 4,/images/products/5688-night-latch-and-rim-lock-5.webp,manual,edge is not uniformly white or transparent,other / uncertain,boundary-fill,2.7,0.0,,,,,,,,
5688,5688-night-latch-and-rim-lock,night-latches-rim-locks,gallery 5,/images/products/5688-night-latch-and-rim-lock-6.webp,measured,,white,edge-matched-clone,100.0,0.0,88.3,60.5,53.5,26.5,86.3,2.7,4,
5689,5689-night-latch-and-rim-lock,night-latches-rim-locks,hero,/images/products/5689-night-latch-and-rim-lock.webp,measured,,white,none,100.0,0.0,87.1,39.8,34.7,25.5,69.5,0.2,2,high visual baseline
5689,5689-night-latch-and-rim-lock,night-latches-rim-locks,gallery 1,/images/products/5689-night-latch-and-rim-lock-2.webp,measured,,white,edge-matched-clone,100.0,0.0,82.4,62.5,51.5,34.0,88.3,2.5,1,
5689,5689-night-latch-and-rim-lock,night-latches-rim-locks,gallery 2,/images/products/5689-night-latch-and-rim-lock-3.webp,measured,,white,edge-matched-clone,99.8,0.0,89.5,66.8,59.8,30.1,90.6,2.5,13,
5689,5689-night-latch-and-rim-lock,night-latches-rim-locks,gallery 3,/images/products/5689-night-latch-and-rim-lock-4.webp,measured,,white,edge-matched-clone,100.0,0.0,87.1,43.8,38.1,24.9,75.8,0.2,2,high visual baseline
5689,5689-night-latch-and-rim-lock,night-latches-rim-locks,gallery 4,/images/products/5689-night-latch-and-rim-lock-5.webp,measured,,white,edge-matched-clone,100.0,0.0,91.4,45.7,41.8,26.6,75.8,0.8,5,high visual baseline
5689,5689-night-latch-and-rim-lock,night-latches-rim-locks,gallery 5,/images/products/5689-night-latch-and-rim-lock-6.webp,manual,edge is not uniformly white or transparent,other / uncertain,boundary-fill,4.2,0.0,,,,,,,,
575 ABET,575-abet-tubular-lock,knob-locks,hero,/images/products/575-abet-tubular-lock.webp,measured,,white,none,100.0,0.0,85.2,55.1,46.9,30.7,78.5,0.4,1,
575 ABET,575-abet-tubular-lock,knob-locks,gallery 1,/images/products/575-abet-tubular-lock-2.webp,measured,,white,edge-matched-clone,100.0,0.0,82.4,62.9,51.8,37.0,85.2,-1.0,1,
575 ABET,575-abet-tubular-lock,knob-locks,gallery 2,/images/products/575-abet-tubular-lock-3.webp,measured,,white,edge-matched-clone,100.0,0.0,80.1,56.6,45.4,34.4,82.0,2.1,1,
575 ABET,575-abet-tubular-lock,knob-locks,gallery 3,/images/products/575-abet-tubular-lock-4.webp,measured,,white,edge-matched-clone,100.0,0.0,93.0,64.1,59.6,6.4,82.0,0.0,3,
575 ABET,575-abet-tubular-lock,knob-locks,gallery 4,/images/products/575-abet-tubular-lock-5.webp,manual,edge is not uniformly white or transparent,other / uncertain,boundary-fill,0.0,0.0,,,,,,,,
575 ABET,575-abet-tubular-lock,knob-locks,gallery 5,/images/products/575-abet-tubular-lock-6.webp,manual,edge is not uniformly white or transparent,other / uncertain,boundary-fill,2.2,0.0,,,,,,,,
575 ACET,575-acet-tubular-lock,knob-locks,hero,/images/products/575-acet-tubular-lock.webp,measured,,white,none,100.0,0.0,85.5,54.7,46.8,30.5,77.0,-0.2,1,high visual baseline
575 CPET,575-cpet-tubular-lock,knob-locks,hero,/images/products/575-cpet-tubular-lock.webp,measured,,white,none,100.0,0.0,80.1,58.2,46.6,28.2,79.3,0.2,1,
575 CPET,575-cpet-tubular-lock,knob-locks,gallery 1,/images/products/575-cpet-tubular-lock-2.webp,measured,,white,edge-matched-clone,100.0,0.0,85.2,59.0,50.2,30.8,87.1,2.0,1,
575 CPET,575-cpet-tubular-lock,knob-locks,gallery 2,/images/products/575-cpet-tubular-lock-3.webp,measured,,white,edge-matched-clone,100.0,0.0,93.0,63.7,59.2,5.7,84.0,0.0,2,
575 CPET,575-cpet-tubular-lock,knob-locks,gallery 3,/images/products/575-cpet-tubular-lock-4.webp,measured,,white,edge-matched-clone,99.4,0.0,95.3,40.6,38.7,20.3,75.0,0.0,1,high visual baseline
575 CPET,575-cpet-tubular-lock,knob-locks,gallery 4,/images/products/575-cpet-tubular-lock-5.webp,measured,,white,edge-matched-clone,98.1,0.0,98.8,57.4,56.7,24.0,80.5,0.6,4,touches canvas edge
575 SSET,575-sset-tubular-lock,knob-locks,hero,/images/products/575-sset-tubular-lock.webp,measured,,white,none,100.0,0.0,87.1,53.1,46.3,29.2,77.0,0.6,1,high visual baseline
578 ACET,578-acet-light-duty-cylindrical-lock,knob-locks,hero,/images/products/578-acet-light-duty-cylindrical-lock.webp,measured,,white,edge-matched-clone,100.0,0.0,86.7,57.4,49.8,35.1,79.3,-0.4,1,
578 ACET,578-acet-light-duty-cylindrical-lock,knob-locks,gallery 1,/images/products/578-acet-light-duty-cylindrical-lock-2.webp,measured,,white,edge-matched-clone,100.0,0.0,85.9,59.4,51.0,34.7,85.2,0.4,1,
578 ACET,578-acet-light-duty-cylindrical-lock,knob-locks,gallery 2,/images/products/578-acet-light-duty-cylindrical-lock-3.webp,manual,edge is not uniformly white or transparent,other / uncertain,boundary-fill,0.0,0.0,,,,,,,,
578 ACET,578-acet-light-duty-cylindrical-lock,knob-locks,gallery 3,/images/products/578-acet-light-duty-cylindrical-lock-4.webp,manual,edge is not uniformly white or transparent,other / uncertain,boundary-fill,0.1,0.0,,,,,,,,
578 ACET,578-acet-light-duty-cylindrical-lock,knob-locks,gallery 4,/images/products/578-acet-light-duty-cylindrical-lock-5.webp,measured,,white,edge-matched-clone,99.5,0.0,92.2,52.0,47.9,24.9,85.5,1.6,2,
578 ACET,578-acet-light-duty-cylindrical-lock,knob-locks,gallery 5,/images/products/578-acet-light-duty-cylindrical-lock-6.webp,measured,,white,none,100.0,0.0,73.0,76.2,55.6,30.3,88.3,-5.3,4,
578 SNBK,578-snbk-light-duty-cylindrical-lock,knob-locks,hero,/images/products/578-snbk-light-duty-cylindrical-lock.webp,measured,,white,edge-matched-clone,100.0,0.0,88.3,60.2,53.1,37.2,81.6,0.0,1,
578 SNBK,578-snbk-light-duty-cylindrical-lock,knob-locks,gallery 1,/images/products/578-snbk-light-duty-cylindrical-lock-2.webp,manual,edge is not uniformly white or transparent,other / uncertain,boundary-fill,0.0,0.0,,,,,,,,
578 SNBK,578-snbk-light-duty-cylindrical-lock,knob-locks,gallery 2,/images/products/578-snbk-light-duty-cylindrical-lock-3.webp,measured,,white,edge-matched-clone,100.0,0.0,85.5,60.9,52.1,32.7,84.0,2.1,1,
578 SNBK,578-snbk-light-duty-cylindrical-lock,knob-locks,gallery 3,/images/products/578-snbk-light-duty-cylindrical-lock-4.webp,measured,,white,edge-matched-clone,99.9,0.0,93.0,46.5,43.2,25.0,78.1,0.4,2,
578 SNBK,578-snbk-light-duty-cylindrical-lock,knob-locks,gallery 4,/images/products/578-snbk-light-duty-cylindrical-lock-5.webp,measured,,white,none,100.0,0.0,74.6,80.9,60.3,32.1,92.6,-5.7,3,
578 SNBK,578-snbk-light-duty-cylindrical-lock,knob-locks,gallery 5,/images/products/578-snbk-light-duty-cylindrical-lock-6.webp,measured,,white,edge-matched-clone,100.0,0.0,51.2,82.4,42.2,19.3,92.2,6.1,1,
578 SNET,578-snet-light-duty-cylindrical-lock,knob-locks,hero,/images/products/578-snet-light-duty-cylindrical-lock.webp,measured,,white,edge-matched-clone,100.0,0.0,89.1,60.2,53.6,37.2,81.6,0.4,1,
578 SNET,578-snet-light-duty-cylindrical-lock,knob-locks,gallery 1,/images/products/578-snet-light-duty-cylindrical-lock-2.webp,measured,,white,edge-matched-clone,100.0,0.0,84.4,56.6,47.8,32.3,84.4,0.0,1,
578 SNET,578-snet-light-duty-cylindrical-lock,knob-locks,gallery 2,/images/products/578-snet-light-duty-cylindrical-lock-3.webp,measured,,white,edge-matched-clone,100.0,0.0,93.4,46.5,43.4,25.0,79.3,0.2,2,
578 SNET,578-snet-light-duty-cylindrical-lock,knob-locks,gallery 3,/images/products/578-snet-light-duty-cylindrical-lock-4.webp,measured,,white,boundary-fill,100.0,0.0,85.9,78.1,67.1,30.7,94.1,-2.7,1,
578 SNET,578-snet-light-duty-cylindrical-lock,knob-locks,gallery 4,/images/products/578-snet-light-duty-cylindrical-lock-5.webp,measured,,white,none,100.0,0.0,77.7,87.1,67.7,39.4,95.7,-3.7,3,
578 SNET,578-snet-light-duty-cylindrical-lock,knob-locks,gallery 5,/images/products/578-snet-light-duty-cylindrical-lock-6.webp,manual,edge is not uniformly white or transparent,other / uncertain,boundary-fill,0.0,0.0,,,,,,,,
578 SNET,578-snet-light-duty-cylindrical-lock,knob-locks,gallery 6,/images/products/578-snet-light-duty-cylindrical-lock-7.webp,manual,edge is not uniformly white or transparent,other / uncertain,boundary-fill,0.0,0.0,,,,,,,,
578 SSET,578-sset-light-duty-cylindrical-lock,knob-locks,hero,/images/products/578-sset-light-duty-cylindrical-lock.webp,measured,,white,edge-matched-clone,100.0,0.0,91.4,52.7,48.2,34.2,78.5,0.0,1,
578 SSET,578-sset-light-duty-cylindrical-lock,knob-locks,gallery 1,/images/products/578-sset-light-duty-cylindrical-lock-2.webp,manual,edge is not uniformly white or transparent,other / uncertain,boundary-fill,3.9,0.0,,,,,,,,
578 SSET,578-sset-light-duty-cylindrical-lock,knob-locks,gallery 2,/images/products/578-sset-light-duty-cylindrical-lock-3.webp,measured,,white,edge-matched-clone,100.0,0.0,87.5,53.1,46.5,33.7,80.5,0.8,1,
578 SSET,578-sset-light-duty-cylindrical-lock,knob-locks,gallery 3,/images/products/578-sset-light-duty-cylindrical-lock-4.webp,measured,,white,boundary-fill,99.4,0.0,95.3,70.7,67.4,32.3,88.3,0.4,5,
5807 SSCL,5807-sscl-commercial-lock,knob-locks,hero,/images/products/5807-sscl-commercial-lock.webp,measured,,white,edge-matched-clone,100.0,0.0,88.3,66.8,59.0,41.3,86.7,1.6,1,
5807 SSCL,5807-sscl-commercial-lock,knob-locks,gallery 1,/images/products/5807-sscl-commercial-lock-2.webp,measured,,white,edge-matched-clone,99.1,0.0,93.0,79.3,73.7,30.6,93.8,1.6,5,
5807 SSCL,5807-sscl-commercial-lock,knob-locks,gallery 2,/images/products/5807-sscl-commercial-lock-3.webp,measured,,white,edge-matched-clone,99.8,0.0,77.0,82.0,63.1,28.1,97.7,3.3,1,
5807 SSCL,5807-sscl-commercial-lock,knob-locks,gallery 3,/images/products/5807-sscl-commercial-lock-4.webp,manual,edge is not uniformly white or transparent,other / uncertain,boundary-fill,0.0,0.0,,,,,,,,
5807 SSCL,5807-sscl-commercial-lock,knob-locks,gallery 4,/images/products/5807-sscl-commercial-lock-5.webp,manual,edge is not uniformly white or transparent,other / uncertain,boundary-fill,0.0,0.0,,,,,,,,
5807 SSCR,5807-sscr-commercial-lock,knob-locks,hero,/images/products/5807-sscr-commercial-lock.webp,measured,,white,none,100.0,0.0,83.6,56.3,47.0,27.9,77.7,-0.4,1,high visual baseline
5807 SSCR,5807-sscr-commercial-lock,knob-locks,gallery 1,/images/products/5807-sscr-commercial-lock-2.webp,manual,edge is not uniformly white or transparent,other / uncertain,none,0.0,0.0,,,,,,,,
5807 SSEL,5807-ssel-commercial-lock,knob-locks,hero,/images/products/5807-ssel-commercial-lock.webp,measured,,white,none,100.0,0.0,82.4,57.0,47.0,27.9,77.3,1.4,1,high visual baseline
5807 SSEL,5807-ssel-commercial-lock,knob-locks,gallery 1,/images/products/5807-ssel-commercial-lock-2.webp,manual,edge is not uniformly white or transparent,other / uncertain,boundary-fill,0.0,0.0,,,,,,,,
5807 SSR,5807-ssr-commercial-lock,knob-locks,hero,/images/products/5807-ssr-commercial-lock.webp,measured,,white,none,100.0,0.0,84.8,55.9,47.3,28.2,77.7,-0.2,1,high visual baseline
5807 SSR,5807-ssr-commercial-lock,knob-locks,gallery 1,/images/products/5807-ssr-commercial-lock-2.webp,manual,edge is not uniformly white or transparent,other / uncertain,none,0.0,0.0,,,,,,,,
5807 SSR,5807-ssr-commercial-lock,knob-locks,gallery 2,/images/products/5807-ssr-commercial-lock-3.webp,manual,edge is not uniformly white or transparent,other / uncertain,boundary-fill,0.0,0.0,,,,,,,,
5831-90mm black,5831-90mm-black-tubular-lock,knob-locks,hero,/images/products/5831-90mm-black-tubular-lock.webp,measured,,white,edge-matched-clone,100.0,0.0,85.5,64.1,54.8,40.0,85.2,-1.8,1,
5831-90mm black,5831-90mm-black-tubular-lock,knob-locks,gallery 1,/images/products/5831-90mm-black-tubular-lock-2.webp,measured,,white,edge-matched-clone,99.6,0.0,94.9,81.3,77.1,7.2,94.1,0.2,6,
5831-90mm black,5831-90mm-black-tubular-lock,knob-locks,gallery 2,/images/products/5831-90mm-black-tubular-lock-3.webp,measured,,white,edge-matched-clone,100.0,0.0,81.3,63.3,51.4,23.7,85.5,-1.2,1,
5831-90mm black,5831-90mm-black-tubular-lock,knob-locks,gallery 3,/images/products/5831-90mm-black-tubular-lock-4.webp,measured,,white,edge-matched-clone,100.0,0.0,80.9,64.5,52.1,33.5,89.5,0.2,1,
5831-90mm black,5831-90mm-black-tubular-lock,knob-locks,gallery 4,/images/products/5831-90mm-black-tubular-lock-5.webp,measured,,white,edge-matched-clone,100.0,0.0,93.8,68.8,64.5,30.0,88.7,0.0,3,
5831-90mm black,5831-90mm-black-tubular-lock,knob-locks,gallery 5,/images/products/5831-90mm-black-tubular-lock-6.webp,manual,edge is not uniformly white or transparent,other / uncertain,boundary-fill,0.0,0.0,,,,,,,,
5831-90mm black,5831-90mm-black-tubular-lock,knob-locks,gallery 6,/images/products/5831-90mm-black-tubular-lock-7.webp,manual,edge is not uniformly white or transparent,other / uncertain,boundary-fill,0.4,0.0,,,,,,,,
5831-90mm chrome,5831-90mm-chrome-tubular-lock,knob-locks,hero,/images/products/5831-90mm-chrome-tubular-lock.webp,measured,,white,edge-matched-clone,100.0,0.0,79.3,51.6,40.9,27.4,78.9,2.1,1,
5831-90mm chrome,5831-90mm-chrome-tubular-lock,knob-locks,gallery 1,/images/products/5831-90mm-chrome-tubular-lock-2.webp,measured,,white,edge-matched-clone,99.6,0.0,94.9,81.3,77.1,7.2,94.1,0.2,6,
5831-90mm chrome,5831-90mm-chrome-tubular-lock,knob-locks,gallery 2,/images/products/5831-90mm-chrome-tubular-lock-3.webp,measured,,white,edge-matched-clone,100.0,0.0,79.3,57.8,45.8,19.9,88.7,0.2,1,
5831-90mm chrome,5831-90mm-chrome-tubular-lock,knob-locks,gallery 3,/images/products/5831-90mm-chrome-tubular-lock-4.webp,measured,,white,edge-matched-clone,100.0,0.0,75.8,51.2,38.8,26.2,78.5,0.8,1,
5831-90mm chrome,5831-90mm-chrome-tubular-lock,knob-locks,gallery 4,/images/products/5831-90mm-chrome-tubular-lock-5.webp,measured,,white,edge-matched-clone,100.0,0.0,89.8,69.5,62.5,32.1,88.7,0.0,2,
5831-90mm chrome,5831-90mm-chrome-tubular-lock,knob-locks,gallery 5,/images/products/5831-90mm-chrome-tubular-lock-6.webp,manual,edge is not uniformly white or transparent,other / uncertain,boundary-fill,3.3,0.0,,,,,,,,
5831-90mm chrome,5831-90mm-chrome-tubular-lock,knob-locks,gallery 6,/images/products/5831-90mm-chrome-tubular-lock-7.webp,manual,edge is not uniformly white or transparent,other / uncertain,boundary-fill,0.0,0.0,,,,,,,,
5831-90mm grey,5831-90mm-grey-tubular-lock,knob-locks,hero,/images/products/5831-90mm-grey-tubular-lock.webp,measured,,white,edge-matched-clone,99.9,0.0,88.3,70.7,62.4,27.9,90.6,-3.1,1,
5831-90mm grey,5831-90mm-grey-tubular-lock,knob-locks,gallery 1,/images/products/5831-90mm-grey-tubular-lock-2.webp,measured,,white,edge-matched-clone,99.6,0.0,94.9,81.3,77.1,7.2,94.1,0.2,6,
5831-90mm grey,5831-90mm-grey-tubular-lock,knob-locks,gallery 2,/images/products/5831-90mm-grey-tubular-lock-3.webp,measured,,white,edge-matched-clone,100.0,0.0,78.5,54.7,42.9,26.0,79.7,2.9,1,
5831-90mm grey,5831-90mm-grey-tubular-lock,knob-locks,gallery 3,/images/products/5831-90mm-grey-tubular-lock-4.webp,measured,,white,edge-matched-clone,100.0,0.0,85.9,62.5,53.7,27.2,84.8,2.0,2,
5831-90mm grey,5831-90mm-grey-tubular-lock,knob-locks,gallery 4,/images/products/5831-90mm-grey-tubular-lock-5.webp,manual,edge is not uniformly white or transparent,other / uncertain,boundary-fill,1.0,0.0,,,,,,,,
5831-90mm white,5831-90mm-white-tubular-lock,knob-locks,hero,/images/products/5831-90mm-white-tubular-lock.webp,measured,,white,edge-matched-clone,100.0,0.0,78.1,49.6,38.8,21.3,80.9,-0.4,1,
5831-90mm white,5831-90mm-white-tubular-lock,knob-locks,gallery 1,/images/products/5831-90mm-white-tubular-lock-2.webp,measured,,white,edge-matched-clone,100.0,0.0,85.5,62.1,53.1,33.9,87.1,-0.6,1,
5831-90mm white,5831-90mm-white-tubular-lock,knob-locks,gallery 2,/images/products/5831-90mm-white-tubular-lock-3.webp,measured,,white,edge-matched-clone,100.0,0.0,89.1,67.6,60.2,24.9,88.7,0.8,1,
5831-90mm white,5831-90mm-white-tubular-lock,knob-locks,gallery 3,/images/products/5831-90mm-white-tubular-lock-4.webp,measured,,white,edge-matched-clone,98.4,0.0,95.7,73.0,69.9,24.3,93.0,-0.2,7,
5831-90mm white,5831-90mm-white-tubular-lock,knob-locks,gallery 4,/images/products/5831-90mm-white-tubular-lock-5.webp,measured,,white,edge-matched-clone,99.8,0.0,94.1,80.9,76.1,6.9,93.4,0.2,4,
5831-90mm white,5831-90mm-white-tubular-lock,knob-locks,gallery 5,/images/products/5831-90mm-white-tubular-lock-6.webp,manual,edge is not uniformly white or transparent,other / uncertain,boundary-fill,0.0,0.0,,,,,,,,
5831-90mm white,5831-90mm-white-tubular-lock,knob-locks,gallery 6,/images/products/5831-90mm-white-tubular-lock-7.webp,manual,edge is not uniformly white or transparent,other / uncertain,boundary-fill,0.0,0.0,,,,,,,,
5831-90mm white,5831-90mm-white-tubular-lock,knob-locks,gallery 7,/images/products/5831-90mm-white-tubular-lock-8.webp,manual,edge is not uniformly white or transparent,other / uncertain,boundary-fill,0.0,0.0,,,,,,,,
5831 SSET,5831-sset-heavy-duty-cylindrical-lock,knob-locks,hero,/images/products/5831-sset-heavy-duty-cylindrical-lock.webp,measured,,white,edge-matched-clone,99.6,0.0,90.2,67.2,60.6,43.6,90.2,-0.2,1,
5831 SSET,5831-sset-heavy-duty-cylindrical-lock,knob-locks,gallery 1,/images/products/5831-sset-heavy-duty-cylindrical-lock-2.webp,measured,,white,edge-matched-clone,100.0,0.0,84.0,57.4,48.2,32.0,81.3,-0.2,1,
5831 SSET,5831-sset-heavy-duty-cylindrical-lock,knob-locks,gallery 2,/images/products/5831-sset-heavy-duty-cylindrical-lock-3.webp,measured,,white,edge-matched-clone,100.0,0.0,90.6,70.3,63.7,35.1,89.5,0.0,2,
5831 SSET,5831-sset-heavy-duty-cylindrical-lock,knob-locks,gallery 3,/images/products/5831-sset-heavy-duty-cylindrical-lock-4.webp,measured,,white,edge-matched-clone,99.8,0.0,84.8,80.5,68.2,36.8,97.7,-0.2,1,
5831 SSET,5831-sset-heavy-duty-cylindrical-lock,knob-locks,gallery 4,/images/products/5831-sset-heavy-duty-cylindrical-lock-5.webp,manual,edge is not uniformly white or transparent,other / uncertain,edge-matched-clone,96.6,0.0,,,,,,,,
5833,5833-night-latch-and-rim-lock,night-latches-rim-locks,hero,/images/products/5833-night-latch-and-rim-lock.webp,measured,,white,none,100.0,0.0,87.5,38.7,33.8,23.9,69.5,0.4,2,high visual baseline
5833,5833-night-latch-and-rim-lock,night-latches-rim-locks,gallery 1,/images/products/5833-night-latch-and-rim-lock-2.webp,manual,edge is not uniformly white or transparent,other / uncertain,none,2.6,0.0,,,,,,,,
5834,5834-night-latch-and-rim-lock,night-latches-rim-locks,hero,/images/products/5834-night-latch-and-rim-lock.webp,measured,,white,none,100.0,0.0,86.7,43.8,37.9,23.0,70.3,-0.4,2,high visual baseline
5835,5835-night-latch-and-rim-lock,night-latches-rim-locks,hero,/images/products/5835-night-latch-and-rim-lock.webp,measured,,white,edge-matched-clone,99.9,0.0,86.3,35.2,30.3,24.2,70.3,4.1,2,high visual baseline
5835,5835-night-latch-and-rim-lock,night-latches-rim-locks,gallery 1,/images/products/5835-night-latch-and-rim-lock-2.webp,measured,,white,edge-matched-clone,100.0,0.0,84.4,62.5,52.7,35.8,85.5,-4.3,1,
5835,5835-night-latch-and-rim-lock,night-latches-rim-locks,gallery 2,/images/products/5835-night-latch-and-rim-lock-3.webp,measured,,white,edge-matched-clone,100.0,0.0,79.3,63.7,50.5,35.2,88.3,1.8,1,
5835,5835-night-latch-and-rim-lock,night-latches-rim-locks,gallery 3,/images/products/5835-night-latch-and-rim-lock-4.webp,manual,known logo exclusion may touch product,white,boundary-fill,98.4,0.0,,,,,,,,
5835,5835-night-latch-and-rim-lock,night-latches-rim-locks,gallery 4,/images/products/5835-night-latch-and-rim-lock-5.webp,measured,,white,edge-matched-clone,99.7,0.0,87.9,85.5,75.2,8.7,98.4,0.6,11,
5835,5835-night-latch-and-rim-lock,night-latches-rim-locks,gallery 5,/images/products/5835-night-latch-and-rim-lock-6.webp,manual,edge is not uniformly white or transparent,other / uncertain,boundary-fill,4.9,0.0,,,,,,,,
5836,5836-night-latch-and-rim-lock,night-latches-rim-locks,hero,/images/products/5836-night-latch-and-rim-lock.webp,measured,,white,edge-matched-clone,100.0,0.0,86.7,36.7,31.8,24.5,71.1,2.7,2,high visual baseline
5836,5836-night-latch-and-rim-lock,night-latches-rim-locks,gallery 1,/images/products/5836-night-latch-and-rim-lock-2.webp,measured,,white,edge-matched-clone,99.8,0.0,89.1,59.0,52.5,30.5,84.0,-3.1,2,
5836,5836-night-latch-and-rim-lock,night-latches-rim-locks,gallery 2,/images/products/5836-night-latch-and-rim-lock-3.webp,measured,,white,edge-matched-clone,100.0,0.0,88.3,64.5,56.9,35.7,86.7,-0.8,2,
5836,5836-night-latch-and-rim-lock,night-latches-rim-locks,gallery 3,/images/products/5836-night-latch-and-rim-lock-4.webp,measured,,white,edge-matched-clone,99.8,0.0,88.3,82.8,73.1,8.7,98.0,0.0,8,
5836,5836-night-latch-and-rim-lock,night-latches-rim-locks,gallery 4,/images/products/5836-night-latch-and-rim-lock-5.webp,measured,,white,edge-matched-clone,100.0,0.0,92.6,59.0,54.6,23.3,82.8,-0.2,7,
5836,5836-night-latch-and-rim-lock,night-latches-rim-locks,gallery 5,/images/products/5836-night-latch-and-rim-lock-6.webp,manual,edge is not uniformly white or transparent,other / uncertain,boundary-fill,0.0,0.0,,,,,,,,
587 MBBK,587-mbbk-light-duty-cylindrical-lock,knob-locks,hero,/images/products/587-mbbk-light-duty-cylindrical-lock.webp,measured,,white,edge-matched-clone,100.0,0.0,83.6,55.1,46.0,30.8,79.7,-0.4,1,
587 MBBK,587-mbbk-light-duty-cylindrical-lock,knob-locks,gallery 1,/images/products/587-mbbk-light-duty-cylindrical-lock-2.webp,measured,,white,edge-matched-clone,100.0,0.0,84.0,57.4,48.2,33.3,83.6,0.6,1,
587 MBBK,587-mbbk-light-duty-cylindrical-lock,knob-locks,gallery 2,/images/products/587-mbbk-light-duty-cylindrical-lock-3.webp,measured,,white,edge-matched-clone,100.0,0.0,89.1,58.2,51.8,31.6,82.8,1.2,1,
587 MBBK,587-mbbk-light-duty-cylindrical-lock,knob-locks,gallery 3,/images/products/587-mbbk-light-duty-cylindrical-lock-4.webp,measured,,white,edge-matched-clone,100.0,0.0,90.6,61.7,55.9,6.3,84.0,-0.8,9,
587 MBBK,587-mbbk-light-duty-cylindrical-lock,knob-locks,gallery 4,/images/products/587-mbbk-light-duty-cylindrical-lock-5.webp,manual,edge is not uniformly white or transparent,other / uncertain,none,0.0,0.0,,,,,,,,
587 MBET,587-mbet-light-duty-cylindrical-lock,knob-locks,hero,/images/products/587-mbet-light-duty-cylindrical-lock.webp,measured,,white,edge-matched-clone,100.0,0.0,83.6,55.1,46.0,30.8,79.7,-0.4,1,
587 MBET,587-mbet-light-duty-cylindrical-lock,knob-locks,gallery 1,/images/products/587-mbet-light-duty-cylindrical-lock-2.webp,measured,,white,edge-matched-clone,100.0,0.0,84.0,57.4,48.2,33.4,82.4,0.6,1,
587 MBET,587-mbet-light-duty-cylindrical-lock,knob-locks,gallery 2,/images/products/587-mbet-light-duty-cylindrical-lock-3.webp,measured,,white,edge-matched-clone,100.0,0.0,90.2,66.4,59.9,35.0,89.8,1.0,1,
587 MBET,587-mbet-light-duty-cylindrical-lock,knob-locks,gallery 3,/images/products/587-mbet-light-duty-cylindrical-lock-4.webp,measured,,white,edge-matched-clone,100.0,0.0,91.8,80.1,73.5,8.8,94.5,-0.2,12,
587 MBET,587-mbet-light-duty-cylindrical-lock,knob-locks,gallery 4,/images/products/587-mbet-light-duty-cylindrical-lock-5.webp,manual,edge is not uniformly white or transparent,other / uncertain,boundary-fill,0.8,0.0,,,,,,,,
587 MBET,587-mbet-light-duty-cylindrical-lock,knob-locks,gallery 5,/images/products/587-mbet-light-duty-cylindrical-lock-6.webp,manual,edge is not uniformly white or transparent,other / uncertain,boundary-fill,0.0,0.0,,,,,,,,
587 PBBK,587-pbbk-light-duty-cylindrical-lock,knob-locks,hero,/images/products/587-pbbk-light-duty-cylindrical-lock.webp,measured,,white,edge-matched-clone,100.0,0.0,85.2,53.5,45.6,30.6,77.7,0.0,1,high visual baseline
587 PBBK,587-pbbk-light-duty-cylindrical-lock,knob-locks,gallery 1,/images/products/587-pbbk-light-duty-cylindrical-lock-2.webp,manual,edge is not uniformly white or transparent,other / uncertain,boundary-fill,4.2,0.0,,,,,,,,
587 PBBK,587-pbbk-light-duty-cylindrical-lock,knob-locks,gallery 2,/images/products/587-pbbk-light-duty-cylindrical-lock-3.webp,measured,,white,edge-matched-clone,99.7,0.0,90.2,57.4,51.8,42.6,85.5,2.9,1,
587 PBBK,587-pbbk-light-duty-cylindrical-lock,knob-locks,gallery 3,/images/products/587-pbbk-light-duty-cylindrical-lock-4.webp,measured,,white,edge-matched-clone,100.0,0.0,87.1,67.2,58.5,35.3,90.2,0.2,1,
587 PBBK,587-pbbk-light-duty-cylindrical-lock,knob-locks,gallery 4,/images/products/587-pbbk-light-duty-cylindrical-lock-5.webp,measured,,white,edge-matched-clone,100.0,0.0,47.7,84.4,40.2,19.3,94.9,7.4,1,
587 PBBK,587-pbbk-light-duty-cylindrical-lock,knob-locks,gallery 5,/images/products/587-pbbk-light-duty-cylindrical-lock-6.webp,measured,,white,edge-matched-clone,100.0,0.0,62.1,49.2,30.6,18.5,80.1,2.1,2,
587 PBET,587-pbet-light-duty-cylindrical-lock,knob-locks,hero,/images/products/587-pbet-light-duty-cylindrical-lock.webp,measured,,white,edge-matched-clone,100.0,0.0,85.2,53.5,45.6,30.6,78.1,0.0,1,
587 PBET,587-pbet-light-duty-cylindrical-lock,knob-locks,gallery 1,/images/products/587-pbet-light-duty-cylindrical-lock-2.webp,manual,edge is not uniformly white or transparent,other / uncertain,boundary-fill,0.0,0.0,,,,,,,,
587 PBET,587-pbet-light-duty-cylindrical-lock,knob-locks,gallery 2,/images/products/587-pbet-light-duty-cylindrical-lock-3.webp,measured,,white,edge-matched-clone,100.0,0.0,91.4,58.2,53.2,43.7,82.8,0.0,1,
587 PBPS,587-pbps-light-duty-cylindrical-lock,knob-locks,hero,/images/products/587-pbps-light-duty-cylindrical-lock.webp,measured,,white,none,100.0,0.0,85.2,53.5,45.6,30.6,77.7,0.0,1,high visual baseline
587 PBPS,587-pbps-light-duty-cylindrical-lock,knob-locks,gallery 1,/images/products/587-pbps-light-duty-cylindrical-lock-2.webp,manual,edge is not uniformly white or transparent,other / uncertain,none,0.0,0.0,,,,,,,,
587 SSBK,587-ssbk-light-duty-cylindrical-lock,knob-locks,hero,/images/products/587-ssbk-light-duty-cylindrical-lock.webp,measured,,white,edge-matched-clone,100.0,0.0,79.3,64.1,50.8,31.0,82.8,-0.2,1,
587 SSBK,587-ssbk-light-duty-cylindrical-lock,knob-locks,gallery 1,/images/products/587-ssbk-light-duty-cylindrical-lock-2.webp,measured,,white,edge-matched-clone,100.0,0.0,75.0,60.2,45.1,27.5,83.6,1.6,1,
587 SSBK,587-ssbk-light-duty-cylindrical-lock,knob-locks,gallery 2,/images/products/587-ssbk-light-duty-cylindrical-lock-3.webp,measured,,white,edge-matched-clone,100.0,0.0,73.0,65.6,47.9,15.7,87.1,-2.5,7,
587 SSBK,587-ssbk-light-duty-cylindrical-lock,knob-locks,gallery 3,/images/products/587-ssbk-light-duty-cylindrical-lock-4.webp,manual,edge is not uniformly white or transparent,other / uncertain,boundary-fill,6.1,0.0,,,,,,,,
587 SSBK,587-ssbk-light-duty-cylindrical-lock,knob-locks,gallery 4,/images/products/587-ssbk-light-duty-cylindrical-lock-5.webp,manual,edge is not uniformly white or transparent,other / uncertain,boundary-fill,3.4,0.0,,,,,,,,
587 SSBK,587-ssbk-light-duty-cylindrical-lock,knob-locks,gallery 5,/images/products/587-ssbk-light-duty-cylindrical-lock-6.webp,measured,,white,edge-matched-clone,100.0,0.0,89.1,77.7,69.2,8.3,94.5,0.0,11,
587 SSET,587-sset-light-duty-cylindrical-lock,knob-locks,hero,/images/products/587-sset-light-duty-cylindrical-lock.webp,measured,,white,edge-matched-clone,100.0,0.0,78.9,64.5,50.9,30.9,83.2,0.0,1,
587 SSET,587-sset-light-duty-cylindrical-lock,knob-locks,gallery 1,/images/products/587-sset-light-duty-cylindrical-lock-2.webp,measured,,white,edge-matched-clone,100.0,0.0,75.0,60.2,45.1,27.4,83.2,1.6,1,
587 SSET,587-sset-light-duty-cylindrical-lock,knob-locks,gallery 2,/images/products/587-sset-light-duty-cylindrical-lock-3.webp,measured,,white,boundary-fill,100.0,0.0,87.1,66.0,57.5,15.4,84.8,2.5,10,
587 SSET,587-sset-light-duty-cylindrical-lock,knob-locks,gallery 3,/images/products/587-sset-light-duty-cylindrical-lock-4.webp,measured,,white,edge-matched-clone,100.0,0.0,93.8,81.6,76.5,8.9,96.1,0.0,12,
587 SSET,587-sset-light-duty-cylindrical-lock,knob-locks,gallery 4,/images/products/587-sset-light-duty-cylindrical-lock-5.webp,manual,edge is not uniformly white or transparent,other / uncertain,boundary-fill,0.0,0.0,,,,,,,,
587 SSET,587-sset-light-duty-cylindrical-lock,knob-locks,gallery 5,/images/products/587-sset-light-duty-cylindrical-lock-6.webp,manual,edge is not uniformly white or transparent,other / uncertain,boundary-fill,0.0,0.0,,,,,,,,
587 SSPT,587-sspt-tubular-lock,knob-locks,hero,/images/products/587-sspt-tubular-lock.webp,measured,,white,none,100.0,0.0,80.1,58.2,46.6,25.8,79.3,0.2,1,
587 SSPT,587-sspt-tubular-lock,knob-locks,gallery 1,/images/products/587-sspt-tubular-lock-2.webp,manual,edge is not uniformly white or transparent,other / uncertain,none,0.0,0.0,,,,,,,,
587 SSPT,587-sspt-tubular-lock,knob-locks,gallery 2,/images/products/587-sspt-tubular-lock-3.webp,manual,edge is not uniformly white or transparent,other / uncertain,none,0.0,0.0,,,,,,,,
5870 ACET,5870-acet-heavy-duty-cylindrical-lock,knob-locks,hero,/images/products/5870-acet-heavy-duty-cylindrical-lock.webp,measured,,white,edge-matched-clone,100.0,0.0,79.3,61.7,48.9,37.4,87.5,-3.3,1,
5870 ACET,5870-acet-heavy-duty-cylindrical-lock,knob-locks,gallery 1,/images/products/5870-acet-heavy-duty-cylindrical-lock-2.webp,measured,,white,edge-matched-clone,98.4,0.0,96.9,72.3,70.0,32.7,90.2,0.0,2,
5870 ACET,5870-acet-heavy-duty-cylindrical-lock,knob-locks,gallery 2,/images/products/5870-acet-heavy-duty-cylindrical-lock-3.webp,measured,,white,edge-matched-clone,99.7,0.0,85.2,56.6,48.2,33.3,80.5,-1.6,1,
5870 ACET,5870-acet-heavy-duty-cylindrical-lock,knob-locks,gallery 3,/images/products/5870-acet-heavy-duty-cylindrical-lock-4.webp,measured,,white,edge-matched-clone,99.9,0.0,94.1,78.1,73.5,26.7,88.7,0.2,10,
5870 ACET,5870-acet-heavy-duty-cylindrical-lock,knob-locks,gallery 4,/images/products/5870-acet-heavy-duty-cylindrical-lock-5.webp,manual,edge is not uniformly white or transparent,other / uncertain,boundary-fill,0.0,0.0,,,,,,,,
5870 SNET,5870-snet-tubular-lock,knob-locks,hero,/images/products/5870-snet-tubular-lock.webp,measured,,white,edge-matched-clone,100.0,0.0,68.8,61.7,42.4,27.6,81.3,-3.1,1,
5870 SNET,5870-snet-tubular-lock,knob-locks,gallery 1,/images/products/5870-snet-tubular-lock-2.webp,measured,,white,edge-matched-clone,100.0,0.0,90.2,82.8,74.7,8.7,95.3,0.2,10,
5870 SNET,5870-snet-tubular-lock,knob-locks,gallery 2,/images/products/5870-snet-tubular-lock-3.webp,measured,,white,edge-matched-clone,100.0,0.0,66.0,54.7,36.1,22.2,79.3,2.1,1,
5870 SNET,5870-snet-tubular-lock,knob-locks,gallery 3,/images/products/5870-snet-tubular-lock-4.webp,manual,edge is not uniformly white or transparent,other / uncertain,edge-matched-clone,0.0,0.0,,,,,,,,
5870 SNET,5870-snet-tubular-lock,knob-locks,gallery 4,/images/products/5870-snet-tubular-lock-5.webp,manual,edge is not uniformly white or transparent,other / uncertain,boundary-fill,4.5,0.0,,,,,,,,
5870 SNET,5870-snet-tubular-lock,knob-locks,gallery 5,/images/products/5870-snet-tubular-lock-6.webp,measured,,white,edge-matched-clone,99.0,0.0,91.8,71.1,65.3,19.4,90.6,0.2,9,
5870 SSCC,5870-sscc-commercial-lock,knob-locks,hero,/images/products/5870-sscc-commercial-lock.webp,measured,,white,none,100.0,0.0,84.4,56.6,47.8,28.4,78.1,0.0,1,
5870 SSCC,5870-sscc-commercial-lock,knob-locks,gallery 1,/images/products/5870-sscc-commercial-lock-2.webp,manual,edge is not uniformly white or transparent,other / uncertain,none,0.0,0.0,,,,,,,,
5870 SSCC,5870-sscc-commercial-lock,knob-locks,gallery 2,/images/products/5870-sscc-commercial-lock-3.webp,manual,edge is not uniformly white or transparent,other / uncertain,none,0.0,0.0,,,,,,,,
5870 SSET,5870-sset-heavy-duty-cylindrical-lock,knob-locks,hero,/images/products/5870-sset-heavy-duty-cylindrical-lock.webp,measured,,white,edge-matched-clone,100.0,0.0,74.6,55.9,41.7,27.9,78.5,0.2,1,
5870 SSET,5870-sset-heavy-duty-cylindrical-lock,knob-locks,gallery 1,/images/products/5870-sset-heavy-duty-cylindrical-lock-2.webp,measured,,white,edge-matched-clone,99.6,0.0,90.2,52.0,46.9,24.9,81.3,2.9,2,
5870 SSET,5870-sset-heavy-duty-cylindrical-lock,knob-locks,gallery 2,/images/products/5870-sset-heavy-duty-cylindrical-lock-3.webp,measured,,white,edge-matched-clone,99.9,0.0,93.8,64.8,60.8,34.2,84.8,-0.4,1,
5870 SSET,5870-sset-heavy-duty-cylindrical-lock,knob-locks,gallery 3,/images/products/5870-sset-heavy-duty-cylindrical-lock-4.webp,measured,,white,edge-matched-clone,100.0,0.0,69.5,69.1,48.1,27.6,90.2,-2.7,1,
5870 SSET,5870-sset-heavy-duty-cylindrical-lock,knob-locks,gallery 4,/images/products/5870-sset-heavy-duty-cylindrical-lock-5.webp,manual,edge is not uniformly white or transparent,other / uncertain,none,0.2,0.0,,,,,,,,
5870 SSET,5870-sset-heavy-duty-cylindrical-lock,knob-locks,gallery 5,/images/products/5870-sset-heavy-duty-cylindrical-lock-6.webp,manual,edge is not uniformly white or transparent,other / uncertain,boundary-fill,1.4,0.0,,,,,,,,
5870 SSET,5870-sset-heavy-duty-cylindrical-lock,knob-locks,gallery 6,/images/products/5870-sset-heavy-duty-cylindrical-lock-7.webp,measured,,white,edge-matched-clone,100.0,0.0,94.1,72.3,68.0,22.5,88.7,0.2,9,
5871 SSET,5871-sset-heavy-duty-cylindrical-lock,knob-locks,hero,/images/products/5871-sset-heavy-duty-cylindrical-lock.webp,measured,,white,none,100.0,0.0,84.0,51.2,43.0,30.1,75.8,-0.2,1,high visual baseline
5871 SSET,5871-sset-heavy-duty-cylindrical-lock,knob-locks,gallery 1,/images/products/5871-sset-heavy-duty-cylindrical-lock-2.webp,manual,edge is not uniformly white or transparent,other / uncertain,none,0.0,0.0,,,,,,,,
5874 ACET,5874-acet-heavy-duty-cylindrical-lock,knob-locks,hero,/images/products/5874-acet-heavy-duty-cylindrical-lock.webp,measured,,white,edge-matched-clone,100.0,0.0,78.1,60.5,47.3,36.5,83.6,-2.3,1,
5874 ACET,5874-acet-heavy-duty-cylindrical-lock,knob-locks,gallery 1,/images/products/5874-acet-heavy-duty-cylindrical-lock-2.webp,measured,,white,edge-matched-clone,99.8,0.0,93.8,62.1,58.2,29.3,87.9,1.2,2,
5874 ACET,5874-acet-heavy-duty-cylindrical-lock,knob-locks,gallery 2,/images/products/5874-acet-heavy-duty-cylindrical-lock-3.webp,measured,,white,edge-matched-clone,100.0,0.0,76.2,44.9,34.2,25.3,75.4,2.9,1,high visual baseline
5874 ACET,5874-acet-heavy-duty-cylindrical-lock,knob-locks,gallery 3,/images/products/5874-acet-heavy-duty-cylindrical-lock-4.webp,measured,,white,edge-matched-clone,99.9,0.0,69.1,68.0,47.0,28.4,88.7,-2.5,1,
5874 ACET,5874-acet-heavy-duty-cylindrical-lock,knob-locks,gallery 4,/images/products/5874-acet-heavy-duty-cylindrical-lock-5.webp,measured,,white,edge-matched-clone,99.9,0.0,94.1,78.1,73.5,26.7,90.2,0.2,11,
5874 ACET,5874-acet-heavy-duty-cylindrical-lock,knob-locks,gallery 5,/images/products/5874-acet-heavy-duty-cylindrical-lock-6.webp,manual,edge is not uniformly white or transparent,other / uncertain,boundary-fill,0.0,0.0,,,,,,,,
5874 ACET,5874-acet-heavy-duty-cylindrical-lock,knob-locks,gallery 6,/images/products/5874-acet-heavy-duty-cylindrical-lock-7.webp,manual,edge is not uniformly white or transparent,other / uncertain,boundary-fill,0.0,0.0,,,,,,,,
592 BSET,592-bset-tubular-lock,knob-locks,hero,/images/products/592-bset-tubular-lock.webp,measured,,white,none,100.0,0.0,83.6,48.8,40.8,26.9,73.4,-0.4,1,high visual baseline
592 BSET,592-bset-tubular-lock,knob-locks,gallery 1,/images/products/592-bset-tubular-lock-2.webp,manual,edge is not uniformly white or transparent,other / uncertain,none,2.1,0.0,,,,,,,,
592 PBBK,592-pbbk-tubular-lock,knob-locks,hero,/images/products/592-pbbk-tubular-lock.webp,measured,,white,none,100.0,0.0,85.9,54.7,47.0,31.0,77.3,0.0,1,high visual baseline
592 PBBK,592-pbbk-tubular-lock,knob-locks,gallery 1,/images/products/592-pbbk-tubular-lock-2.webp,manual,edge is not uniformly white or transparent,other / uncertain,none,3.1,0.0,,,,,,,,
592 PBET,592-pbet-tubular-lock,knob-locks,hero,/images/products/592-pbet-tubular-lock.webp,measured,,white,none,100.0,0.0,85.9,54.7,47.0,31.1,77.3,0.0,1,high visual baseline
592 PBET,592-pbet-tubular-lock,knob-locks,gallery 1,/images/products/592-pbet-tubular-lock-2.webp,manual,edge is not uniformly white or transparent,other / uncertain,none,0.0,0.0,,,,,,,,
592 PBPS,592-pbps-tubular-lock,knob-locks,hero,/images/products/592-pbps-tubular-lock.webp,measured,,white,none,100.0,0.0,85.9,54.7,47.0,31.0,77.3,0.0,1,high visual baseline
592 PBPS,592-pbps-tubular-lock,knob-locks,gallery 1,/images/products/592-pbps-tubular-lock-2.webp,manual,edge is not uniformly white or transparent,other / uncertain,none,0.0,0.0,,,,,,,,
592 SSET,592-sset-tubular-lock,knob-locks,hero,/images/products/592-sset-tubular-lock.webp,measured,,white,edge-matched-clone,100.0,0.0,82.4,65.6,54.1,32.5,83.6,4.9,1,
592 SSET,592-sset-tubular-lock,knob-locks,gallery 1,/images/products/592-sset-tubular-lock-2.webp,manual,known logo exclusion may touch product,white,boundary-fill,100.0,0.0,,,,,,,,
592 SSET,592-sset-tubular-lock,knob-locks,gallery 2,/images/products/592-sset-tubular-lock-3.webp,manual,known logo exclusion may touch product,white,boundary-fill,100.0,0.0,,,,,,,,
592 SSET,592-sset-tubular-lock,knob-locks,gallery 3,/images/products/592-sset-tubular-lock-4.webp,manual,edge is not uniformly white or transparent,other / uncertain,none,39.0,0.0,,,,,,,,
592 SSET,592-sset-tubular-lock,knob-locks,gallery 4,/images/products/592-sset-tubular-lock-5.webp,manual,edge is not uniformly white or transparent,other / uncertain,none,47.1,0.0,,,,,,,,
592 SSET,592-sset-tubular-lock,knob-locks,gallery 5,/images/products/592-sset-tubular-lock-6.webp,manual,edge is not uniformly white or transparent,other / uncertain,boundary-fill,2.4,0.0,,,,,,,,
592 SSET,592-sset-tubular-lock,knob-locks,gallery 6,/images/products/592-sset-tubular-lock-7.webp,manual,edge is not uniformly white or transparent,other / uncertain,boundary-fill,0.0,0.0,,,,,,,,
595 ACBK,595-acbk-tubular-lock,knob-locks,hero,/images/products/595-acbk-tubular-lock.webp,measured,,white,edge-matched-clone,100.0,0.0,78.5,57.4,45.1,27.0,80.1,-1.8,1,
595 ACBK,595-acbk-tubular-lock,knob-locks,gallery 1,/images/products/595-acbk-tubular-lock-2.webp,manual,known logo exclusion may touch product,white,boundary-fill,100.0,0.0,,,,,,,,
595 ACBK,595-acbk-tubular-lock,knob-locks,gallery 2,/images/products/595-acbk-tubular-lock-3.webp,measured,,white,boundary-fill,100.0,0.0,91.4,74.2,67.8,29.5,91.4,-0.8,11,
595 ACBK,595-acbk-tubular-lock,knob-locks,gallery 3,/images/products/595-acbk-tubular-lock-4.webp,measured,,white,edge-matched-clone,99.6,0.0,95.3,62.1,59.2,6.6,84.0,0.0,6,
595 ACBK,595-acbk-tubular-lock,knob-locks,gallery 4,/images/products/595-acbk-tubular-lock-5.webp,manual,edge is not uniformly white or transparent,other / uncertain,boundary-fill,0.0,0.0,,,,,,,,
595 ACET,595-acet-tubular-lock,knob-locks,hero,/images/products/595-acet-tubular-lock.webp,measured,,white,edge-matched-clone,100.0,0.0,78.1,57.4,44.9,26.6,80.1,-1.6,1,
595 ACET,595-acet-tubular-lock,knob-locks,gallery 1,/images/products/595-acet-tubular-lock-2.webp,measured,,white,boundary-fill,100.0,0.0,85.9,80.1,68.8,28.3,94.5,0.4,12,
595 ACET,595-acet-tubular-lock,knob-locks,gallery 2,/images/products/595-acet-tubular-lock-3.webp,manual,known logo exclusion may touch product,white,edge-matched-clone,100.0,0.0,,,,,,,,
595 ACET,595-acet-tubular-lock,knob-locks,gallery 3,/images/products/595-acet-tubular-lock-4.webp,measured,,white,edge-matched-clone,99.6,0.0,95.3,62.1,59.2,6.6,84.0,0.0,6,
595 ACET,595-acet-tubular-lock,knob-locks,gallery 4,/images/products/595-acet-tubular-lock-5.webp,manual,edge is not uniformly white or transparent,other / uncertain,boundary-fill,0.0,0.0,,,,,,,,
595 ACET,595-acet-tubular-lock,knob-locks,gallery 5,/images/products/595-acet-tubular-lock-6.webp,manual,edge is not uniformly white or transparent,other / uncertain,boundary-fill,0.1,0.0,,,,,,,,
598 ACET,598-acet-tubular-lock,knob-locks,hero,/images/products/598-acet-tubular-lock.webp,measured,,white,none,100.0,0.0,83.6,53.5,44.7,30.3,77.7,-0.8,1,high visual baseline
598 SNBK,598-snbk-tubular-lock,knob-locks,hero,/images/products/598-snbk-tubular-lock.webp,measured,,white,none,100.0,0.0,82.0,57.8,47.4,27.1,78.9,-0.4,1,
598 SNBK,598-snbk-tubular-lock,knob-locks,gallery 1,/images/products/598-snbk-tubular-lock-2.webp,measured,,white,none,100.0,0.0,80.5,57.8,46.5,27.2,78.9,1.2,1,
598 SNBK,598-snbk-tubular-lock,knob-locks,gallery 2,/images/products/598-snbk-tubular-lock-3.webp,measured,,white,none,100.0,0.0,92.6,52.7,48.8,5.7,76.6,0.2,6,high visual baseline
598 SNBK,598-snbk-tubular-lock,knob-locks,gallery 3,/images/products/598-snbk-tubular-lock-4.webp,manual,edge is not uniformly white or transparent,other / uncertain,none,0.2,0.0,,,,,,,,
598 SNET,598-snet-tubular-lock,knob-locks,hero,/images/products/598-snet-tubular-lock.webp,measured,,white,edge-matched-clone,100.0,0.0,85.5,66.4,56.8,37.9,86.3,-2.5,1,
598 SNET,598-snet-tubular-lock,knob-locks,gallery 1,/images/products/598-snet-tubular-lock-2.webp,manual,known logo exclusion may touch product,white,edge-matched-clone,100.0,0.0,,,,,,,,
598 SNET,598-snet-tubular-lock,knob-locks,gallery 2,/images/products/598-snet-tubular-lock-3.webp,measured,,white,edge-matched-clone,100.0,0.0,80.9,42.2,34.1,4.0,76.2,-0.6,3,high visual baseline
598 SNET,598-snet-tubular-lock,knob-locks,gallery 3,/images/products/598-snet-tubular-lock-4.webp,measured,,white,edge-matched-clone,100.0,0.0,93.8,57.4,53.8,25.1,74.2,0.0,1,high visual baseline
598 SNET,598-snet-tubular-lock,knob-locks,gallery 4,/images/products/598-snet-tubular-lock-5.webp,manual,edge is not uniformly white or transparent,other / uncertain,boundary-fill,0.0,0.0,,,,,,,,
598 SSET,598-sset-tubular-lock,knob-locks,hero,/images/products/598-sset-tubular-lock.webp,measured,,white,none,100.0,0.0,84.8,49.2,41.7,26.9,74.6,0.2,1,high visual baseline
598,598-tubular-lock,knob-locks,hero,/images/products/598-tubular-lock.webp,measured,,white,none,100.0,0.0,82.0,57.8,47.4,27.2,78.9,-0.4,1,
598,598-tubular-lock,knob-locks,gallery 1,/images/products/598-tubular-lock-2.webp,measured,,white,none,100.0,0.0,87.5,58.6,51.3,30.5,78.9,-0.4,1,
598,598-tubular-lock,knob-locks,gallery 2,/images/products/598-tubular-lock-3.webp,measured,,white,none,100.0,0.0,86.3,48.0,41.5,20.7,74.2,-0.2,1,high visual baseline
598,598-tubular-lock,knob-locks,gallery 3,/images/products/598-tubular-lock-4.webp,measured,,white,none,100.0,0.0,85.2,48.4,41.2,5.1,74.2,0.8,5,high visual baseline
6*3*3mm,6-3-3mm-brass-and-steel-hinges,brass-steel-hinges,hero,/images/products/6-3-3mm-brass-and-steel-hinges.webp,measured,,white,edge-matched-clone,100.0,0.0,43.4,82.8,35.9,32.7,92.6,1.8,1,
6*3*3mm,6-3-3mm-brass-and-steel-hinges,brass-steel-hinges,gallery 1,/images/products/6-3-3mm-brass-and-steel-hinges-2.webp,measured,,white,edge-matched-clone,100.0,0.0,29.7,83.2,24.7,21.9,92.2,2.0,1,small bounding box
6*3*3mm,6-3-3mm-brass-and-steel-hinges,brass-steel-hinges,gallery 2,/images/products/6-3-3mm-brass-and-steel-hinges-3.webp,measured,,white,edge-matched-clone,100.0,0.0,84.0,81.3,68.2,33.7,90.6,2.1,1,
6*3*3mm,6-3-3mm-brass-and-steel-hinges,brass-steel-hinges,gallery 3,/images/products/6-3-3mm-brass-and-steel-hinges-4.webp,manual,edge is not uniformly white or transparent,other / uncertain,boundary-fill,95.0,0.0,,,,,,,,
6*3*3mm,6-3-3mm-brass-and-steel-hinges,brass-steel-hinges,gallery 4,/images/products/6-3-3mm-brass-and-steel-hinges-5.webp,manual,edge is not uniformly white or transparent,other / uncertain,boundary-fill,1.2,0.0,,,,,,,,
60 BSKT,60-bskt-lock-cylinder,lock-cylinders,hero,/images/products/60-bskt-lock-cylinder.webp,measured,,white,none,100.0,0.0,80.5,59.8,48.1,20.8,80.5,1.2,3,
60 BSKT,60-bskt-lock-cylinder,lock-cylinders,gallery 1,/images/products/60-bskt-lock-cylinder-2.webp,measured,,white,edge-matched-clone,100.0,0.0,76.6,55.1,42.2,21.2,77.7,3.1,1,high visual baseline
60 BSKT,60-bskt-lock-cylinder,lock-cylinders,gallery 2,/images/products/60-bskt-lock-cylinder-3.webp,measured,,white,edge-matched-clone,100.0,0.0,85.5,69.5,59.5,22.0,88.3,1.8,5,
60 CPDK,60-cpdk-lock-cylinder,lock-cylinders,hero,/images/products/60-cpdk-lock-cylinder.webp,measured,,white,none,100.0,0.0,86.7,53.5,46.4,26.1,78.5,0.0,3,
60 CPDK,60-cpdk-lock-cylinder,lock-cylinders,gallery 1,/images/products/60-cpdk-lock-cylinder-2.webp,measured,,white,edge-matched-clone,100.0,0.0,81.3,74.2,60.3,26.1,93.4,1.6,3,
60 CPDK,60-cpdk-lock-cylinder,lock-cylinders,gallery 2,/images/products/60-cpdk-lock-cylinder-3.webp,measured,,white,edge-matched-clone,100.0,0.0,75.8,58.6,44.4,14.4,86.7,0.0,7,
60 PBKT,60-pbkt-lock-cylinder,lock-cylinders,hero,/images/products/60-pbkt-lock-cylinder.webp,measured,,white,none,100.0,0.0,68.0,57.8,39.3,17.3,78.9,0.0,3,
60 PBKT,60-pbkt-lock-cylinder,lock-cylinders,gallery 1,/images/products/60-pbkt-lock-cylinder-2.webp,measured,,white,edge-matched-clone,100.0,0.0,72.7,73.0,53.1,17.9,86.3,1.6,6,
60 SNDK,60-sndk-lock-cylinder,lock-cylinders,hero,/images/products/60-sndk-lock-cylinder.webp,measured,,white,none,100.0,0.0,83.6,58.2,48.7,21.4,79.3,-0.8,3,
60 SNDK,60-sndk-lock-cylinder,lock-cylinders,gallery 1,/images/products/60-sndk-lock-cylinder-2.webp,measured,,white,edge-matched-clone,100.0,0.0,75.0,60.9,45.7,18.8,82.8,2.7,3,
60 SNDK,60-sndk-lock-cylinder,lock-cylinders,gallery 2,/images/products/60-sndk-lock-cylinder-3.webp,measured,,white,edge-matched-clone,100.0,0.0,71.1,64.5,45.8,17.0,82.4,-1.2,9,
60 SNKT,60-snkt-lock-cylinder,lock-cylinders,hero,/images/products/60-snkt-lock-cylinder.webp,measured,,white,none,100.0,0.0,64.8,59.0,38.2,17.3,79.7,0.0,3,
60 SNKT,60-snkt-lock-cylinder,lock-cylinders,gallery 1,/images/products/60-snkt-lock-cylinder-2.webp,measured,,white,edge-matched-clone,100.0,0.0,73.4,72.3,53.1,17.5,86.7,2.0,9,
600,600-concealed-sliding-door-handle,stainless-steel-handles,hero,/images/products/600-concealed-sliding-door-handle.webp,measured,,white,edge-matched-clone,100.0,0.0,89.1,46.9,41.7,20.1,73.4,0.0,1,high visual baseline
600,600-concealed-sliding-door-handle,stainless-steel-handles,gallery 1,/images/products/600-concealed-sliding-door-handle-2.webp,measured,,white,edge-matched-clone,100.0,0.0,81.3,72.7,59.0,21.6,89.8,2.7,7,
600,600-concealed-sliding-door-handle,stainless-steel-handles,gallery 2,/images/products/600-concealed-sliding-door-handle-3.webp,measured,,white,edge-matched-clone,100.0,0.0,69.5,58.2,40.5,19.7,80.9,2.7,3,
600,600-concealed-sliding-door-handle,stainless-steel-handles,gallery 3,/images/products/600-concealed-sliding-door-handle-4.webp,manual,edge is not uniformly white or transparent,other / uncertain,boundary-fill,3.6,0.0,,,,,,,,
600,600-concealed-sliding-door-handle,stainless-steel-handles,gallery 4,/images/products/600-concealed-sliding-door-handle-5.webp,measured,,white,edge-matched-clone,100.0,0.0,69.5,76.6,53.2,4.6,91.4,2.0,12,
600,600-concealed-sliding-door-handle,stainless-steel-handles,gallery 5,/images/products/600-concealed-sliding-door-handle-6.webp,measured,,white,edge-matched-clone,100.0,0.0,74.6,44.5,33.2,26.7,74.6,1.8,4,high visual baseline
600,600-concealed-sliding-door-handle,stainless-steel-handles,gallery 6,/images/products/600-concealed-sliding-door-handle-7.webp,manual,edge is not uniformly white or transparent,other / uncertain,boundary-fill,0.0,0.0,,,,,,,,
6068,6068-mortise-lever-handle-lock,lock-cases,hero,/images/products/6068-mortise-lever-handle-lock.webp,measured,,white,edge-matched-clone,99.7,0.0,93.4,40.6,37.9,19.3,76.6,1.0,1,high visual baseline
6068,6068-mortise-lever-handle-lock,lock-cases,gallery 1,/images/products/6068-mortise-lever-handle-lock-2.webp,manual,edge is not uniformly white or transparent,other / uncertain,none,0.0,0.0,,,,,,,,
607 ACBK,607-acbk-tubular-lock,knob-locks,hero,/images/products/607-acbk-tubular-lock.webp,measured,,white,edge-matched-clone,100.0,0.0,84.0,56.6,47.6,30.7,80.9,-0.2,1,
607 ACBK,607-acbk-tubular-lock,knob-locks,gallery 1,/images/products/607-acbk-tubular-lock-2.webp,measured,,white,edge-matched-clone,100.0,0.0,80.5,58.6,47.1,30.3,81.3,1.2,1,
607 ACBK,607-acbk-tubular-lock,knob-locks,gallery 2,/images/products/607-acbk-tubular-lock-3.webp,measured,,white,edge-matched-clone,100.0,0.0,91.4,44.9,41.1,18.7,78.9,0.0,2,
607 ACBK,607-acbk-tubular-lock,knob-locks,gallery 3,/images/products/607-acbk-tubular-lock-4.webp,measured,,white,none,100.0,0.0,81.3,85.9,69.8,35.7,95.3,-2.7,3,
607 ACBK,607-acbk-tubular-lock,knob-locks,gallery 4,/images/products/607-acbk-tubular-lock-5.webp,manual,edge is not uniformly white or transparent,other / uncertain,edge-matched-clone,0.0,0.0,,,,,,,,
607 PBBK,607-pbbk-tubular-lock,knob-locks,hero,/images/products/607-pbbk-tubular-lock.webp,measured,,white,edge-matched-clone,100.0,0.0,75.4,60.5,45.6,29.1,83.2,-0.6,1,
607 PBBK,607-pbbk-tubular-lock,knob-locks,gallery 1,/images/products/607-pbbk-tubular-lock-2.webp,measured,,white,edge-matched-clone,100.0,0.0,75.0,60.2,45.1,28.7,86.7,0.8,1,
607 PBBK,607-pbbk-tubular-lock,knob-locks,gallery 2,/images/products/607-pbbk-tubular-lock-3.webp,measured,,white,boundary-fill,100.0,0.0,88.7,68.0,60.3,24.8,85.2,-1.0,8,
607 PBBK,607-pbbk-tubular-lock,knob-locks,gallery 3,/images/products/607-pbbk-tubular-lock-4.webp,measured,,white,edge-matched-clone,100.0,0.0,78.1,61.3,47.9,29.4,92.2,0.4,1,
607 PBBK,607-pbbk-tubular-lock,knob-locks,gallery 4,/images/products/607-pbbk-tubular-lock-5.webp,manual,edge is not uniformly white or transparent,other / uncertain,boundary-fill,0.0,0.0,,,,,,,,
607 PBBK,607-pbbk-tubular-lock,knob-locks,gallery 5,/images/products/607-pbbk-tubular-lock-6.webp,manual,edge is not uniformly white or transparent,other / uncertain,boundary-fill,6.0,0.0,,,,,,,,
607 PBBK,607-pbbk-tubular-lock,knob-locks,gallery 6,/images/products/607-pbbk-tubular-lock-7.webp,measured,,white,edge-matched-clone,99.2,0.0,96.9,51.6,50.0,5.9,78.9,0.0,8,
607 PBET,607-pbet-tubular-lock,knob-locks,hero,/images/products/607-pbet-tubular-lock.webp,measured,,white,edge-matched-clone,100.0,0.0,75.4,60.5,45.6,29.0,83.2,-0.6,1,
607 PBET,607-pbet-tubular-lock,knob-locks,gallery 1,/images/products/607-pbet-tubular-lock-2.webp,measured,,white,edge-matched-clone,100.0,0.0,75.0,60.5,45.4,28.7,83.2,0.8,1,
607 PBET,607-pbet-tubular-lock,knob-locks,gallery 2,/images/products/607-pbet-tubular-lock-3.webp,measured,,white,boundary-fill,100.0,0.0,89.8,67.2,60.4,26.3,85.5,0.8,8,
607 PBET,607-pbet-tubular-lock,knob-locks,gallery 3,/images/products/607-pbet-tubular-lock-4.webp,measured,,white,edge-matched-clone,100.0,0.0,78.1,61.3,47.9,29.4,92.2,0.4,1,
607 PBET,607-pbet-tubular-lock,knob-locks,gallery 4,/images/products/607-pbet-tubular-lock-5.webp,measured,,white,edge-matched-clone,99.2,0.0,96.9,51.2,49.6,5.9,79.7,0.0,8,
607 PBET,607-pbet-tubular-lock,knob-locks,gallery 5,/images/products/607-pbet-tubular-lock-6.webp,manual,edge is not uniformly white or transparent,other / uncertain,boundary-fill,0.0,0.0,,,,,,,,
607 SPET,607-spet-tubular-lock,knob-locks,hero,/images/products/607-spet-tubular-lock.webp,measured,,white,edge-matched-clone,100.0,0.0,83.6,59.0,49.3,32.2,84.0,1.2,1,
607 SPET,607-spet-tubular-lock,knob-locks,gallery 1,/images/products/607-spet-tubular-lock-2.webp,manual,known logo exclusion may touch product,white,boundary-fill,100.0,0.0,,,,,,,,
607 SPET,607-spet-tubular-lock,knob-locks,gallery 2,/images/products/607-spet-tubular-lock-3.webp,measured,,white,edge-matched-clone,100.0,0.0,82.4,52.7,43.5,29.2,81.6,1.4,1,
607 SPET,607-spet-tubular-lock,knob-locks,gallery 3,/images/products/607-spet-tubular-lock-4.webp,manual,edge is not uniformly white or transparent,other / uncertain,boundary-fill,0.0,0.0,,,,,,,,
607 SPET,607-spet-tubular-lock,knob-locks,gallery 4,/images/products/607-spet-tubular-lock-5.webp,manual,edge is not uniformly white or transparent,other / uncertain,boundary-fill,7.9,0.0,,,,,,,,
607 SPET,607-spet-tubular-lock,knob-locks,gallery 5,/images/products/607-spet-tubular-lock-6.webp,manual,edge is not uniformly white or transparent,other / uncertain,none,47.5,0.0,,,,,,,,
607 SPET,607-spet-tubular-lock,knob-locks,gallery 6,/images/products/607-spet-tubular-lock-7.webp,manual,edge is not uniformly white or transparent,other / uncertain,none,36.5,0.0,,,,,,,,
607 SPET,607-spet-tubular-lock,knob-locks,gallery 7,/images/products/607-spet-tubular-lock-8.webp,manual,edge is not uniformly white or transparent,other / uncertain,none,72.9,0.0,,,,,,,,
607 SSBK,607-ssbk-tubular-lock,knob-locks,hero,/images/products/607-ssbk-tubular-lock.webp,measured,,white,edge-matched-clone,100.0,0.0,77.7,54.7,42.5,30.7,80.9,1.4,1,
607 SSBK,607-ssbk-tubular-lock,knob-locks,gallery 1,/images/products/607-ssbk-tubular-lock-2.webp,measured,,white,edge-matched-clone,100.0,0.0,80.9,62.1,50.2,33.3,84.0,0.6,1,
607 SSBK,607-ssbk-tubular-lock,knob-locks,gallery 2,/images/products/607-ssbk-tubular-lock-3.webp,measured,,white,edge-matched-clone,100.0,0.0,74.2,59.0,43.8,22.2,81.6,-3.1,6,
607 SSBK,607-ssbk-tubular-lock,knob-locks,gallery 3,/images/products/607-ssbk-tubular-lock-4.webp,manual,edge is not uniformly white or transparent,other / uncertain,boundary-fill,0.0,0.0,,,,,,,,
607 SSBK,607-ssbk-tubular-lock,knob-locks,gallery 4,/images/products/607-ssbk-tubular-lock-5.webp,manual,edge is not uniformly white or transparent,other / uncertain,boundary-fill,7.9,0.0,,,,,,,,
607 SSBK,607-ssbk-tubular-lock,knob-locks,gallery 5,/images/products/607-ssbk-tubular-lock-6.webp,measured,,white,edge-matched-clone,100.0,0.0,76.2,67.2,51.2,25.7,94.9,-0.6,1,
607 SSBK,607-ssbk-tubular-lock,knob-locks,gallery 6,/images/products/607-ssbk-tubular-lock-7.webp,measured,,white,edge-matched-clone,99.2,0.0,96.9,51.2,49.6,6.0,80.1,0.0,6,
607 SSET,607-sset-tubular-lock,knob-locks,hero,/images/products/607-sset-tubular-lock.webp,measured,,white,edge-matched-clone,100.0,0.0,77.7,54.7,42.5,30.7,80.9,1.4,1,
607 SSET,607-sset-tubular-lock,knob-locks,gallery 1,/images/products/607-sset-tubular-lock-2.webp,measured,,white,edge-matched-clone,100.0,0.0,80.9,62.1,50.2,33.2,84.0,0.6,1,
607 SSET,607-sset-tubular-lock,knob-locks,gallery 2,/images/products/607-sset-tubular-lock-3.webp,measured,,white,edge-matched-clone,99.2,0.0,96.9,51.2,49.6,5.9,79.7,0.0,8,
607 SSET,607-sset-tubular-lock,knob-locks,gallery 3,/images/products/607-sset-tubular-lock-4.webp,measured,,white,edge-matched-clone,100.0,0.0,76.2,67.2,51.2,25.7,94.9,-0.6,1,
607 SSET,607-sset-tubular-lock,knob-locks,gallery 4,/images/products/607-sset-tubular-lock-5.webp,measured,,white,edge-matched-clone,100.0,0.0,88.3,59.0,52.1,24.1,81.6,0.4,6,
607 SSET,607-sset-tubular-lock,knob-locks,gallery 5,/images/products/607-sset-tubular-lock-9.webp,manual,edge is not uniformly white or transparent,other / uncertain,boundary-fill,0.2,0.0,,,,,,,,
607 SSPS,607-ssps-tubular-lock,knob-locks,hero,/images/products/607-ssps-tubular-lock.webp,measured,,white,edge-matched-clone,100.0,0.0,78.1,54.7,42.7,30.9,80.9,1.6,1,
609 PBET,609-pbet-tubular-lock,knob-locks,hero,/images/products/609-pbet-tubular-lock.webp,measured,,white,edge-matched-clone,100.0,0.0,85.2,60.9,51.9,32.7,83.2,-0.8,1,
609 PBET,609-pbet-tubular-lock,knob-locks,gallery 1,/images/products/609-pbet-tubular-lock-2.webp,manual,known logo exclusion may touch product,white,edge-matched-clone,100.0,0.0,,,,,,,,
609 PBET,609-pbet-tubular-lock,knob-locks,gallery 2,/images/products/609-pbet-tubular-lock-3.webp,measured,,white,edge-matched-clone,100.0,0.0,92.6,48.0,44.5,24.5,80.5,0.2,2,
609 PBET,609-pbet-tubular-lock,knob-locks,gallery 3,/images/products/609-pbet-tubular-lock-4.webp,manual,edge is not uniformly white or transparent,other / uncertain,boundary-fill,0.0,0.0,,,,,,,,
609 PBET,609-pbet-tubular-lock,knob-locks,gallery 4,/images/products/609-pbet-tubular-lock-5.webp,manual,edge is not uniformly white or transparent,other / uncertain,none,96.8,0.0,,,,,,,,
609 SSET,609-sset-tubular-lock,knob-locks,hero,/images/products/609-sset-tubular-lock.webp,measured,,white,edge-matched-clone,100.0,0.0,85.9,46.9,40.3,27.5,75.8,-0.4,1,high visual baseline
609 SSET,609-sset-tubular-lock,knob-locks,gallery 1,/images/products/609-sset-tubular-lock-2.webp,measured,,white,edge-matched-clone,100.0,0.0,75.0,44.9,33.7,22.9,75.0,1.6,1,high visual baseline
609 SSET,609-sset-tubular-lock,knob-locks,gallery 2,/images/products/609-sset-tubular-lock-3.webp,manual,known logo exclusion may touch product,white,boundary-fill,100.0,0.0,,,,,,,,
609 SSET,609-sset-tubular-lock,knob-locks,gallery 3,/images/products/609-sset-tubular-lock-4.webp,measured,,white,edge-matched-clone,99.5,0.0,95.3,50.8,48.4,5.6,80.1,0.0,6,
609 SSET,609-sset-tubular-lock,knob-locks,gallery 4,/images/products/609-sset-tubular-lock-5.webp,manual,edge is not uniformly white or transparent,other / uncertain,boundary-fill,0.0,0.0,,,,,,,,
609 SSET,609-sset-tubular-lock,knob-locks,gallery 5,/images/products/609-sset-tubular-lock-6.webp,measured,,white,none,100.0,0.0,85.9,80.1,68.8,36.1,91.0,-0.4,4,
6491 SNET,6491-snet-lever-handle,lever-handles,hero,/images/products/6491-snet-lever-handle.webp,measured,,white,edge-matched-clone,99.7,0.0,89.1,54.7,48.7,21.4,79.3,3.5,1,
6491 SNET,6491-snet-lever-handle,lever-handles,gallery 1,/images/products/6491-snet-lever-handle-2.webp,measured,,white,edge-matched-clone,99.6,0.0,94.5,58.6,55.4,28.3,82.8,0.0,2,
6491 SNET,6491-snet-lever-handle,lever-handles,gallery 2,/images/products/6491-snet-lever-handle-3.webp,measured,,white,edge-matched-clone,98.9,0.0,97.3,62.5,60.8,31.9,87.9,-1.0,1,touches canvas edge
6491 SNET,6491-snet-lever-handle,lever-handles,gallery 3,/images/products/6491-snet-lever-handle-4.webp,measured,,white,edge-matched-clone,100.0,0.0,88.3,75.4,66.6,16.9,89.1,-1.6,5,
6491 SNET,6491-snet-lever-handle,lever-handles,gallery 4,/images/products/6491-snet-lever-handle-5.webp,measured,,white,boundary-fill,100.0,0.0,91.8,73.8,67.8,23.1,90.2,0.6,6,
6491 SNET,6491-snet-lever-handle,lever-handles,gallery 5,/images/products/6491-snet-lever-handle-6.webp,manual,edge is not uniformly white or transparent,other / uncertain,edge-matched-clone,1.6,0.0,,,,,,,,
6491ABET,6491abet-lever-handle,lever-handles,hero,/images/products/6491abet-lever-handle.webp,measured,,white,edge-matched-clone,99.9,0.0,89.1,59.0,52.5,27.7,83.2,3.1,1,
6491ABET,6491abet-lever-handle,lever-handles,gallery 1,/images/products/6491abet-lever-handle-2.webp,measured,,white,boundary-fill,99.8,0.0,78.9,78.5,62.0,34.8,93.8,-2.7,1,
6491ABET,6491abet-lever-handle,lever-handles,gallery 2,/images/products/6491abet-lever-handle-3.webp,manual,edge is not uniformly white or transparent,other / uncertain,edge-matched-clone,86.1,0.0,,,,,,,,
6491ABET,6491abet-lever-handle,lever-handles,gallery 3,/images/products/6491abet-lever-handle-4.webp,measured,,white,edge-matched-clone,100.0,0.0,87.5,71.5,62.5,31.0,94.5,1.6,1,
6491ABET,6491abet-lever-handle,lever-handles,gallery 4,/images/products/6491abet-lever-handle-5.webp,manual,known logo exclusion may touch product,white,boundary-fill,99.8,0.0,,,,,,,,
6491ABET,6491abet-lever-handle,lever-handles,gallery 5,/images/products/6491abet-lever-handle-6.webp,manual,edge is not uniformly white or transparent,other / uncertain,boundary-fill,0.1,0.0,,,,,,,,
6491ABET,6491abet-lever-handle,lever-handles,gallery 6,/images/products/6491abet-lever-handle-7.webp,manual,edge is not uniformly white or transparent,other / uncertain,boundary-fill,0.0,0.0,,,,,,,,
65 SNKT,65-snkt-lock-cylinder,lock-cylinders,hero,/images/products/65-snkt-lock-cylinder.webp,measured,,white,none,100.0,0.0,77.0,59.0,45.4,22.1,79.3,-3.7,3,
65 SNKT,65-snkt-lock-cylinder,lock-cylinders,gallery 1,/images/products/65-snkt-lock-cylinder-2.webp,measured,,white,edge-matched-clone,100.0,0.0,71.1,64.1,45.5,18.6,81.3,1.2,1,
65 SNKT,65-snkt-lock-cylinder,lock-cylinders,gallery 2,/images/products/65-snkt-lock-cylinder-3.webp,measured,,white,edge-matched-clone,100.0,0.0,86.3,68.4,59.0,21.7,87.9,-2.9,3,
65 SNKT,65-snkt-lock-cylinder,lock-cylinders,gallery 3,/images/products/65-snkt-lock-cylinder-4.webp,measured,,white,edge-matched-clone,100.0,0.0,75.8,72.7,55.1,17.1,89.1,1.6,7,
65SN,65sn-lock-cylinder,lock-cylinders,hero,/images/products/65sn-lock-cylinder.webp,measured,,white,edge-matched-clone,100.0,0.0,90.2,80.9,73.0,26.5,94.9,-0.2,3,
65SN,65sn-lock-cylinder,lock-cylinders,gallery 1,/images/products/65sn-lock-cylinder-2.webp,measured,,white,edge-matched-clone,100.0,0.0,86.7,79.7,69.1,19.7,95.7,2.7,6,
65SN,65sn-lock-cylinder,lock-cylinders,gallery 2,/images/products/65sn-lock-cylinder-3.webp,measured,,white,edge-matched-clone,100.0,0.0,88.3,75.8,66.9,37.9,96.1,-1.2,1,
65SN,65sn-lock-cylinder,lock-cylinders,gallery 3,/images/products/65sn-lock-cylinder-4.webp,manual,edge is not uniformly white or transparent,other / uncertain,boundary-fill,7.3,0.0,,,,,,,,
65SN,65sn-lock-cylinder,lock-cylinders,gallery 4,/images/products/65sn-lock-cylinder-5.webp,manual,possible separate corner logo or label,white,none,100.0,0.0,,,,,,,,
65SN,65sn-lock-cylinder,lock-cylinders,gallery 5,/images/products/65sn-lock-cylinder-6.webp,manual,edge is not uniformly white or transparent,other / uncertain,none,82.9,0.0,,,,,,,,
65SN,65sn-lock-cylinder,lock-cylinders,gallery 6,/images/products/65sn-lock-cylinder-7.webp,measured,,white,edge-matched-clone,99.2,0.0,93.4,53.5,50.0,25.7,76.6,-1.4,4,high visual baseline
65SN,65sn-lock-cylinder,lock-cylinders,gallery 7,/images/products/65sn-lock-cylinder-8.webp,manual,possible separate corner logo or label,white,none,99.9,0.0,,,,,,,,
70 ABKT CP,70-abkt-cp-lock-cylinder,lock-cylinders,hero,/images/products/70-abkt-cp-lock-cylinder.webp,measured,,white,none,100.0,0.0,90.6,56.3,51.0,27.2,77.7,0.4,3,high visual baseline
70 ABKT CP,70-abkt-cp-lock-cylinder,lock-cylinders,gallery 1,/images/products/70-abkt-cp-lock-cylinder-2.webp,measured,,white,edge-matched-clone,100.0,0.0,69.9,55.5,38.8,19.3,78.1,4.5,1,
70 ABKT CP,70-abkt-cp-lock-cylinder,lock-cylinders,gallery 2,/images/products/70-abkt-cp-lock-cylinder-3.webp,measured,,white,edge-matched-clone,100.0,0.0,70.3,59.4,41.7,18.5,80.1,-2.3,1,
70 ABKT CP,70-abkt-cp-lock-cylinder,lock-cylinders,gallery 3,/images/products/70-abkt-cp-lock-cylinder-4.webp,measured,,white,edge-matched-clone,100.0,0.0,71.1,60.9,43.3,14.3,81.3,-0.4,5,
70 ACKT BK,70-ackt-bk-lock-cylinder,lock-cylinders,hero,/images/products/70-ackt-bk-lock-cylinder.webp,measured,,white,none,100.0,0.0,49.2,59.0,29.0,12.9,79.7,-2.3,2,small bounding box
70 ACKT BK,70-ackt-bk-lock-cylinder,lock-cylinders,gallery 1,/images/products/70-ackt-bk-lock-cylinder-2.webp,measured,,white,edge-matched-clone,100.0,0.0,71.9,71.5,51.4,16.3,87.9,0.4,5,
70 BSDK,70-bsdk-lock-cylinder,lock-cylinders,hero,/images/products/70-bsdk-lock-cylinder.webp,measured,,white,none,100.0,0.0,71.5,57.0,40.8,20.8,78.9,2.5,3,
70 BSDK,70-bsdk-lock-cylinder,lock-cylinders,gallery 1,/images/products/70-bsdk-lock-cylinder-2.webp,measured,,white,edge-matched-clone,100.0,0.0,68.4,71.1,48.6,19.2,86.7,1.0,8,
70 MBDK CP,70-mbdk-cp-lock-cylinder,lock-cylinders,hero,/images/products/70-mbdk-cp-lock-cylinder.webp,measured,,white,none,100.0,0.0,92.2,54.7,50.4,27.9,77.7,0.8,3,high visual baseline
70 MBDK CP,70-mbdk-cp-lock-cylinder,lock-cylinders,gallery 1,/images/products/70-mbdk-cp-lock-cylinder-2.webp,measured,,white,edge-matched-clone,100.0,0.0,62.5,52.7,33.0,19.2,78.5,0.4,1,
70 MBDK CP,70-mbdk-cp-lock-cylinder,lock-cylinders,gallery 2,/images/products/70-mbdk-cp-lock-cylinder-3.webp,measured,,white,edge-matched-clone,100.0,0.0,79.3,67.2,53.3,21.5,88.7,1.8,7,
70 SNDK CP,70-sndk-cp-lock-cylinder,lock-cylinders,hero,/images/products/70-sndk-cp-lock-cylinder.webp,measured,,white,none,100.0,0.0,86.3,56.3,48.6,32.0,78.5,0.2,3,
70 SNDK CP,70-sndk-cp-lock-cylinder,lock-cylinders,gallery 1,/images/products/70-sndk-cp-lock-cylinder-2.webp,measured,,white,edge-matched-clone,100.0,0.0,91.4,59.4,54.3,17.9,82.4,-1.2,1,
70 SNDK CP,70-sndk-cp-lock-cylinder,lock-cylinders,gallery 2,/images/products/70-sndk-cp-lock-cylinder-3.webp,measured,,white,edge-matched-clone,100.0,0.0,71.9,49.6,35.7,26.0,76.2,3.1,1,high visual baseline
70 SNDK CP,70-sndk-cp-lock-cylinder,lock-cylinders,gallery 3,/images/products/70-sndk-cp-lock-cylinder-4.webp,measured,,white,edge-matched-clone,100.0,0.0,80.5,61.7,49.7,24.1,81.6,0.8,6,
70 SNDK CP,70-sndk-cp-lock-cylinder,lock-cylinders,gallery 4,/images/products/70-sndk-cp-lock-cylinder-5.webp,manual,edge is not uniformly white or transparent,other / uncertain,boundary-fill,19.4,0.0,,,,,,,,
70 SNDK,70-sndk-lock-cylinder,lock-cylinders,hero,/images/products/70-sndk-lock-cylinder.webp,measured,,white,none,100.0,0.0,80.1,56.3,45.0,25.6,78.1,0.2,3,
70 SNDK,70-sndk-lock-cylinder,lock-cylinders,gallery 1,/images/products/70-sndk-lock-cylinder-2.webp,measured,,white,edge-matched-clone,100.0,0.0,72.3,46.9,33.9,21.6,74.6,1.4,1,high visual baseline
70 SNDK,70-sndk-lock-cylinder,lock-cylinders,gallery 2,/images/products/70-sndk-lock-cylinder-3.webp,measured,,white,edge-matched-clone,100.0,0.0,89.8,61.7,55.5,15.1,85.9,-0.8,1,
70 SNDK,70-sndk-lock-cylinder,lock-cylinders,gallery 3,/images/products/70-sndk-lock-cylinder-4.webp,measured,,white,edge-matched-clone,100.0,0.0,91.4,41.4,37.8,15.2,71.9,0.4,1,high visual baseline
70 SNDK,70-sndk-lock-cylinder,lock-cylinders,gallery 4,/images/products/70-sndk-lock-cylinder-5.webp,measured,,white,edge-matched-clone,100.0,0.0,78.9,60.5,47.8,21.9,80.5,-0.4,7,
70 SNDK,70-sndk-lock-cylinder,lock-cylinders,gallery 5,/images/products/70-sndk-lock-cylinder-6.webp,measured,,white,edge-matched-clone,99.4,0.0,94.1,73.8,69.5,24.5,93.8,-0.2,4,
70 SNKT-1,70-snkt-1-lock-cylinder,lock-cylinders,hero,/images/products/70-snkt-1-lock-cylinder.webp,measured,,white,none,100.0,0.0,67.2,57.0,38.3,19.8,78.9,0.4,3,
70 SNKT-1,70-snkt-1-lock-cylinder,lock-cylinders,gallery 1,/images/products/70-snkt-1-lock-cylinder-2.webp,manual,edge is not uniformly white or transparent,other / uncertain,edge-matched-clone,88.8,0.0,,,,,,,,
70 SNKT-1,70-snkt-1-lock-cylinder,lock-cylinders,gallery 2,/images/products/70-snkt-1-lock-cylinder-3.webp,measured,,white,edge-matched-clone,100.0,0.0,69.5,57.4,39.9,19.1,78.1,2.0,1,
70 SNKT-1,70-snkt-1-lock-cylinder,lock-cylinders,gallery 3,/images/products/70-snkt-1-lock-cylinder-4.webp,measured,,white,edge-matched-clone,100.0,0.0,84.4,75.4,63.6,18.7,91.4,0.8,1,
70 SNKT-1,70-snkt-1-lock-cylinder,lock-cylinders,gallery 4,/images/products/70-snkt-1-lock-cylinder-5.webp,measured,,white,edge-matched-clone,100.0,0.0,72.7,59.8,43.4,17.8,82.8,0.0,7,
70 SNKT-2,70-snkt-2-lock-cylinder,lock-cylinders,hero,/images/products/70-snkt-2-lock-cylinder.webp,measured,,white,none,100.0,0.0,75.4,57.0,43.0,21.2,78.5,0.2,3,
70 SNKT-2,70-snkt-2-lock-cylinder,lock-cylinders,gallery 1,/images/products/70-snkt-2-lock-cylinder-2.webp,measured,,white,edge-matched-clone,100.0,0.0,75.0,55.9,41.9,19.6,80.5,5.5,1,
70 SNKT-2,70-snkt-2-lock-cylinder,lock-cylinders,gallery 2,/images/products/70-snkt-2-lock-cylinder-3.webp,measured,,white,edge-matched-clone,100.0,0.0,78.9,71.5,56.4,24.1,88.3,-0.4,2,
70 SNKT-2,70-snkt-2-lock-cylinder,lock-cylinders,gallery 3,/images/products/70-snkt-2-lock-cylinder-4.webp,measured,,white,edge-matched-clone,100.0,0.0,77.0,62.1,47.8,14.0,83.2,0.6,6,
70 SNKT BK,70-snkt-bk-lock-cylinder,lock-cylinders,hero,/images/products/70-snkt-bk-lock-cylinder.webp,measured,,white,none,100.0,0.0,46.5,56.6,26.3,13.7,78.1,-1.4,2,small bounding box
70 SNKT BK,70-snkt-bk-lock-cylinder,lock-cylinders,gallery 1,/images/products/70-snkt-bk-lock-cylinder-2.webp,measured,,white,edge-matched-clone,100.0,0.0,63.3,52.0,32.9,15.8,75.8,2.0,1,high visual baseline
70 SNKT BK,70-snkt-bk-lock-cylinder,lock-cylinders,gallery 2,/images/products/70-snkt-bk-lock-cylinder-3.webp,measured,,white,boundary-fill,100.0,0.0,75.0,73.0,54.8,18.5,88.7,2.7,5,
70 SNKT CP,70-snkt-cp-lock-cylinder,lock-cylinders,hero,/images/products/70-snkt-cp-lock-cylinder.webp,measured,,white,none,100.0,0.0,83.6,56.6,47.3,27.4,78.5,0.0,2,
70 SNKT CP,70-snkt-cp-lock-cylinder,lock-cylinders,gallery 1,/images/products/70-snkt-cp-lock-cylinder-2.webp,measured,,white,edge-matched-clone,100.0,0.0,74.6,64.5,48.1,18.7,85.2,1.4,1,
70 SNKT CP,70-snkt-cp-lock-cylinder,lock-cylinders,gallery 2,/images/products/70-snkt-cp-lock-cylinder-3.webp,measured,,white,edge-matched-clone,100.0,0.0,69.5,57.4,39.9,19.1,78.1,2.0,1,
70 SNKT CP,70-snkt-cp-lock-cylinder,lock-cylinders,gallery 3,/images/products/70-snkt-cp-lock-cylinder-4.webp,measured,,white,edge-matched-clone,100.0,0.0,73.4,63.3,46.5,20.5,85.9,1.2,7,
70 SNKT CP,70-snkt-cp-lock-cylinder,lock-cylinders,gallery 4,/images/products/70-snkt-cp-lock-cylinder-5.webp,manual,edge is not uniformly white or transparent,other / uncertain,boundary-fill,64.1,0.0,,,,,,,,
70610 AB,70610-ab-grip-handle-set,grip-handle-sets,hero,/images/products/70610-ab-grip-handle-set.webp,measured,,white,edge-matched-clone,99.8,0.0,43.8,94.5,41.4,13.2,97.7,2.0,4,
70610 AB,70610-ab-grip-handle-set,grip-handle-sets,gallery 1,/images/products/70610-ab-grip-handle-set-2.webp,measured,,white,edge-matched-clone,100.0,0.0,90.6,80.9,73.3,24.6,92.2,0.4,3,
70610 AB,70610-ab-grip-handle-set,grip-handle-sets,gallery 2,/images/products/70610-ab-grip-handle-set-3.webp,measured,,white,edge-matched-clone,100.0,0.0,90.2,23.4,21.1,11.0,64.8,-0.2,4,small bounding box; high visual baseline
70610 AB,70610-ab-grip-handle-set,grip-handle-sets,gallery 3,/images/products/70610-ab-grip-handle-set-4.webp,manual,edge is not uniformly white or transparent,other / uncertain,boundary-fill,4.2,0.0,,,,,,,,
70610 AB,70610-ab-grip-handle-set,grip-handle-sets,gallery 4,/images/products/70610-ab-grip-handle-set-5.webp,manual,edge is not uniformly white or transparent,other / uncertain,boundary-fill,10.2,0.0,,,,,,,,
70610 AB,70610-ab-grip-handle-set,grip-handle-sets,gallery 5,/images/products/70610-ab-grip-handle-set-6.webp,measured,,white,none,99.8,0.0,66.0,93.8,61.9,13.4,98.0,-3.3,3,
70610 AB,70610-ab-grip-handle-set,grip-handle-sets,gallery 6,/images/products/70610-ab-grip-handle-set-7.webp,measured,,white,none,100.0,0.0,88.7,80.5,71.4,36.8,90.6,-1.4,4,
70610 AB,70610-ab-grip-handle-set,grip-handle-sets,gallery 7,/images/products/70610-ab-grip-handle-set-8.webp,measured,,white,none,100.0,0.0,78.1,80.1,62.6,22.5,85.9,-4.3,2,
70610 SC,70610-sc-grip-handle-set,grip-handle-sets,hero,/images/products/70610-sc-grip-handle-set.webp,measured,,white,edge-matched-clone,99.8,0.0,47.3,92.2,43.6,13.7,97.7,-3.7,4,
70610 SC,70610-sc-grip-handle-set,grip-handle-sets,gallery 1,/images/products/70610-sc-grip-handle-set-2.webp,manual,known logo exclusion may touch product,white,boundary-fill,99.7,0.0,,,,,,,,
70610 SC,70610-sc-grip-handle-set,grip-handle-sets,gallery 2,/images/products/70610-sc-grip-handle-set-3.webp,manual,edge is not uniformly white or transparent,other / uncertain,boundary-fill,9.1,0.0,,,,,,,,
70610 SC,70610-sc-grip-handle-set,grip-handle-sets,gallery 3,/images/products/70610-sc-grip-handle-set-4.webp,manual,edge is not uniformly white or transparent,other / uncertain,boundary-fill,0.2,0.0,,,,,,,,
70610 SC,70610-sc-grip-handle-set,grip-handle-sets,gallery 4,/images/products/70610-sc-grip-handle-set-5.webp,measured,,white,boundary-fill,100.0,0.0,69.1,86.7,60.0,22.0,96.9,-1.8,4,
70610 SC,70610-sc-grip-handle-set,grip-handle-sets,gallery 5,/images/products/70610-sc-grip-handle-set-6.webp,manual,known logo exclusion may touch product,white,boundary-fill,99.3,0.0,,,,,,,,
70610 SC,70610-sc-grip-handle-set,grip-handle-sets,gallery 6,/images/products/70610-sc-grip-handle-set-7.webp,manual,edge is not uniformly white or transparent,other / uncertain,boundary-fill,4.5,0.0,,,,,,,,
7066,7066-lock-case,lock-cases,hero,/images/products/7066-lock-case.webp,measured,,white,edge-matched-clone,100.0,0.0,74.6,72.3,53.9,16.5,89.8,2.9,2,
7066,7066-lock-case,lock-cases,gallery 1,/images/products/7066-lock-case-2.webp,measured,,white,edge-matched-clone,100.0,0.0,86.3,75.4,65.1,30.9,93.0,1.4,4,
7066,7066-lock-case,lock-cases,gallery 2,/images/products/7066-lock-case-3.webp,measured,,white,edge-matched-clone,100.0,0.0,84.4,53.9,45.5,4.5,80.9,0.0,8,
70710 PB,70710-pb-grip-handle-set,grip-handle-sets,hero,/images/products/70710-pb-grip-handle-set.webp,measured,,white,edge-matched-clone,99.5,0.0,43.8,94.9,41.5,12.3,97.7,2.3,4,
70710 PB,70710-pb-grip-handle-set,grip-handle-sets,gallery 1,/images/products/70710-pb-grip-handle-set-2.webp,manual,edge is not uniformly white or transparent,other / uncertain,boundary-fill,0.0,0.0,,,,,,,,
70710 PB,70710-pb-grip-handle-set,grip-handle-sets,gallery 2,/images/products/70710-pb-grip-handle-set-3.webp,manual,edge is not uniformly white or transparent,other / uncertain,none,0.1,0.0,,,,,,,,
70710 SN,70710-sn-grip-handle-set,grip-handle-sets,hero,/images/products/70710-sn-grip-handle-set.webp,measured,,white,none,100.0,0.0,35.2,89.1,31.3,10.4,95.3,-0.4,5,
70710 SN,70710-sn-grip-handle-set,grip-handle-sets,gallery 1,/images/products/70710-sn-grip-handle-set-2.webp,measured,,white,none,100.0,0.0,63.7,89.8,57.2,14.8,94.5,-1.4,10,
70710 SN,70710-sn-grip-handle-set,grip-handle-sets,gallery 2,/images/products/70710-sn-grip-handle-set-3.webp,manual,edge is not uniformly white or transparent,other / uncertain,none,0.5,0.0,,,,,,,,
70710 SN,70710-sn-grip-handle-set,grip-handle-sets,gallery 3,/images/products/70710-sn-grip-handle-set-4.webp,manual,edge is not uniformly white or transparent,other / uncertain,none,0.0,0.0,,,,,,,,
70720 PB,70720-pb-grip-handle-set,grip-handle-sets,hero,/images/products/70720-pb-grip-handle-set.webp,measured,,white,none,100.0,0.0,33.2,89.1,29.6,9.5,94.9,0.2,4,small bounding box
70720 PB,70720-pb-grip-handle-set,grip-handle-sets,gallery 1,/images/products/70720-pb-grip-handle-set-2.webp,measured,,white,none,100.0,0.0,49.6,89.1,44.2,11.8,94.9,-1.0,6,
70720 PB,70720-pb-grip-handle-set,grip-handle-sets,gallery 2,/images/products/70720-pb-grip-handle-set-3.webp,manual,edge is not uniformly white or transparent,other / uncertain,none,0.0,0.0,,,,,,,,
70720 PB,70720-pb-grip-handle-set,grip-handle-sets,gallery 3,/images/products/70720-pb-grip-handle-set-4.webp,manual,edge is not uniformly white or transparent,other / uncertain,none,0.0,0.0,,,,,,,,
70720 SM,70720-sm-grip-handle-set,grip-handle-sets,hero,/images/products/70720-sm-grip-handle-set.webp,measured,,white,none,100.0,0.0,33.2,88.7,29.4,9.1,94.5,0.2,4,small bounding box
70720 SM,70720-sm-grip-handle-set,grip-handle-sets,gallery 1,/images/products/70720-sm-grip-handle-set-2.webp,manual,edge is not uniformly white or transparent,other / uncertain,none,0.0,0.0,,,,,,,,
70720 SM,70720-sm-grip-handle-set,grip-handle-sets,gallery 2,/images/products/70720-sm-grip-handle-set-3.webp,manual,edge is not uniformly white or transparent,other / uncertain,none,9.6,0.0,,,,,,,,
70720 SM,70720-sm-grip-handle-set,grip-handle-sets,gallery 3,/images/products/70720-sm-grip-handle-set-4.webp,measured,,white,none,100.0,0.0,56.6,88.7,50.2,12.2,94.5,-4.5,6,
70722 DC,70722-dc-grip-handle-set,grip-handle-sets,hero,/images/products/70722-dc-grip-handle-set.webp,measured,,white,none,100.0,0.0,51.6,88.7,45.7,10.8,94.5,-8.2,4,
70722 DC,70722-dc-grip-handle-set,grip-handle-sets,gallery 1,/images/products/70722-dc-grip-handle-set-2.webp,measured,,white,none,100.0,0.0,55.9,91.0,50.8,12.9,95.7,7.6,4,
70722 DC,70722-dc-grip-handle-set,grip-handle-sets,gallery 2,/images/products/70722-dc-grip-handle-set-3.webp,manual,edge is not uniformly white or transparent,other / uncertain,none,95.1,0.0,,,,,,,,
70722 DC,70722-dc-grip-handle-set,grip-handle-sets,gallery 3,/images/products/70722-dc-grip-handle-set-4.webp,measured,,white,none,100.0,0.0,73.8,86.7,64.0,22.0,93.4,5.3,4,
70722 DC,70722-dc-grip-handle-set,grip-handle-sets,gallery 4,/images/products/70722-dc-grip-handle-set-5.webp,manual,edge is not uniformly white or transparent,other / uncertain,none,97.1,0.0,,,,,,,,
70722 DC,70722-dc-grip-handle-set,grip-handle-sets,gallery 5,/images/products/70722-dc-grip-handle-set-6.webp,manual,edge is not uniformly white or transparent,other / uncertain,none,1.7,0.0,,,,,,,,
70722 DC,70722-dc-grip-handle-set,grip-handle-sets,gallery 6,/images/products/70722-dc-grip-handle-set-7.webp,manual,edge is not uniformly white or transparent,other / uncertain,none,0.0,0.0,,,,,,,,
70750 PB,70750-pb-grip-handle-set,grip-handle-sets,hero,/images/products/70750-pb-grip-handle-set.webp,measured,,white,edge-matched-clone,100.0,0.0,35.9,88.7,31.9,10.3,94.1,0.8,4,
70750 PB,70750-pb-grip-handle-set,grip-handle-sets,gallery 1,/images/products/70750-pb-grip-handle-set-2.webp,manual,edge is not uniformly white or transparent,other / uncertain,boundary-fill,0.0,0.0,,,,,,,,
70750 PB,70750-pb-grip-handle-set,grip-handle-sets,gallery 2,/images/products/70750-pb-grip-handle-set-3.webp,manual,edge is not uniformly white or transparent,other / uncertain,boundary-fill,0.7,0.0,,,,,,,,
70750 PB,70750-pb-grip-handle-set,grip-handle-sets,gallery 3,/images/products/70750-pb-grip-handle-set-4.webp,measured,,white,edge-matched-clone,100.0,0.0,33.6,91.8,30.8,11.3,96.5,-1.2,5,
70780 AB,70780-ab-grip-handle-set,grip-handle-sets,hero,/images/products/70780-ab-grip-handle-set.webp,measured,,white,none,100.0,0.0,34.4,89.1,30.6,10.2,94.9,-1.2,5,
70780 AB,70780-ab-grip-handle-set,grip-handle-sets,gallery 1,/images/products/70780-ab-grip-handle-set-2.webp,measured,,white,none,100.0,0.0,54.3,88.7,48.1,12.6,94.5,-1.4,7,
70780 AB,70780-ab-grip-handle-set,grip-handle-sets,gallery 2,/images/products/70780-ab-grip-handle-set-3.webp,manual,edge is not uniformly white or transparent,other / uncertain,none,0.0,0.0,,,,,,,,
70780 AB,70780-ab-grip-handle-set,grip-handle-sets,gallery 3,/images/products/70780-ab-grip-handle-set-4.webp,manual,edge is not uniformly white or transparent,other / uncertain,none,0.0,0.0,,,,,,,,
70900 MBBK,70900-mbbk-grip-handle-set,grip-handle-sets,hero,/images/products/70900-mbbk-grip-handle-set.webp,measured,,white,edge-matched-clone,100.0,0.0,59.0,90.6,53.5,16.5,95.3,-3.3,4,
70900 MBBK,70900-mbbk-grip-handle-set,grip-handle-sets,gallery 1,/images/products/70900-mbbk-grip-handle-set-2.webp,manual,edge is not uniformly white or transparent,other / uncertain,boundary-fill,1.8,0.0,,,,,,,,
70900 MBBK,70900-mbbk-grip-handle-set,grip-handle-sets,gallery 2,/images/products/70900-mbbk-grip-handle-set-3.webp,manual,edge is not uniformly white or transparent,other / uncertain,none,1.6,0.0,,,,,,,,
70900 MBBK,70900-mbbk-grip-handle-set,grip-handle-sets,gallery 3,/images/products/70900-mbbk-grip-handle-set-4.webp,measured,,white,boundary-fill,99.4,0.0,94.5,91.0,86.0,49.6,96.9,-0.4,4,
70900 MBBK,70900-mbbk-grip-handle-set,grip-handle-sets,gallery 4,/images/products/70900-mbbk-grip-handle-set-5.webp,measured,,white,edge-matched-clone,100.0,0.0,84.4,39.8,33.6,22.0,73.4,2.3,2,high visual baseline
70900 MBBK,70900-mbbk-grip-handle-set,grip-handle-sets,gallery 5,/images/products/70900-mbbk-grip-handle-set-6.webp,measured,,white,edge-matched-clone,100.0,0.0,91.8,78.5,72.1,22.8,92.2,-0.2,5,
70900 MBET,70900-mbet-grip-handle-set,grip-handle-sets,hero,/images/products/70900-mbet-grip-handle-set.webp,measured,,white,edge-matched-clone,100.0,0.0,57.8,88.7,51.3,15.9,96.5,-5.1,4,
70900 MBET,70900-mbet-grip-handle-set,grip-handle-sets,gallery 1,/images/products/70900-mbet-grip-handle-set-2.webp,manual,known logo exclusion may touch product,white,boundary-fill,99.7,0.0,,,,,,,,
70900 MBET,70900-mbet-grip-handle-set,grip-handle-sets,gallery 2,/images/products/70900-mbet-grip-handle-set-3.webp,measured,,white,edge-matched-clone,99.6,0.0,95.7,50.4,48.2,17.9,78.1,-0.2,8,
70900 MBET,70900-mbet-grip-handle-set,grip-handle-sets,gallery 3,/images/products/70900-mbet-grip-handle-set-4.webp,measured,,white,edge-matched-clone,100.0,0.0,62.9,85.9,54.0,16.1,96.1,-4.5,10,
70900 MBET,70900-mbet-grip-handle-set,grip-handle-sets,gallery 4,/images/products/70900-mbet-grip-handle-set-5.webp,manual,edge is not uniformly white or transparent,other / uncertain,boundary-fill,6.9,0.0,,,,,,,,
70900 MBET,70900-mbet-grip-handle-set,grip-handle-sets,gallery 5,/images/products/70900-mbet-grip-handle-set-6.webp,manual,edge is not uniformly white or transparent,other / uncertain,boundary-fill,0.4,0.0,,,,,,,,
70900 MBET,70900-mbet-grip-handle-set,grip-handle-sets,gallery 6,/images/products/70900-mbet-grip-handle-set-7.webp,measured,,white,boundary-fill,99.4,0.0,94.9,91.0,86.4,49.5,96.9,-0.6,3,
70ANTI-THEFT,70anti-theft-lock-cylinder,lock-cylinders,hero,/images/products/70anti-theft-lock-cylinder.webp,manual,edge is not uniformly white or transparent,other / uncertain,edge-matched-clone,97.9,0.0,,,,,,,,
70ANTI-THEFT,70anti-theft-lock-cylinder,lock-cylinders,gallery 1,/images/products/70anti-theft-lock-cylinder-2.webp,measured,,white,edge-matched-clone,100.0,0.0,84.8,68.8,58.3,20.5,88.3,-2.5,6,
70ANTI-THEFT,70anti-theft-lock-cylinder,lock-cylinders,gallery 2,/images/products/70anti-theft-lock-cylinder-3.webp,measured,,white,edge-matched-clone,100.0,0.0,80.9,80.9,65.4,31.9,94.5,3.3,2,
70ANTI-THEFT,70anti-theft-lock-cylinder,lock-cylinders,gallery 3,/images/products/70anti-theft-lock-cylinder-4.webp,manual,edge is not uniformly white or transparent,other / uncertain,boundary-fill,7.3,0.0,,,,,,,,
70ANTI-THEFT,70anti-theft-lock-cylinder,lock-cylinders,gallery 4,/images/products/70anti-theft-lock-cylinder-5.webp,manual,possible separate corner logo or label,white,none,100.0,0.0,,,,,,,,
70ANTI-THEFT,70anti-theft-lock-cylinder,lock-cylinders,gallery 5,/images/products/70anti-theft-lock-cylinder-6.webp,manual,edge is not uniformly white or transparent,other / uncertain,none,82.9,0.0,,,,,,,,
70ANTI-THEFT,70anti-theft-lock-cylinder,lock-cylinders,gallery 6,/images/products/70anti-theft-lock-cylinder-7.webp,measured,,white,edge-matched-clone,99.7,0.0,93.8,52.3,49.1,23.7,78.1,1.2,3,
70ANTI-THEFT,70anti-theft-lock-cylinder,lock-cylinders,gallery 7,/images/products/70anti-theft-lock-cylinder-8.webp,manual,edge is not uniformly white or transparent,other / uncertain,edge-matched-clone,97.4,0.0,,,,,,,,
70ANTI-THEFT,70anti-theft-lock-cylinder,lock-cylinders,gallery 8,/images/products/70anti-theft-lock-cylinder-9.webp,measured,,white,edge-matched-clone,100.0,0.0,77.7,77.3,60.1,21.6,90.6,1.8,7,
70ANTI-THEFT,70anti-theft-lock-cylinder,lock-cylinders,gallery 9,/images/products/70anti-theft-lock-cylinder-10.webp,measured,,white,edge-matched-clone,100.0,0.0,84.4,82.4,69.5,26.9,93.8,0.4,2,
70BK,70bk-lock-cylinder,lock-cylinders,hero,/images/products/70bk-lock-cylinder.webp,measured,,white,edge-matched-clone,100.0,0.0,43.8,61.7,27.0,13.2,81.3,-1.6,1,small bounding box
70BK,70bk-lock-cylinder,lock-cylinders,gallery 1,/images/products/70bk-lock-cylinder-2.webp,measured,,white,edge-matched-clone,100.0,0.0,76.6,76.2,58.3,19.5,89.1,0.0,6,
70BK,70bk-lock-cylinder,lock-cylinders,gallery 2,/images/products/70bk-lock-cylinder-3.webp,measured,,white,edge-matched-clone,100.0,0.0,63.7,39.5,25.1,16.4,68.0,2.1,1,small bounding box; high visual baseline
70BK,70bk-lock-cylinder,lock-cylinders,gallery 3,/images/products/70bk-lock-cylinder-4.webp,manual,edge is not uniformly white or transparent,other / uncertain,boundary-fill,7.3,0.0,,,,,,,,
70BK,70bk-lock-cylinder,lock-cylinders,gallery 4,/images/products/70bk-lock-cylinder-5.webp,manual,possible separate corner logo or label,white,none,100.0,0.0,,,,,,,,
70BK,70bk-lock-cylinder,lock-cylinders,gallery 5,/images/products/70bk-lock-cylinder-6.webp,manual,edge is not uniformly white or transparent,other / uncertain,none,82.9,0.0,,,,,,,,
70MB,70mb-lock-cylinder,lock-cylinders,hero,/images/products/70mb-lock-cylinder.webp,measured,,white,edge-matched-clone,98.8,0.0,96.1,65.2,62.7,27.6,87.1,0.0,2,
70MB,70mb-lock-cylinder,lock-cylinders,gallery 1,/images/products/70mb-lock-cylinder-2.webp,measured,,white,edge-matched-clone,99.9,0.0,90.2,76.6,69.1,32.8,97.3,1.8,2,
70MB,70mb-lock-cylinder,lock-cylinders,gallery 2,/images/products/70mb-lock-cylinder-3.webp,manual,edge is not uniformly white or transparent,other / uncertain,boundary-fill,7.3,0.0,,,,,,,,
70MB,70mb-lock-cylinder,lock-cylinders,gallery 3,/images/products/70mb-lock-cylinder-4.webp,manual,possible separate corner logo or label,white,none,100.0,0.0,,,,,,,,
70MB,70mb-lock-cylinder,lock-cylinders,gallery 4,/images/products/70mb-lock-cylinder-5.webp,manual,edge is not uniformly white or transparent,other / uncertain,none,82.9,0.0,,,,,,,,
70PB ANTI-THEFT,70pb-anti-theft-lock-cylinder,lock-cylinders,hero,/images/products/70pb-anti-theft-lock-cylinder.webp,measured,,white,boundary-fill,100.0,0.0,84.4,75.4,63.6,24.6,89.8,0.4,3,
70PB ANTI-THEFT,70pb-anti-theft-lock-cylinder,lock-cylinders,gallery 1,/images/products/70pb-anti-theft-lock-cylinder-2.webp,measured,,white,edge-matched-clone,100.0,0.0,84.8,67.2,57.0,20.2,86.7,2.1,6,
70PB ANTI-THEFT,70pb-anti-theft-lock-cylinder,lock-cylinders,gallery 2,/images/products/70pb-anti-theft-lock-cylinder-3.webp,measured,,white,edge-matched-clone,100.0,0.0,79.3,82.0,65.0,24.9,93.4,4.1,2,
70PB ANTI-THEFT,70pb-anti-theft-lock-cylinder,lock-cylinders,gallery 3,/images/products/70pb-anti-theft-lock-cylinder-4.webp,measured,,white,edge-matched-clone,99.5,0.0,95.7,37.5,35.9,14.2,67.2,-0.2,3,high visual baseline
70PB ANTI-THEFT,70pb-anti-theft-lock-cylinder,lock-cylinders,gallery 4,/images/products/70pb-anti-theft-lock-cylinder-5.webp,manual,edge is not uniformly white or transparent,other / uncertain,boundary-fill,7.3,0.0,,,,,,,,
70PB ANTI-THEFT,70pb-anti-theft-lock-cylinder,lock-cylinders,gallery 5,/images/products/70pb-anti-theft-lock-cylinder-6.webp,manual,possible separate corner logo or label,white,none,100.0,0.0,,,,,,,,
70PB ANTI-THEFT,70pb-anti-theft-lock-cylinder,lock-cylinders,gallery 6,/images/products/70pb-anti-theft-lock-cylinder-7.webp,manual,edge is not uniformly white or transparent,other / uncertain,none,82.9,0.0,,,,,,,,
70PBDK CP-ANTI-THEFT,70pbdk-cp-anti-theft-lock-cylinder,lock-cylinders,hero,/images/products/70pbdk-cp-anti-theft-lock-cylinder.webp,measured,,white,none,100.0,0.0,80.1,51.2,41.0,21.9,76.2,1.4,3,high visual baseline
70PBDK CP-ANTI-THEFT,70pbdk-cp-anti-theft-lock-cylinder,lock-cylinders,gallery 1,/images/products/70pbdk-cp-anti-theft-lock-cylinder-2.webp,measured,,white,edge-matched-clone,100.0,0.0,58.2,57.8,33.6,18.4,76.6,-0.2,1,high visual baseline
70PBDK CP-ANTI-THEFT,70pbdk-cp-anti-theft-lock-cylinder,lock-cylinders,gallery 2,/images/products/70pbdk-cp-anti-theft-lock-cylinder-3.webp,measured,,white,edge-matched-clone,100.0,0.0,76.6,63.3,48.4,18.1,86.3,2.3,4,
70PBDK CP-ANTI-THEFT,70pbdk-cp-anti-theft-lock-cylinder,lock-cylinders,gallery 3,/images/products/70pbdk-cp-anti-theft-lock-cylinder-4.webp,measured,,white,edge-matched-clone,100.0,0.0,66.8,51.6,34.4,15.3,77.7,-1.0,1,high visual baseline
70SN,70sn-lock-cylinder,lock-cylinders,hero,/images/products/70sn-lock-cylinder.webp,measured,,white,boundary-fill,98.8,0.0,95.7,73.8,70.7,27.5,90.2,-0.2,3,
70SN,70sn-lock-cylinder,lock-cylinders,gallery 1,/images/products/70sn-lock-cylinder-2.webp,measured,,white,edge-matched-clone,100.0,0.0,79.7,61.3,48.9,13.9,84.8,-0.4,6,
70SN,70sn-lock-cylinder,lock-cylinders,gallery 2,/images/products/70sn-lock-cylinder-3.webp,measured,,white,edge-matched-clone,100.0,0.0,91.4,77.3,70.7,30.9,91.4,-1.2,2,
70SN,70sn-lock-cylinder,lock-cylinders,gallery 3,/images/products/70sn-lock-cylinder-4.webp,manual,possible separate corner logo or label,white,none,99.9,0.0,,,,,,,,
70SN,70sn-lock-cylinder,lock-cylinders,gallery 4,/images/products/70sn-lock-cylinder-5.webp,measured,,white,edge-matched-clone,99.2,0.0,93.4,53.5,50.0,25.7,76.6,-1.4,4,high visual baseline
70SN,70sn-lock-cylinder,lock-cylinders,gallery 5,/images/products/70sn-lock-cylinder-6.webp,manual,edge is not uniformly white or transparent,other / uncertain,boundary-fill,7.3,0.0,,,,,,,,
70SN,70sn-lock-cylinder,lock-cylinders,gallery 6,/images/products/70sn-lock-cylinder-7.webp,manual,possible separate corner logo or label,white,none,100.0,0.0,,,,,,,,
70SN,70sn-lock-cylinder,lock-cylinders,gallery 7,/images/products/70sn-lock-cylinder-8.webp,manual,edge is not uniformly white or transparent,other / uncertain,none,82.9,0.0,,,,,,,,
70SN,70sn-lock-cylinder,lock-cylinders,gallery 8,/images/products/70sn-lock-cylinder-9.webp,measured,,white,boundary-fill,100.0,0.0,89.8,71.9,64.6,20.2,86.3,0.0,3,
70SN,70sn-lock-cylinder,lock-cylinders,gallery 9,/images/products/70sn-lock-cylinder-10.webp,measured,,white,edge-matched-clone,100.0,0.0,76.2,79.7,60.7,19.3,93.8,2.5,5,
70SN,70sn-lock-cylinder,lock-cylinders,gallery 10,/images/products/70sn-lock-cylinder-11.webp,measured,,white,edge-matched-clone,100.0,0.0,81.3,75.4,61.3,24.9,90.6,-0.4,2,
70SN,70sn-lock-cylinder,lock-cylinders,gallery 11,/images/products/70sn-lock-cylinder-14.webp,measured,,white,edge-matched-clone,100.0,0.0,68.4,64.8,44.3,19.0,85.5,-2.5,2,
70SN,70sn-lock-cylinder,lock-cylinders,gallery 12,/images/products/70sn-lock-cylinder-15.webp,measured,,white,edge-matched-clone,100.0,0.0,78.5,74.6,58.6,21.2,91.8,2.1,6,
70SN,70sn-lock-cylinder,lock-cylinders,gallery 13,/images/products/70sn-lock-cylinder-16.webp,measured,,white,boundary-fill,100.0,0.0,85.2,70.7,60.2,30.6,85.9,1.2,1,
70SN,70sn-lock-cylinder,lock-cylinders,gallery 14,/images/products/70sn-lock-cylinder-17.webp,measured,,white,boundary-fill,100.0,0.0,93.8,68.4,64.1,30.1,86.7,0.0,2,
70SN,70sn-lock-cylinder,lock-cylinders,gallery 15,/images/products/70sn-lock-cylinder-18.webp,measured,,white,edge-matched-clone,100.0,0.0,82.4,65.6,54.1,19.8,85.5,0.2,6,
70SN,70sn-lock-cylinder,lock-cylinders,gallery 16,/images/products/70sn-lock-cylinder-19.webp,measured,,white,edge-matched-clone,100.0,0.0,81.6,80.1,65.4,33.0,94.1,0.2,2,
70SN,70sn-lock-cylinder,lock-cylinders,gallery 17,/images/products/70sn-lock-cylinder-20.webp,measured,,white,edge-matched-clone,100.0,0.0,91.4,57.4,52.5,29.3,82.8,0.4,3,
70SN,70sn-lock-cylinder,lock-cylinders,gallery 18,/images/products/70sn-lock-cylinder-21.webp,manual,edge is not uniformly white or transparent,other / uncertain,edge-matched-clone,97.4,0.0,,,,,,,,
70SN,70sn-lock-cylinder,lock-cylinders,gallery 19,/images/products/70sn-lock-cylinder-23.webp,measured,,white,boundary-fill,100.0,0.0,80.5,68.4,55.0,17.1,84.8,0.0,7,
70SNDK CP-ANTI-THEFT,70sndk-cp-anti-theft-lock-cylinder,lock-cylinders,hero,/images/products/70sndk-cp-anti-theft-lock-cylinder.webp,measured,,white,none,100.0,0.0,80.5,53.9,43.4,25.7,77.0,0.0,3,high visual baseline
70SNDK CP-ANTI-THEFT,70sndk-cp-anti-theft-lock-cylinder,lock-cylinders,gallery 1,/images/products/70sndk-cp-anti-theft-lock-cylinder-2.webp,measured,,white,edge-matched-clone,100.0,0.0,63.3,58.6,37.1,20.2,79.7,-0.4,1,
70SNDK CP-ANTI-THEFT,70sndk-cp-anti-theft-lock-cylinder,lock-cylinders,gallery 2,/images/products/70sndk-cp-anti-theft-lock-cylinder-3.webp,measured,,white,edge-matched-clone,100.0,0.0,78.5,67.6,53.1,21.9,85.2,-2.5,4,
70SNDK CP-ANTI-THEFT,70sndk-cp-anti-theft-lock-cylinder,lock-cylinders,gallery 3,/images/products/70sndk-cp-anti-theft-lock-cylinder-4.webp,measured,,white,edge-matched-clone,100.0,0.0,84.8,55.5,47.0,23.6,77.3,2.5,2,high visual baseline
70SNKT-3,70snkt-3-lock-cylinder,lock-cylinders,hero,/images/products/70snkt-3-lock-cylinder.webp,measured,,white,none,100.0,0.0,70.7,56.6,40.0,16.0,78.5,0.2,3,
70SNKT-3,70snkt-3-lock-cylinder,lock-cylinders,gallery 1,/images/products/70snkt-3-lock-cylinder-2.webp,measured,,white,edge-matched-clone,100.0,0.0,75.0,57.8,43.4,23.3,78.1,2.7,1,
70SNKT-3,70snkt-3-lock-cylinder,lock-cylinders,gallery 2,/images/products/70snkt-3-lock-cylinder-3.webp,measured,,white,edge-matched-clone,100.0,0.0,65.2,73.4,47.9,14.8,85.9,0.6,6,
70SNKT-3,70snkt-3-lock-cylinder,lock-cylinders,gallery 3,/images/products/70snkt-3-lock-cylinder-4.webp,measured,,white,edge-matched-clone,100.0,0.0,57.8,63.3,36.6,14.9,85.5,0.8,1,
70SNKT CP-ANTI-THEFT,70snkt-cp-anti-theft-lock-cylinder,lock-cylinders,hero,/images/products/70snkt-cp-anti-theft-lock-cylinder.webp,measured,,white,none,100.0,0.0,87.9,58.2,51.2,26.5,79.3,0.2,3,
70SNKT CP-ANTI-THEFT,70snkt-cp-anti-theft-lock-cylinder,lock-cylinders,gallery 1,/images/products/70snkt-cp-anti-theft-lock-cylinder-2.webp,measured,,white,edge-matched-clone,100.0,0.0,69.9,71.1,49.7,19.6,85.5,0.2,4,
70SNKT CP-ANTI-THEFT,70snkt-cp-anti-theft-lock-cylinder,lock-cylinders,gallery 2,/images/products/70snkt-cp-anti-theft-lock-cylinder-3.webp,measured,,white,edge-matched-clone,100.0,0.0,58.6,65.6,38.5,15.9,82.0,-1.2,1,
70SNKT CP-ANTI-THEFT,70snkt-cp-anti-theft-lock-cylinder,lock-cylinders,gallery 3,/images/products/70snkt-cp-anti-theft-lock-cylinder-4.webp,measured,,white,edge-matched-clone,100.0,0.0,74.6,49.2,36.7,16.9,77.3,0.6,1,high visual baseline
80 BSDK,80-bsdk-lock-cylinder,lock-cylinders,hero,/images/products/80-bsdk-lock-cylinder.webp,measured,,white,none,100.0,0.0,66.8,56.6,37.8,19.0,78.5,0.2,3,
80 BSDK,80-bsdk-lock-cylinder,lock-cylinders,gallery 1,/images/products/80-bsdk-lock-cylinder-2.webp,measured,,white,edge-matched-clone,100.0,0.0,78.9,77.3,61.0,23.4,91.4,2.0,7,
80 BSKT,80-bskt-lock-cylinder,lock-cylinders,hero,/images/products/80-bskt-lock-cylinder.webp,measured,,white,none,100.0,0.0,60.2,57.8,34.8,16.8,78.9,0.0,3,
80 BSKT,80-bskt-lock-cylinder,lock-cylinders,gallery 1,/images/products/80-bskt-lock-cylinder-2.webp,measured,,white,edge-matched-clone,100.0,0.0,75.0,83.2,62.4,20.9,91.4,0.0,10,
80 PBKT,80-pbkt-lock-cylinder,lock-cylinders,hero,/images/products/80-pbkt-lock-cylinder.webp,measured,,white,none,100.0,0.0,77.0,58.6,45.1,24.2,79.3,0.2,3,
80 PBKT,80-pbkt-lock-cylinder,lock-cylinders,gallery 1,/images/products/80-pbkt-lock-cylinder-2.webp,measured,,white,edge-matched-clone,100.0,0.0,77.7,65.6,51.0,28.2,82.8,0.2,1,
80 PBKT,80-pbkt-lock-cylinder,lock-cylinders,gallery 2,/images/products/80-pbkt-lock-cylinder-3.webp,measured,,white,edge-matched-clone,100.0,0.0,72.7,73.8,53.6,17.8,90.2,2.3,8,
80 SNDK CP,80-sndk-cp-lock-cylinder,lock-cylinders,hero,/images/products/80-sndk-cp-lock-cylinder.webp,measured,,white,none,100.0,0.0,82.8,57.4,47.6,29.1,78.5,-0.4,3,
80 SNDK CP,80-sndk-cp-lock-cylinder,lock-cylinders,gallery 1,/images/products/80-sndk-cp-lock-cylinder-2.webp,measured,,white,edge-matched-clone,100.0,0.0,70.3,58.6,41.2,20.7,80.9,1.6,1,
80 SNDK CP,80-sndk-cp-lock-cylinder,lock-cylinders,gallery 2,/images/products/80-sndk-cp-lock-cylinder-3.webp,measured,,white,edge-matched-clone,100.0,0.0,74.6,55.1,41.1,19.3,76.2,-0.6,1,high visual baseline
80 SNDK CP,80-sndk-cp-lock-cylinder,lock-cylinders,gallery 3,/images/products/80-sndk-cp-lock-cylinder-4.webp,measured,,white,edge-matched-clone,100.0,0.0,78.1,66.0,51.6,21.1,87.1,-0.4,5,
80 SNDK CP,80-sndk-cp-lock-cylinder,lock-cylinders,gallery 4,/images/products/80-sndk-cp-lock-cylinder-5.webp,manual,edge is not uniformly white or transparent,other / uncertain,boundary-fill,0.0,0.0,,,,,,,,
80 SNDK CP,80-sndk-cp-lock-cylinder,lock-cylinders,gallery 5,/images/products/80-sndk-cp-lock-cylinder-6.webp,manual,edge is not uniformly white or transparent,other / uncertain,none,96.9,0.0,,,,,,,,
80 SNKT,80-snkt-lock-cylinder,lock-cylinders,hero,/images/products/80-snkt-lock-cylinder.webp,measured,,white,none,100.0,0.0,65.2,57.4,37.5,18.4,78.9,0.2,3,
80 SNKT,80-snkt-lock-cylinder,lock-cylinders,gallery 1,/images/products/80-snkt-lock-cylinder-2.webp,measured,,white,edge-matched-clone,100.0,0.0,72.3,79.3,57.3,20.1,89.8,3.3,9,
803 PBET,803-pbet-lever-handle,lever-handles,hero,/images/products/803-pbet-lever-handle.webp,measured,,white,none,100.0,0.0,91.4,43.0,39.3,19.6,71.9,0.0,1,high visual baseline
803 PBET,803-pbet-lever-handle,lever-handles,gallery 1,/images/products/803-pbet-lever-handle-2.webp,manual,edge is not uniformly white or transparent,other / uncertain,none,1.0,0.0,,,,,,,,
803 PBET,803-pbet-lever-handle,lever-handles,gallery 2,/images/products/803-pbet-lever-handle-3.webp,manual,edge is not uniformly white or transparent,other / uncertain,none,0.1,0.0,,,,,,,,
803 SBET,803-sbet-lever-handle,lever-handles,hero,/images/products/803-sbet-lever-handle.webp,measured,,white,none,100.0,0.0,90.2,54.3,49.0,22.2,79.3,-0.6,1,
803 SBET,803-sbet-lever-handle,lever-handles,gallery 1,/images/products/803-sbet-lever-handle-2.webp,manual,edge is not uniformly white or transparent,other / uncertain,none,0.0,0.0,,,,,,,,
803 SBET,803-sbet-lever-handle,lever-handles,gallery 2,/images/products/803-sbet-lever-handle-3.webp,manual,edge is not uniformly white or transparent,other / uncertain,none,0.0,0.0,,,,,,,,
807 ABBK,807-abbk-lever-handle,lever-handles,hero,/images/products/807-abbk-lever-handle.webp,measured,,white,none,100.0,0.0,88.7,53.9,47.8,19.8,75.4,2.5,1,high visual baseline
807 ABBK,807-abbk-lever-handle,lever-handles,gallery 1,/images/products/807-abbk-lever-handle-2.webp,measured,,white,edge-matched-clone,100.0,0.0,90.2,69.5,62.7,25.9,87.1,-0.6,6,
807 ABBK,807-abbk-lever-handle,lever-handles,gallery 2,/images/products/807-abbk-lever-handle-3.webp,measured,,white,edge-matched-clone,100.0,0.0,91.4,63.3,57.8,6.0,82.4,-0.4,7,
807 ABBK,807-abbk-lever-handle,lever-handles,gallery 3,/images/products/807-abbk-lever-handle-4.webp,measured,,white,edge-matched-clone,100.0,0.0,83.2,69.9,58.2,24.1,91.0,0.6,1,
807 ABBK,807-abbk-lever-handle,lever-handles,gallery 4,/images/products/807-abbk-lever-handle-5.webp,manual,edge is not uniformly white or transparent,other / uncertain,boundary-fill,2.2,0.0,,,,,,,,
807 ABBK,807-abbk-lever-handle,lever-handles,gallery 5,/images/products/807-abbk-lever-handle-6.webp,manual,edge is not uniformly white or transparent,other / uncertain,boundary-fill,6.4,0.0,,,,,,,,
808 ABET,808-abet-lever-handle,lever-handles,hero,/images/products/808-abet-lever-handle.webp,measured,,white,none,99.6,0.0,95.3,60.2,57.3,23.7,81.6,0.0,1,
808 ABET,808-abet-lever-handle,lever-handles,gallery 1,/images/products/808-abet-lever-handle-2.webp,measured,,white,none,98.1,0.0,98.0,58.2,57.1,23.5,81.6,0.2,1,
808 ABET,808-abet-lever-handle,lever-handles,gallery 2,/images/products/808-abet-lever-handle-3.webp,measured,,white,none,99.9,0.0,93.8,84.4,79.1,24.8,92.2,0.0,5,
808 ABET,808-abet-lever-handle,lever-handles,gallery 3,/images/products/808-abet-lever-handle-4.webp,measured,,white,none,100.0,0.0,81.3,78.5,63.8,19.5,92.6,0.0,1,
808 ABET,808-abet-lever-handle,lever-handles,gallery 4,/images/products/808-abet-lever-handle-5.webp,measured,,white,none,100.0,0.0,62.9,80.1,50.4,39.2,94.1,3.7,1,
808 ABET,808-abet-lever-handle,lever-handles,gallery 5,/images/products/808-abet-lever-handle-6.webp,manual,edge is not uniformly white or transparent,other / uncertain,none,0.3,0.0,,,,,,,,
808 ABET,808-abet-lever-handle,lever-handles,gallery 6,/images/products/808-abet-lever-handle-7.webp,manual,edge is not uniformly white or transparent,other / uncertain,none,0.0,0.0,,,,,,,,
808 MBET,808-mbet-lever-handle,lever-handles,hero,/images/products/808-mbet-lever-handle.webp,measured,,white,edge-matched-clone,100.0,0.0,82.0,51.6,42.3,22.9,78.9,2.3,1,
808 MBET,808-mbet-lever-handle,lever-handles,gallery 1,/images/products/808-mbet-lever-handle-2.webp,measured,,white,edge-matched-clone,100.0,0.0,79.3,53.1,42.1,24.3,76.2,-2.5,1,high visual baseline
808 MBET,808-mbet-lever-handle,lever-handles,gallery 2,/images/products/808-mbet-lever-handle-3.webp,measured,,white,edge-matched-clone,100.0,0.0,86.7,69.1,60.0,22.3,90.6,1.6,5,
808 MBET,808-mbet-lever-handle,lever-handles,gallery 3,/images/products/808-mbet-lever-handle-4.webp,measured,,white,edge-matched-clone,100.0,0.0,89.1,65.2,58.1,18.6,92.2,1.6,5,
808 MBET,808-mbet-lever-handle,lever-handles,gallery 4,/images/products/808-mbet-lever-handle-5.webp,manual,edge is not uniformly white or transparent,other / uncertain,boundary-fill,3.6,0.0,,,,,,,,
808 MBET,808-mbet-lever-handle,lever-handles,gallery 5,/images/products/808-mbet-lever-handle-6.webp,manual,edge is not uniformly white or transparent,other / uncertain,boundary-fill,3.8,0.0,,,,,,,,
808 SNET,808-snet-lever-handle,lever-handles,hero,/images/products/808-snet-lever-handle.webp,measured,,white,edge-matched-clone,100.0,0.0,83.6,61.3,51.3,21.0,85.9,2.3,1,
808 SNET,808-snet-lever-handle,lever-handles,gallery 1,/images/products/808-snet-lever-handle-2.webp,measured,,white,edge-matched-clone,100.0,0.0,89.1,53.9,48.0,21.0,76.6,-2.7,1,high visual baseline
808 SNET,808-snet-lever-handle,lever-handles,gallery 2,/images/products/808-snet-lever-handle-3.webp,measured,,white,edge-matched-clone,100.0,0.0,81.3,63.3,51.4,5.9,84.8,0.0,4,
808 SNET,808-snet-lever-handle,lever-handles,gallery 3,/images/products/808-snet-lever-handle-4.webp,manual,edge is not uniformly white or transparent,other / uncertain,boundary-fill,0.1,0.0,,,,,,,,
808 SNPS,808-snps-lever-handle,lever-handles,hero,/images/products/808-snps-lever-handle.webp,measured,,white,none,99.7,0.0,94.5,57.0,53.9,21.1,78.5,0.0,1,
808 SNPS,808-snps-lever-handle,lever-handles,gallery 1,/images/products/808-snps-lever-handle-2.webp,measured,,white,none,100.0,0.0,83.6,73.8,61.7,18.6,91.4,0.0,1,
808 SNPS,808-snps-lever-handle,lever-handles,gallery 2,/images/products/808-snps-lever-handle-3.webp,measured,,white,none,100.0,0.0,92.2,73.0,67.3,21.7,89.5,0.0,4,
808 SNPS,808-snps-lever-handle,lever-handles,gallery 3,/images/products/808-snps-lever-handle-4.webp,manual,edge is not uniformly white or transparent,other / uncertain,none,0.1,0.0,,,,,,,,
80SN,80sn-lock-cylinder,lock-cylinders,hero,/images/products/80sn-lock-cylinder.webp,measured,,white,boundary-fill,98.8,0.0,96.1,71.5,68.7,28.3,89.5,0.0,3,
80SN,80sn-lock-cylinder,lock-cylinders,gallery 1,/images/products/80sn-lock-cylinder-2.webp,measured,,white,edge-matched-clone,100.0,0.0,86.7,73.4,63.7,22.4,87.9,-2.0,6,
80SN,80sn-lock-cylinder,lock-cylinders,gallery 2,/images/products/80sn-lock-cylinder-3.webp,measured,,white,edge-matched-clone,100.0,0.0,84.0,77.0,64.6,28.4,94.1,1.0,2,
80SN,80sn-lock-cylinder,lock-cylinders,gallery 3,/images/products/80sn-lock-cylinder-4.webp,manual,edge is not uniformly white or transparent,other / uncertain,boundary-fill,7.3,0.0,,,,,,,,
80SN,80sn-lock-cylinder,lock-cylinders,gallery 4,/images/products/80sn-lock-cylinder-5.webp,manual,possible separate corner logo or label,white,none,100.0,0.0,,,,,,,,
80SN,80sn-lock-cylinder,lock-cylinders,gallery 5,/images/products/80sn-lock-cylinder-6.webp,manual,edge is not uniformly white or transparent,other / uncertain,none,82.9,0.0,,,,,,,,
80SN,80sn-lock-cylinder,lock-cylinders,gallery 6,/images/products/80sn-lock-cylinder-7.webp,measured,,white,edge-matched-clone,100.0,0.0,91.4,57.4,52.5,29.3,82.8,0.4,3,
812 SSET,812-sset-lever-handle,lever-handles,hero,/images/products/812-sset-lever-handle.webp,measured,,white,edge-matched-clone,100.0,0.0,86.3,41.0,35.4,12.4,71.5,2.9,1,high visual baseline
812 SSET,812-sset-lever-handle,lever-handles,gallery 1,/images/products/812-sset-lever-handle-2.webp,measured,,white,edge-matched-clone,100.0,0.0,78.5,40.6,31.9,12.5,70.7,4.1,1,high visual baseline
812 SSET,812-sset-lever-handle,lever-handles,gallery 2,/images/products/812-sset-lever-handle-3.webp,measured,,white,edge-matched-clone,100.0,0.0,82.0,61.3,50.3,15.2,90.2,-1.6,1,
812 SSET,812-sset-lever-handle,lever-handles,gallery 3,/images/products/812-sset-lever-handle-4.webp,measured,,white,edge-matched-clone,99.9,0.0,90.6,48.8,44.3,11.7,76.2,2.3,1,high visual baseline
812 SSET,812-sset-lever-handle,lever-handles,gallery 4,/images/products/812-sset-lever-handle-5.webp,manual,edge is not uniformly white or transparent,other / uncertain,boundary-fill,0.3,0.0,,,,,,,,
812 SSET,812-sset-lever-handle,lever-handles,gallery 5,/images/products/812-sset-lever-handle-6.webp,manual,edge is not uniformly white or transparent,other / uncertain,boundary-fill,2.1,0.0,,,,,,,,
816 PBET,816-pbet-lever-handle,lever-handles,hero,/images/products/816-pbet-lever-handle.webp,measured,,white,edge-matched-clone,100.0,0.0,85.2,56.3,47.9,21.1,81.3,0.0,1,
816 PBET,816-pbet-lever-handle,lever-handles,gallery 1,/images/products/816-pbet-lever-handle-2.webp,measured,,white,edge-matched-clone,98.6,0.0,94.9,51.2,48.6,20.2,73.0,1.4,1,high visual baseline
816 PBET,816-pbet-lever-handle,lever-handles,gallery 2,/images/products/816-pbet-lever-handle-3.webp,measured,,white,edge-matched-clone,99.4,0.0,95.3,52.3,49.9,21.1,74.6,-0.4,1,high visual baseline
816 PBET,816-pbet-lever-handle,lever-handles,gallery 3,/images/products/816-pbet-lever-handle-4.webp,manual,known logo exclusion may touch product,white,boundary-fill,100.0,0.0,,,,,,,,
816 PBET,816-pbet-lever-handle,lever-handles,gallery 4,/images/products/816-pbet-lever-handle-5.webp,measured,,white,edge-matched-clone,99.4,0.0,93.0,93.8,87.2,22.2,95.3,0.0,6,
816 PBET,816-pbet-lever-handle,lever-handles,gallery 5,/images/products/816-pbet-lever-handle-6.webp,measured,,white,edge-matched-clone,99.7,0.0,94.5,62.1,58.7,6.4,84.8,-1.2,2,
816 PBET,816-pbet-lever-handle,lever-handles,gallery 6,/images/products/816-pbet-lever-handle-7.webp,manual,edge is not uniformly white or transparent,other / uncertain,boundary-fill,0.6,0.0,,,,,,,,
816 PBET,816-pbet-lever-handle,lever-handles,gallery 7,/images/products/816-pbet-lever-handle-8.webp,manual,edge is not uniformly white or transparent,other / uncertain,boundary-fill,0.5,0.0,,,,,,,,
816 SNET,816-snet-lever-handle,lever-handles,hero,/images/products/816-snet-lever-handle.webp,measured,,white,edge-matched-clone,100.0,0.0,87.5,56.6,49.6,20.8,79.3,0.0,1,
816 SNET,816-snet-lever-handle,lever-handles,gallery 1,/images/products/816-snet-lever-handle-2.webp,measured,,white,edge-matched-clone,100.0,0.0,88.3,64.5,56.9,20.7,80.5,-2.7,1,
816 SNET,816-snet-lever-handle,lever-handles,gallery 2,/images/products/816-snet-lever-handle-3.webp,measured,,white,boundary-fill,100.0,0.0,86.7,80.1,69.4,32.7,90.6,1.6,4,
816 SNET,816-snet-lever-handle,lever-handles,gallery 3,/images/products/816-snet-lever-handle-4.webp,manual,edge is not uniformly white or transparent,other / uncertain,boundary-fill,0.0,0.0,,,,,,,,
816 SNET,816-snet-lever-handle,lever-handles,gallery 4,/images/products/816-snet-lever-handle-5.webp,manual,edge is not uniformly white or transparent,other / uncertain,boundary-fill,0.1,0.0,,,,,,,,
816 SNET,816-snet-lever-handle,lever-handles,gallery 5,/images/products/816-snet-lever-handle-6.webp,measured,,white,edge-matched-clone,99.4,0.0,96.1,63.3,60.8,7.2,83.6,0.4,5,
819 PBET,819-pbet-lever-handle,lever-handles,hero,/images/products/819-pbet-lever-handle.webp,measured,,white,none,100.0,0.0,92.6,52.0,48.1,20.3,76.2,0.2,1,high visual baseline
819 PBET,819-pbet-lever-handle,lever-handles,gallery 1,/images/products/819-pbet-lever-handle-2.webp,manual,edge is not uniformly white or transparent,other / uncertain,none,0.0,0.0,,,,,,,,
836,836-lever-handle,lever-handles,hero,/images/products/836-lever-handle.webp,measured,,white,none,99.8,0.0,92.2,52.7,48.6,20.4,79.3,2.0,1,
836,836-lever-handle,lever-handles,gallery 1,/images/products/836-lever-handle-2.webp,manual,edge is not uniformly white or transparent,other / uncertain,none,16.5,0.0,,,,,,,,
836,836-lever-handle,lever-handles,gallery 2,/images/products/836-lever-handle-3.webp,measured,,white,none,100.0,0.0,90.6,73.4,66.6,24.2,89.5,1.2,1,
836,836-lever-handle,lever-handles,gallery 3,/images/products/836-lever-handle-4.webp,manual,edge is not uniformly white or transparent,other / uncertain,none,97.6,0.0,,,,,,,,
836 SNET,836-snet-lever-handle,lever-handles,hero,/images/products/836-snet-lever-handle.webp,measured,,white,edge-matched-clone,99.8,0.0,90.2,52.7,47.6,20.1,79.3,2.9,1,
836 SNET,836-snet-lever-handle,lever-handles,gallery 1,/images/products/836-snet-lever-handle-2.webp,measured,,white,edge-matched-clone,99.2,0.0,90.2,73.4,66.3,24.2,89.8,3.3,1,
836 SNET,836-snet-lever-handle,lever-handles,gallery 2,/images/products/836-snet-lever-handle-3.webp,manual,edge is not uniformly white or transparent,other / uncertain,edge-matched-clone,97.4,0.0,,,,,,,,
836 SNET,836-snet-lever-handle,lever-handles,gallery 3,/images/products/836-snet-lever-handle-5.webp,measured,,white,edge-matched-clone,100.0,0.0,91.0,57.8,52.6,6.2,83.6,0.2,2,
836 SNET,836-snet-lever-handle,lever-handles,gallery 4,/images/products/836-snet-lever-handle-6.webp,manual,edge is not uniformly white or transparent,other / uncertain,boundary-fill,0.0,0.0,,,,,,,,
836 SNET,836-snet-lever-handle,lever-handles,gallery 5,/images/products/836-snet-lever-handle-7.webp,manual,edge is not uniformly white or transparent,other / uncertain,boundary-fill,0.0,0.0,,,,,,,,
853 SNBK,853-snbk-lever-handle,lever-handles,hero,/images/products/853-snbk-lever-handle.webp,measured,,white,edge-matched-clone,100.0,0.0,78.1,57.0,44.6,20.3,81.3,3.9,1,
853 SNBK,853-snbk-lever-handle,lever-handles,gallery 1,/images/products/853-snbk-lever-handle-2.webp,measured,,white,edge-matched-clone,100.0,0.0,86.7,55.9,48.4,26.9,80.1,-1.2,1,
853 SNBK,853-snbk-lever-handle,lever-handles,gallery 2,/images/products/853-snbk-lever-handle-3.webp,manual,edge is not uniformly white or transparent,other / uncertain,boundary-fill,7.9,0.0,,,,,,,,
853 SNBK,853-snbk-lever-handle,lever-handles,gallery 3,/images/products/853-snbk-lever-handle-4.webp,manual,edge is not uniformly white or transparent,other / uncertain,none,15.3,0.0,,,,,,,,
853 SNBK,853-snbk-lever-handle,lever-handles,gallery 4,/images/products/853-snbk-lever-handle-5.webp,measured,,white,boundary-fill,99.0,0.0,94.9,98.0,93.1,24.8,98.4,0.2,11,touches canvas edge
853 SSBK,853-ssbk-lever-handle,lever-handles,hero,/images/products/853-ssbk-lever-handle.webp,measured,,white,edge-matched-clone,100.0,0.0,78.1,55.1,43.0,15.9,81.6,3.5,1,
853 SSBK,853-ssbk-lever-handle,lever-handles,gallery 1,/images/products/853-ssbk-lever-handle-2.webp,measured,,white,boundary-fill,100.0,0.0,87.5,76.6,67.0,23.6,94.1,2.7,4,
853 SSBK,853-ssbk-lever-handle,lever-handles,gallery 2,/images/products/853-ssbk-lever-handle-3.webp,manual,edge is not uniformly white or transparent,other / uncertain,boundary-fill,1.0,0.0,,,,,,,,
853 SSBK,853-ssbk-lever-handle,lever-handles,gallery 3,/images/products/853-ssbk-lever-handle-4.webp,measured,,white,edge-matched-clone,100.0,0.0,86.3,52.0,44.9,18.6,81.6,0.2,1,
853 SSBK,853-ssbk-lever-handle,lever-handles,gallery 4,/images/products/853-ssbk-lever-handle-5.webp,manual,edge is not uniformly white or transparent,other / uncertain,none,7.0,0.0,,,,,,,,
8803 SNBK,8803-snbk-lever-handle,lever-handles,hero,/images/products/8803-snbk-lever-handle.webp,measured,,white,none,100.0,0.0,76.6,52.7,40.4,15.0,76.6,0.4,1,high visual baseline
8803 SNBK,8803-snbk-lever-handle,lever-handles,gallery 1,/images/products/8803-snbk-lever-handle-2.webp,measured,,white,edge-matched-clone,100.0,0.0,91.0,77.7,70.8,29.8,90.6,0.6,1,
8803 SNBK,8803-snbk-lever-handle,lever-handles,gallery 2,/images/products/8803-snbk-lever-handle-3.webp,measured,,white,edge-matched-clone,98.9,0.0,94.5,70.7,66.8,29.5,85.2,0.8,1,
8803 SNBK,8803-snbk-lever-handle,lever-handles,gallery 3,/images/products/8803-snbk-lever-handle-4.webp,measured,,white,edge-matched-clone,99.7,0.0,90.6,92.2,83.5,23.0,93.8,-0.8,2,
8803 SNBK,8803-snbk-lever-handle,lever-handles,gallery 4,/images/products/8803-snbk-lever-handle-5.webp,manual,edge is not uniformly white or transparent,other / uncertain,boundary-fill,0.0,0.0,,,,,,,,
8803 SNBK,8803-snbk-lever-handle,lever-handles,gallery 5,/images/products/8803-snbk-lever-handle-6.webp,manual,edge is not uniformly white or transparent,other / uncertain,boundary-fill,0.0,0.0,,,,,,,,
8803 SNBK,8803-snbk-lever-handle,lever-handles,gallery 6,/images/products/8803-snbk-lever-handle-7.webp,manual,edge is not uniformly white or transparent,other / uncertain,none,58.6,0.0,,,,,,,,
8803 SNET,8803-snet-lever-handle,lever-handles,hero,/images/products/8803-snet-lever-handle.webp,measured,,white,none,100.0,0.0,75.8,52.0,39.4,14.7,77.3,-0.8,1,high visual baseline
8803 SNET,8803-snet-lever-handle,lever-handles,gallery 1,/images/products/8803-snet-lever-handle-2.webp,manual,edge is not uniformly white or transparent,other / uncertain,boundary-fill,0.0,0.0,,,,,,,,
8803 SNET,8803-snet-lever-handle,lever-handles,gallery 2,/images/products/8803-snet-lever-handle-3.webp,manual,edge is not uniformly white or transparent,other / uncertain,boundary-fill,0.0,0.0,,,,,,,,
8803 SNET,8803-snet-lever-handle,lever-handles,gallery 3,/images/products/8803-snet-lever-handle-4.webp,measured,,white,edge-matched-clone,100.0,0.0,91.4,77.7,71.1,29.6,90.6,0.4,1,
8803 SNET,8803-snet-lever-handle,lever-handles,gallery 4,/images/products/8803-snet-lever-handle-5.webp,measured,,white,edge-matched-clone,98.9,0.0,94.5,70.7,66.8,29.5,85.2,0.8,1,
8803 SNET,8803-snet-lever-handle,lever-handles,gallery 5,/images/products/8803-snet-lever-handle-6.webp,measured,,white,edge-matched-clone,99.7,0.0,90.6,92.2,83.5,23.0,93.8,-0.8,2,
8803 SNET,8803-snet-lever-handle,lever-handles,gallery 6,/images/products/8803-snet-lever-handle-7.webp,manual,edge is not uniformly white or transparent,other / uncertain,none,58.6,0.0,,,,,,,,
8803 SNET,8803-snet-lever-handle,lever-handles,gallery 7,/images/products/8803-snet-lever-handle-8.webp,manual,edge is not uniformly white or transparent,other / uncertain,none,66.5,0.0,,,,,,,,
8806 SSBK,8806-ssbk-lever-handle,lever-handles,hero,/images/products/8806-ssbk-lever-handle.webp,measured,,white,none,100.0,0.0,81.6,43.8,35.7,16.9,72.3,1.8,1,high visual baseline
8806 SSBK,8806-ssbk-lever-handle,lever-handles,gallery 1,/images/products/8806-ssbk-lever-handle-2.webp,measured,,white,edge-matched-clone,100.0,0.0,84.0,53.5,44.9,22.2,75.0,3.7,1,high visual baseline
8806 SSBK,8806-ssbk-lever-handle,lever-handles,gallery 2,/images/products/8806-ssbk-lever-handle-3.webp,measured,,white,edge-matched-clone,100.0,0.0,85.9,55.9,48.0,22.1,75.8,3.5,1,high visual baseline
8806 SSBK,8806-ssbk-lever-handle,lever-handles,gallery 3,/images/products/8806-ssbk-lever-handle-4.webp,measured,,white,edge-matched-clone,100.0,0.0,87.1,89.5,77.9,23.6,93.4,-2.1,10,
8806 SSBK,8806-ssbk-lever-handle,lever-handles,gallery 4,/images/products/8806-ssbk-lever-handle-5.webp,measured,,white,edge-matched-clone,99.7,0.0,94.5,77.3,73.1,8.5,88.7,0.0,6,
8806 SSBK,8806-ssbk-lever-handle,lever-handles,gallery 5,/images/products/8806-ssbk-lever-handle-6.webp,manual,edge is not uniformly white or transparent,other / uncertain,boundary-fill,3.8,0.0,,,,,,,,
8806 SSBK,8806-ssbk-lever-handle,lever-handles,gallery 6,/images/products/8806-ssbk-lever-handle-7.webp,manual,edge is not uniformly white or transparent,other / uncertain,boundary-fill,0.0,0.0,,,,,,,,
8806 SSET,8806-sset-lever-handle,lever-handles,hero,/images/products/8806-sset-lever-handle.webp,measured,,white,none,100.0,0.0,82.0,43.8,35.9,16.9,72.3,1.2,1,high visual baseline
8806 SSET,8806-sset-lever-handle,lever-handles,gallery 1,/images/products/8806-sset-lever-handle-2.webp,measured,,white,edge-matched-clone,100.0,0.0,84.8,53.5,45.4,21.9,78.1,4.1,1,
8806 SSET,8806-sset-lever-handle,lever-handles,gallery 2,/images/products/8806-sset-lever-handle-3.webp,measured,,white,edge-matched-clone,100.0,0.0,84.4,54.7,46.1,21.3,75.4,3.9,1,high visual baseline
8806 SSET,8806-sset-lever-handle,lever-handles,gallery 3,/images/products/8806-sset-lever-handle-4.webp,measured,,white,edge-matched-clone,100.0,0.0,87.1,92.2,80.3,26.5,96.1,-2.1,10,
8806 SSET,8806-sset-lever-handle,lever-handles,gallery 4,/images/products/8806-sset-lever-handle-5.webp,measured,,white,edge-matched-clone,99.7,0.0,94.5,77.3,73.1,8.5,88.7,0.0,6,
8806 SSET,8806-sset-lever-handle,lever-handles,gallery 5,/images/products/8806-sset-lever-handle-6.webp,manual,edge is not uniformly white or transparent,other / uncertain,boundary-fill,0.0,0.0,,,,,,,,
8806 SSET,8806-sset-lever-handle,lever-handles,gallery 6,/images/products/8806-sset-lever-handle-7.webp,manual,edge is not uniformly white or transparent,other / uncertain,boundary-fill,0.4,0.0,,,,,,,,
881 SS,881-ss-sliding-hook-lock,sliding-hook-locks,hero,/images/products/881-ss-sliding-hook-lock.webp,measured,,white,edge-matched-clone,99.9,0.0,84.8,78.1,66.2,30.9,96.9,1.4,8,
881 SS,881-ss-sliding-hook-lock,sliding-hook-locks,gallery 1,/images/products/881-ss-sliding-hook-lock-2.webp,measured,,white,edge-matched-clone,100.0,0.0,54.3,72.7,39.5,29.5,87.1,1.0,2,
881 SS,881-ss-sliding-hook-lock,sliding-hook-locks,gallery 2,/images/products/881-ss-sliding-hook-lock-3.webp,measured,,white,edge-matched-clone,100.0,0.0,82.0,57.4,47.1,25.5,84.0,0.4,9,
881 SS,881-ss-sliding-hook-lock,sliding-hook-locks,gallery 3,/images/products/881-ss-sliding-hook-lock-4.webp,measured,,white,edge-matched-clone,100.0,0.0,86.7,73.4,63.7,43.9,86.7,0.0,1,
881 SS,881-ss-sliding-hook-lock,sliding-hook-locks,gallery 4,/images/products/881-ss-sliding-hook-lock-5.webp,manual,edge is not uniformly white or transparent,other / uncertain,none,0.0,0.0,,,,,,,,
881 SS,881-ss-sliding-hook-lock,sliding-hook-locks,gallery 5,/images/products/881-ss-sliding-hook-lock-6.webp,manual,edge is not uniformly white or transparent,other / uncertain,none,0.0,0.0,,,,,,,,
8826 SNBK,8826-snbk-lever-handle,lever-handles,hero,/images/products/8826-snbk-lever-handle.webp,measured,,white,none,100.0,0.0,77.0,55.1,42.4,16.8,77.7,1.0,1,high visual baseline
8826 SNBK,8826-snbk-lever-handle,lever-handles,gallery 1,/images/products/8826-snbk-lever-handle-2.webp,manual,edge is not uniformly white or transparent,other / uncertain,boundary-fill,0.2,0.0,,,,,,,,
8826 SNBK,8826-snbk-lever-handle,lever-handles,gallery 2,/images/products/8826-snbk-lever-handle-3.webp,manual,edge is not uniformly white or transparent,other / uncertain,boundary-fill,0.0,0.0,,,,,,,,
8826 SNBK,8826-snbk-lever-handle,lever-handles,gallery 3,/images/products/8826-snbk-lever-handle-4.webp,measured,,white,edge-matched-clone,99.7,0.0,87.9,60.2,52.9,23.5,76.6,-4.1,1,high visual baseline
8826 SNBK,8826-snbk-lever-handle,lever-handles,gallery 4,/images/products/8826-snbk-lever-handle-5.webp,measured,,white,edge-matched-clone,100.0,0.0,83.2,78.5,65.3,19.4,91.0,0.2,11,
8826 SNBK,8826-snbk-lever-handle,lever-handles,gallery 5,/images/products/8826-snbk-lever-handle-6.webp,manual,edge is not uniformly white or transparent,other / uncertain,none,52.3,0.0,,,,,,,,
8826 SNBK,8826-snbk-lever-handle,lever-handles,gallery 6,/images/products/8826-snbk-lever-handle-7.webp,manual,edge is not uniformly white or transparent,other / uncertain,none,1.1,0.0,,,,,,,,
8826 SNET,8826-snet-lever-handle,lever-handles,hero,/images/products/8826-snet-lever-handle.webp,measured,,white,none,100.0,0.0,77.3,55.5,42.9,17.0,77.3,1.2,1,high visual baseline
8826 SNET,8826-snet-lever-handle,lever-handles,gallery 1,/images/products/8826-snet-lever-handle-2.webp,measured,,white,edge-matched-clone,100.0,0.0,86.3,66.0,57.0,25.0,81.3,0.6,1,
8826 SNET,8826-snet-lever-handle,lever-handles,gallery 2,/images/products/8826-snet-lever-handle-3.webp,measured,,white,edge-matched-clone,99.9,0.0,87.9,60.2,52.9,23.1,76.6,-3.3,1,high visual baseline
8826 SNET,8826-snet-lever-handle,lever-handles,gallery 3,/images/products/8826-snet-lever-handle-4.webp,manual,edge is not uniformly white or transparent,other / uncertain,boundary-fill,0.0,0.0,,,,,,,,
8826 SNET,8826-snet-lever-handle,lever-handles,gallery 4,/images/products/8826-snet-lever-handle-5.webp,manual,edge is not uniformly white or transparent,other / uncertain,boundary-fill,0.0,0.0,,,,,,,,
8826 SNET,8826-snet-lever-handle,lever-handles,gallery 5,/images/products/8826-snet-lever-handle-6.webp,manual,edge is not uniformly white or transparent,other / uncertain,boundary-fill,96.8,0.0,,,,,,,,
8826 SNET,8826-snet-lever-handle,lever-handles,gallery 6,/images/products/8826-snet-lever-handle-7.webp,manual,edge is not uniformly white or transparent,other / uncertain,none,52.3,0.0,,,,,,,,
8826 SNET,8826-snet-lever-handle,lever-handles,gallery 7,/images/products/8826-snet-lever-handle-8.webp,manual,edge is not uniformly white or transparent,other / uncertain,none,1.1,0.0,,,,,,,,
8827 SSET,8827-sset-lever-handle,lever-handles,hero,/images/products/8827-sset-lever-handle.webp,measured,,white,edge-matched-clone,100.0,0.0,86.3,46.5,40.1,19.2,77.0,3.3,1,high visual baseline
8827 SSET,8827-sset-lever-handle,lever-handles,gallery 1,/images/products/8827-sset-lever-handle-2.webp,measured,,white,edge-matched-clone,100.0,0.0,73.4,76.2,55.9,4.2,91.8,3.5,11,
8827 SSET,8827-sset-lever-handle,lever-handles,gallery 2,/images/products/8827-lever-handle-3.webp,manual,edge is not uniformly white or transparent,other / uncertain,boundary-fill,0.9,0.0,,,,,,,,
8827 SSET,8827-sset-lever-handle,lever-handles,gallery 3,/images/products/8827-lever-handle-4.webp,manual,edge is not uniformly white or transparent,other / uncertain,boundary-fill,0.2,0.0,,,,,,,,
8828 SSET,8828-sset-lever-handle,lever-handles,hero,/images/products/8828-sset-lever-handle.webp,measured,,white,edge-matched-clone,99.9,0.0,88.3,41.8,36.9,18.2,72.7,3.1,1,high visual baseline
8828 SSET,8828-sset-lever-handle,lever-handles,gallery 1,/images/products/8828-sset-lever-handle-2.webp,measured,,white,edge-matched-clone,100.0,0.0,71.1,62.9,44.7,4.0,82.0,6.3,4,
8828 SSET,8828-sset-lever-handle,lever-handles,gallery 2,/images/products/8828-lever-handle-3.webp,manual,edge is not uniformly white or transparent,other / uncertain,boundary-fill,8.5,0.0,,,,,,,,
8828 SSET,8828-sset-lever-handle,lever-handles,gallery 3,/images/products/8828-lever-handle-4.webp,manual,edge is not uniformly white or transparent,other / uncertain,boundary-fill,0.6,0.0,,,,,,,,
90 BSKT,90-bskt-lock-cylinder,lock-cylinders,hero,/images/products/90-bskt-lock-cylinder.webp,measured,,white,none,100.0,0.0,54.7,59.4,32.5,13.7,79.7,0.0,3,
90 BSKT,90-bskt-lock-cylinder,lock-cylinders,gallery 1,/images/products/90-bskt-lock-cylinder-2.webp,measured,,white,edge-matched-clone,100.0,0.0,71.5,83.2,59.5,17.9,90.6,-1.0,6,
90 BSKT,90-bskt-lock-cylinder,lock-cylinders,gallery 2,/images/products/90-bskt-lock-cylinder-3.webp,manual,edge is not uniformly white or transparent,other / uncertain,none,3.8,0.0,,,,,,,,
90 MBKT CP,90-mbkt-cp-lock-cylinder,lock-cylinders,hero,/images/products/90-mbkt-cp-lock-cylinder.webp,measured,,white,none,100.0,0.0,72.3,59.0,42.6,21.6,79.7,0.2,3,
90 MBKT CP,90-mbkt-cp-lock-cylinder,lock-cylinders,gallery 1,/images/products/90-mbkt-cp-lock-cylinder-2.webp,measured,,white,edge-matched-clone,100.0,0.0,72.3,52.0,37.5,18.7,74.6,2.9,1,high visual baseline
90 MBKT CP,90-mbkt-cp-lock-cylinder,lock-cylinders,gallery 2,/images/products/90-mbkt-cp-lock-cylinder-3.webp,measured,,white,edge-matched-clone,100.0,0.0,68.0,55.9,38.0,17.1,80.1,3.5,1,
90 MBKT CP,90-mbkt-cp-lock-cylinder,lock-cylinders,gallery 3,/images/products/90-mbkt-cp-lock-cylinder-4.webp,measured,,white,edge-matched-clone,100.0,0.0,84.4,31.6,26.7,14.4,70.3,-4.3,5,small bounding box; high visual baseline
90 SNDK,90-sndk-lock-cylinder,lock-cylinders,hero,/images/products/90-sndk-lock-cylinder.webp,measured,,white,none,100.0,0.0,62.5,59.0,36.9,18.2,79.7,1.2,3,
90 SNDK,90-sndk-lock-cylinder,lock-cylinders,gallery 1,/images/products/90-sndk-lock-cylinder-2.webp,measured,,white,edge-matched-clone,100.0,0.0,73.8,78.1,57.7,21.4,90.2,-1.0,7,
90 SNDK,90-sndk-lock-cylinder,lock-cylinders,gallery 2,/images/products/90-sndk-lock-cylinder-3.webp,manual,edge is not uniformly white or transparent,other / uncertain,none,97.8,0.0,,,,,,,,
90 SNKT,90-snkt-lock-cylinder,lock-cylinders,hero,/images/products/90-snkt-lock-cylinder.webp,measured,,white,none,100.0,0.0,52.7,59.8,31.5,12.7,79.7,0.2,3,
90 SNKT,90-snkt-lock-cylinder,lock-cylinders,gallery 1,/images/products/90-snkt-lock-cylinder-2.webp,measured,,white,edge-matched-clone,100.0,0.0,68.4,81.6,55.8,17.6,89.8,-0.6,9,
9001,9001-stainless-steel-handle,stainless-steel-handles,hero,/images/products/9001-stainless-steel-handle.webp,measured,,white,edge-matched-clone,100.0,0.0,78.5,59.0,46.3,17.3,83.6,4.1,2,
9001,9001-stainless-steel-handle,stainless-steel-handles,gallery 1,/images/products/9001-stainless-steel-handle-2.webp,measured,,white,edge-matched-clone,100.0,0.0,66.4,53.1,35.3,12.2,78.5,1.2,1,
9001,9001-stainless-steel-handle,stainless-steel-handles,gallery 2,/images/products/9001-stainless-steel-handle-3.webp,manual,edge is not uniformly white or transparent,other / uncertain,boundary-fill,0.0,0.0,,,,,,,,
9001,9001-stainless-steel-handle,stainless-steel-handles,gallery 3,/images/products/9001-stainless-steel-handle-4.webp,manual,edge is not uniformly white or transparent,other / uncertain,edge-matched-clone,0.0,0.0,,,,,,,,
9001,9001-stainless-steel-handle,stainless-steel-handles,gallery 4,/images/products/9001-stainless-steel-handle-5.webp,measured,,white,edge-matched-clone,100.0,0.0,78.5,61.3,48.2,17.6,83.6,4.1,4,
9002E,9002e-stainless-steel-handle,stainless-steel-handles,hero,/images/products/9002e-stainless-steel-handle.webp,measured,,white,edge-matched-clone,100.0,0.0,74.6,58.6,43.7,14.0,82.0,2.9,2,
9002E,9002e-stainless-steel-handle,stainless-steel-handles,gallery 1,/images/products/9002e-stainless-steel-handle-2.webp,measured,,white,edge-matched-clone,100.0,0.0,75.8,50.0,37.9,14.6,75.0,4.7,1,high visual baseline
9002E,9002e-stainless-steel-handle,stainless-steel-handles,gallery 2,/images/products/9002e-stainless-steel-handle-3.webp,manual,edge is not uniformly white or transparent,other / uncertain,boundary-fill,0.0,0.0,,,,,,,,
9002E,9002e-stainless-steel-handle,stainless-steel-handles,gallery 3,/images/products/9002e-stainless-steel-handle-4.webp,measured,,white,edge-matched-clone,100.0,0.0,75.0,66.8,50.1,14.7,82.0,2.7,3,
9003E,9003e-stainless-steel-handle,stainless-steel-handles,hero,/images/products/9003e-stainless-steel-handle.webp,measured,,white,edge-matched-clone,100.0,0.0,75.8,64.1,48.5,15.3,85.5,2.0,2,
9003E,9003e-stainless-steel-handle,stainless-steel-handles,gallery 1,/images/products/9003e-stainless-steel-handle-2.webp,manual,edge is not uniformly white or transparent,other / uncertain,edge-matched-clone,96.5,0.0,,,,,,,,
9003E,9003e-stainless-steel-handle,stainless-steel-handles,gallery 2,/images/products/9003e-stainless-steel-handle-3.webp,measured,,white,edge-matched-clone,100.0,0.0,93.0,34.4,32.0,12.3,69.1,0.0,2,high visual baseline
9003E,9003e-stainless-steel-handle,stainless-steel-handles,gallery 3,/images/products/9003e-stainless-steel-handle-4.webp,manual,edge is not uniformly white or transparent,other / uncertain,boundary-fill,1.2,0.0,,,,,,,,
9003E,9003e-stainless-steel-handle,stainless-steel-handles,gallery 4,/images/products/9003e-stainless-steel-handle-5.webp,measured,,white,edge-matched-clone,100.0,0.0,79.3,73.8,58.5,3.9,88.3,-0.6,8,
9003E,9003e-stainless-steel-handle,stainless-steel-handles,gallery 5,/images/products/9003e-stainless-steel-handle-6.webp,manual,edge is not uniformly white or transparent,other / uncertain,boundary-fill,2.1,0.0,,,,,,,,
9004,9004-stainless-steel-handle,stainless-steel-handles,hero,/images/products/9004-stainless-steel-handle.webp,measured,,white,edge-matched-clone,100.0,0.0,76.2,57.8,44.0,15.1,84.8,3.3,2,
9004,9004-stainless-steel-handle,stainless-steel-handles,gallery 1,/images/products/9004-stainless-steel-handle-2.webp,manual,edge is not uniformly white or transparent,other / uncertain,boundary-fill,0.0,0.0,,,,,,,,
9004,9004-stainless-steel-handle,stainless-steel-handles,gallery 2,/images/products/9004-stainless-steel-handle-3.webp,measured,,white,edge-matched-clone,100.0,0.0,85.9,27.7,23.8,13.2,64.5,0.8,1,small bounding box; high visual baseline
9004,9004-stainless-steel-handle,stainless-steel-handles,gallery 3,/images/products/9004-stainless-steel-handle-4.webp,measured,,white,edge-matched-clone,100.0,0.0,77.7,52.3,40.7,16.1,75.8,1.8,3,high visual baseline
9004S,9004s-stainless-steel-handle,stainless-steel-handles,hero,/images/products/9004s-stainless-steel-handle.webp,measured,,white,edge-matched-clone,99.6,0.0,84.0,64.8,54.5,20.8,87.5,5.7,2,
9004S,9004s-stainless-steel-handle,stainless-steel-handles,gallery 1,/images/products/9004s-stainless-steel-handle-2.webp,measured,,white,edge-matched-clone,100.0,0.0,89.1,47.7,42.4,18.1,75.0,0.4,1,high visual baseline
9004S,9004s-stainless-steel-handle,stainless-steel-handles,gallery 2,/images/products/9004s-stainless-steel-handle-3.webp,measured,,white,edge-matched-clone,100.0,0.0,90.6,54.3,49.2,21.2,78.9,0.4,2,
9004S,9004s-stainless-steel-handle,stainless-steel-handles,gallery 3,/images/products/9004s-stainless-steel-handle-4.webp,measured,,white,edge-matched-clone,99.9,0.0,91.8,60.9,55.9,23.3,84.4,0.2,6,
9004S,9004s-stainless-steel-handle,stainless-steel-handles,gallery 4,/images/products/9004s-stainless-steel-handle-5.webp,manual,edge is not uniformly white or transparent,other / uncertain,boundary-fill,0.0,0.0,,,,,,,,
9004S,9004s-stainless-steel-handle,stainless-steel-handles,gallery 5,/images/products/9004s-stainless-steel-handle-6.webp,measured,,white,edge-matched-clone,100.0,0.0,92.6,82.0,75.9,5.1,91.8,-0.2,11,
9005E,9005e-stainless-steel-handle,stainless-steel-handles,hero,/images/products/9005e-stainless-steel-handle.webp,measured,,white,edge-matched-clone,100.0,0.0,78.5,57.4,45.1,14.0,82.4,4.9,2,
9005E,9005e-stainless-steel-handle,stainless-steel-handles,gallery 1,/images/products/9005e-stainless-steel-handle-2.webp,measured,,white,edge-matched-clone,100.0,0.0,82.4,51.2,42.2,17.0,77.3,1.0,1,high visual baseline
9005E,9005e-stainless-steel-handle,stainless-steel-handles,gallery 2,/images/products/9005e-stainless-steel-handle-3.webp,manual,edge is not uniformly white or transparent,other / uncertain,edge-matched-clone,76.2,0.0,,,,,,,,
9005E,9005e-stainless-steel-handle,stainless-steel-handles,gallery 3,/images/products/9005e-stainless-steel-handle-4.webp,measured,,white,edge-matched-clone,100.0,0.0,82.0,73.8,60.6,4.0,90.2,0.0,6,
9005E,9005e-stainless-steel-handle,stainless-steel-handles,gallery 4,/images/products/9005e-stainless-steel-handle-5.webp,manual,edge is not uniformly white or transparent,other / uncertain,none,0.0,0.0,,,,,,,,
9005S,9005s-stainless-steel-handle,stainless-steel-handles,hero,/images/products/9005s-stainless-steel-handle.webp,measured,,white,edge-matched-clone,100.0,0.0,74.6,57.8,43.1,16.5,82.4,5.3,2,
9005S,9005s-stainless-steel-handle,stainless-steel-handles,gallery 1,/images/products/9005s-stainless-steel-handle-2.webp,measured,,white,edge-matched-clone,100.0,0.0,73.0,30.9,22.5,11.9,66.4,1.0,1,small bounding box; high visual baseline
9005S,9005s-stainless-steel-handle,stainless-steel-handles,gallery 2,/images/products/9005s-stainless-steel-handle-3.webp,manual,edge is not uniformly white or transparent,other / uncertain,boundary-fill,0.0,0.0,,,,,,,,
9005S,9005s-stainless-steel-handle,stainless-steel-handles,gallery 3,/images/products/9005s-stainless-steel-handle-4.webp,measured,,white,edge-matched-clone,100.0,0.0,80.1,50.4,40.4,20.4,80.1,1.0,1,
9005S,9005s-stainless-steel-handle,stainless-steel-handles,gallery 4,/images/products/9005s-stainless-steel-handle-5.webp,measured,,white,edge-matched-clone,100.0,0.0,75.0,61.3,46.0,16.9,82.4,5.1,3,
9006S,9006s-stainless-steel-handle,stainless-steel-handles,hero,/images/products/9006s-stainless-steel-handle.webp,measured,,white,edge-matched-clone,100.0,0.0,77.7,57.4,44.6,17.5,83.2,4.1,2,
9006S,9006s-stainless-steel-handle,stainless-steel-handles,gallery 1,/images/products/9006s-stainless-steel-handle-2.webp,measured,,white,edge-matched-clone,100.0,0.0,76.6,33.6,25.7,13.9,65.2,0.8,1,small bounding box; high visual baseline
9006S,9006s-stainless-steel-handle,stainless-steel-handles,gallery 2,/images/products/9006s-stainless-steel-handle-3.webp,manual,edge is not uniformly white or transparent,other / uncertain,boundary-fill,0.1,0.0,,,,,,,,
9006S,9006s-stainless-steel-handle,stainless-steel-handles,gallery 3,/images/products/9006s-stainless-steel-handle-4.webp,measured,,white,edge-matched-clone,100.0,0.0,81.3,30.9,25.1,16.0,66.4,0.8,1,small bounding box; high visual baseline
9006S,9006s-stainless-steel-handle,stainless-steel-handles,gallery 4,/images/products/9006s-stainless-steel-handle-5.webp,measured,,white,edge-matched-clone,100.0,0.0,77.7,61.3,47.7,17.8,83.2,4.1,4,
9007,9007-stainless-steel-handle,stainless-steel-handles,hero,/images/products/9007-stainless-steel-handle.webp,manual,edge is not uniformly white or transparent,other / uncertain,edge-matched-clone,97.4,0.0,,,,,,,,
9007E,9007e-stainless-steel-handle,stainless-steel-handles,hero,/images/products/9007e-stainless-steel-handle.webp,measured,,white,edge-matched-clone,100.0,0.0,74.2,60.9,45.2,13.1,83.6,2.0,2,
9007E,9007e-stainless-steel-handle,stainless-steel-handles,gallery 1,/images/products/9007e-stainless-steel-handle-2.webp,measured,,white,edge-matched-clone,99.5,0.0,95.3,64.1,61.1,25.9,86.3,0.0,5,
9007E,9007e-stainless-steel-handle,stainless-steel-handles,gallery 2,/images/products/9007e-stainless-steel-handle-3.webp,measured,,white,edge-matched-clone,100.0,0.0,82.0,58.6,48.1,23.5,84.0,0.8,1,
9007E,9007e-stainless-steel-handle,stainless-steel-handles,gallery 3,/images/products/9007e-stainless-steel-handle-4.webp,measured,,white,edge-matched-clone,100.0,0.0,89.1,79.3,70.6,4.1,91.8,0.0,8,
9007E,9007e-stainless-steel-handle,stainless-steel-handles,gallery 4,/images/products/9007e-stainless-steel-handle-5.webp,measured,,white,edge-matched-clone,100.0,0.0,65.2,91.0,59.4,22.9,96.9,-6.1,1,
9007E,9007e-stainless-steel-handle,stainless-steel-handles,gallery 5,/images/products/9007e-stainless-steel-handle-6.webp,manual,edge is not uniformly white or transparent,other / uncertain,edge-matched-clone,0.5,0.0,,,,,,,,
9007S,9007s-stainless-steel-handle,stainless-steel-handles,hero,/images/products/9007s-stainless-steel-handle.webp,measured,,white,edge-matched-clone,100.0,0.0,82.4,60.9,50.2,15.6,83.2,3.7,2,
9007S,9007s-stainless-steel-handle,stainless-steel-handles,gallery 1,/images/products/9007s-stainless-steel-handle-2.webp,measured,,white,edge-matched-clone,98.9,0.0,94.9,61.7,58.6,30.8,87.1,1.0,3,
9007S,9007s-stainless-steel-handle,stainless-steel-handles,gallery 2,/images/products/9007s-stainless-steel-handle-3.webp,measured,,white,edge-matched-clone,99.7,0.0,91.4,39.8,36.4,14.2,74.6,-2.0,2,high visual baseline
9007S,9007s-stainless-steel-handle,stainless-steel-handles,gallery 3,/images/products/9007s-stainless-steel-handle-4.webp,measured,,white,edge-matched-clone,100.0,0.0,89.8,77.3,69.5,4.3,92.6,0.0,7,
9007S,9007s-stainless-steel-handle,stainless-steel-handles,gallery 4,/images/products/9007s-stainless-steel-handle-5.webp,manual,edge is not uniformly white or transparent,other / uncertain,boundary-fill,0.0,0.0,,,,,,,,
9008E,9008e-stainless-steel-handle,stainless-steel-handles,hero,/images/products/9008e-stainless-steel-handle.webp,measured,,white,edge-matched-clone,100.0,0.0,70.7,57.8,40.9,13.1,84.0,3.3,2,
9008E,9008e-stainless-steel-handle,stainless-steel-handles,gallery 1,/images/products/9008e-stainless-steel-handle-2.webp,measured,,white,edge-matched-clone,100.0,0.0,71.1,46.1,32.8,10.9,73.4,0.0,1,high visual baseline
9008E,9008e-stainless-steel-handle,stainless-steel-handles,gallery 2,/images/products/9008e-stainless-steel-handle-3.webp,manual,edge is not uniformly white or transparent,other / uncertain,boundary-fill,14.8,0.0,,,,,,,,
9008E,9008e-stainless-steel-handle,stainless-steel-handles,gallery 3,/images/products/9008e-stainless-steel-handle-4.webp,measured,,white,edge-matched-clone,100.0,0.0,71.1,65.6,46.7,13.6,84.0,3.1,3,
9008S,9008s-stainless-steel-handle,stainless-steel-handles,hero,/images/products/9008s-stainless-steel-handle.webp,measured,,white,edge-matched-clone,100.0,0.0,70.3,56.6,39.8,15.2,82.4,4.7,2,
9008S,9008s-stainless-steel-handle,stainless-steel-handles,gallery 1,/images/products/9008s-stainless-steel-handle-2.webp,measured,,white,edge-matched-clone,100.0,0.0,76.6,39.1,29.9,17.3,70.3,0.8,1,small bounding box; high visual baseline
9008S,9008s-stainless-steel-handle,stainless-steel-handles,gallery 2,/images/products/9008s-stainless-steel-handle-3.webp,manual,edge is not uniformly white or transparent,other / uncertain,boundary-fill,0.3,0.0,,,,,,,,
9008S,9008s-stainless-steel-handle,stainless-steel-handles,gallery 3,/images/products/9008s-stainless-steel-handle-4.webp,measured,,white,edge-matched-clone,100.0,0.0,77.7,29.7,23.1,13.4,62.9,0.2,1,small bounding box; high visual baseline
9008S,9008s-stainless-steel-handle,stainless-steel-handles,gallery 4,/images/products/9008s-stainless-steel-handle-5.webp,measured,,white,edge-matched-clone,100.0,0.0,70.3,60.9,42.8,15.5,82.4,4.7,4,
9010E,9010e-stainless-steel-handle,stainless-steel-handles,hero,/images/products/9010e-stainless-steel-handle.webp,measured,,white,edge-matched-clone,100.0,0.0,86.3,69.5,60.0,16.8,86.3,2.9,2,
9010E,9010e-stainless-steel-handle,stainless-steel-handles,gallery 1,/images/products/9010e-stainless-steel-handle-2.webp,measured,,white,edge-matched-clone,99.3,0.0,92.2,66.4,61.2,29.1,88.3,3.1,3,
9010E,9010e-stainless-steel-handle,stainless-steel-handles,gallery 2,/images/products/9010e-stainless-steel-handle-3.webp,manual,edge is not uniformly white or transparent,other / uncertain,edge-matched-clone,95.0,0.0,,,,,,,,
9010E,9010e-stainless-steel-handle,stainless-steel-handles,gallery 3,/images/products/9010e-stainless-steel-handle-4.webp,measured,,white,edge-matched-clone,100.0,0.0,83.2,77.3,64.4,3.7,91.4,2.1,7,
9010E,9010e-stainless-steel-handle,stainless-steel-handles,gallery 4,/images/products/9010e-stainless-steel-handle-5.webp,manual,edge is not uniformly white or transparent,other / uncertain,boundary-fill,0.0,0.0,,,,,,,,
9011E,9011e-stainless-steel-handle,stainless-steel-handles,hero,/images/products/9011e-stainless-steel-handle.webp,measured,,white,edge-matched-clone,100.0,0.0,78.5,56.3,44.2,13.3,80.9,4.5,2,
9011E,9011e-stainless-steel-handle,stainless-steel-handles,gallery 1,/images/products/9011e-stainless-steel-handle-2.webp,measured,,white,edge-matched-clone,100.0,0.0,80.1,55.1,44.1,14.3,78.9,-1.4,1,
9011E,9011e-stainless-steel-handle,stainless-steel-handles,gallery 2,/images/products/9011e-stainless-steel-handle-3.webp,manual,edge is not uniformly white or transparent,other / uncertain,boundary-fill,0.1,0.0,,,,,,,,
9011E,9011e-stainless-steel-handle,stainless-steel-handles,gallery 3,/images/products/9011e-stainless-steel-handle-4.webp,measured,,white,edge-matched-clone,100.0,0.0,78.5,62.9,49.4,13.7,80.9,4.5,3,
9012E,9012e-stainless-steel-handle,stainless-steel-handles,hero,/images/products/9012e-stainless-steel-handle.webp,measured,,white,edge-matched-clone,99.9,0.0,91.8,35.9,33.0,15.7,67.6,1.4,1,high visual baseline
9012E,9012e-stainless-steel-handle,stainless-steel-handles,gallery 1,/images/products/9012e-stainless-steel-handle-2.webp,measured,,white,edge-matched-clone,100.0,0.0,78.5,59.0,46.3,18.9,80.9,-3.7,8,
9012E,9012e-stainless-steel-handle,stainless-steel-handles,gallery 2,/images/products/9012e-stainless-steel-handle-3.webp,measured,,white,edge-matched-clone,100.0,0.0,77.3,68.8,53.2,19.6,92.2,5.1,2,
9012E,9012e-stainless-steel-handle,stainless-steel-handles,gallery 3,/images/products/9012e-stainless-steel-handle-4.webp,measured,,white,edge-matched-clone,100.0,0.0,83.2,52.3,43.6,14.4,82.4,4.1,2,
9012E,9012e-stainless-steel-handle,stainless-steel-handles,gallery 4,/images/products/9012e-stainless-steel-handle-5.webp,measured,,white,edge-matched-clone,99.8,0.0,94.1,73.4,69.1,27.7,87.9,1.0,12,
9012E,9012e-stainless-steel-handle,stainless-steel-handles,gallery 5,/images/products/9012e-stainless-steel-handle-6.webp,manual,edge is not uniformly white or transparent,other / uncertain,boundary-fill,2.1,0.0,,,,,,,,
9012E,9012e-stainless-steel-handle,stainless-steel-handles,gallery 6,/images/products/9012e-stainless-steel-handle-7.webp,manual,edge is not uniformly white or transparent,other / uncertain,boundary-fill,0.8,0.0,,,,,,,,
9014 SSBK,9014-ssbk-stainless-steel-handle,stainless-steel-handles,hero,/images/products/9014-ssbk-stainless-steel-handle.webp,measured,,white,edge-matched-clone,99.5,0.0,94.9,34.0,32.3,12.6,65.2,0.2,1,high visual baseline
9014 SSBK,9014-ssbk-stainless-steel-handle,stainless-steel-handles,gallery 1,/images/products/9014-ssbk-stainless-steel-handle-2.webp,measured,,white,boundary-fill,98.5,0.0,94.1,93.0,87.5,38.5,98.0,-1.0,7,
9014 SSBK,9014-ssbk-stainless-steel-handle,stainless-steel-handles,gallery 2,/images/products/9014-ssbk-stainless-steel-handle-3.webp,measured,,white,edge-matched-clone,100.0,0.0,69.5,82.0,57.0,20.2,94.5,-4.3,1,
9014 SSBK,9014-ssbk-stainless-steel-handle,stainless-steel-handles,gallery 3,/images/products/9014-ssbk-stainless-steel-handle-4.webp,measured,,white,edge-matched-clone,100.0,0.0,48.4,89.8,43.5,18.0,95.7,8.2,1,
9014 SSBK,9014-ssbk-stainless-steel-handle,stainless-steel-handles,gallery 4,/images/products/9014-ssbk-stainless-steel-handle-5.webp,measured,,white,edge-matched-clone,100.0,0.0,61.7,87.1,53.8,19.9,94.5,-7.0,1,
9014 SSBK,9014-ssbk-stainless-steel-handle,stainless-steel-handles,gallery 5,/images/products/9014-ssbk-stainless-steel-handle-6.webp,measured,,white,edge-matched-clone,99.7,0.0,95.7,63.7,60.9,4.5,89.8,0.2,8,
9014 SSBK,9014-ssbk-stainless-steel-handle,stainless-steel-handles,gallery 6,/images/products/9014-ssbk-stainless-steel-handle-7.webp,manual,edge is not uniformly white or transparent,other / uncertain,none,0.0,0.0,,,,,,,,
9014 SSBK,9014-ssbk-stainless-steel-handle,stainless-steel-handles,gallery 7,/images/products/9014-ssbk-stainless-steel-handle-8.webp,manual,edge is not uniformly white or transparent,other / uncertain,none,0.0,0.0,,,,,,,,
9014 SSET,9014-sset-stainless-steel-handle,stainless-steel-handles,hero,/images/products/9014-sset-stainless-steel-handle.webp,measured,,white,edge-matched-clone,100.0,0.0,84.4,69.1,58.3,17.5,87.1,3.9,2,
9014 SSET,9014-sset-stainless-steel-handle,stainless-steel-handles,gallery 1,/images/products/9014-sset-stainless-steel-handle-2.webp,measured,,white,boundary-fill,100.0,0.0,86.3,85.2,73.5,25.7,93.8,0.2,6,
9014 SSET,9014-sset-stainless-steel-handle,stainless-steel-handles,gallery 2,/images/products/9014-sset-stainless-steel-handle-3.webp,measured,,white,edge-matched-clone,100.0,0.0,90.6,59.0,53.5,18.2,85.5,0.0,1,
9014 SSET,9014-sset-stainless-steel-handle,stainless-steel-handles,gallery 3,/images/products/9014-sset-stainless-steel-handle-4.webp,measured,,white,edge-matched-clone,100.0,0.0,69.1,89.1,61.6,22.7,95.3,-6.8,1,
9014 SSET,9014-sset-stainless-steel-handle,stainless-steel-handles,gallery 4,/images/products/9014-sset-stainless-steel-handle-5.webp,measured,,white,edge-matched-clone,100.0,0.0,49.2,91.8,45.2,22.2,94.9,2.7,1,
9014 SSET,9014-sset-stainless-steel-handle,stainless-steel-handles,gallery 5,/images/products/9014-sset-stainless-steel-handle-6.webp,manual,edge is not uniformly white or transparent,other / uncertain,edge-matched-clone,97.3,0.0,,,,,,,,
9014 SSET,9014-sset-stainless-steel-handle,stainless-steel-handles,gallery 6,/images/products/9014-sset-stainless-steel-handle-7.webp,measured,,white,edge-matched-clone,100.0,0.0,87.9,69.5,61.1,5.1,89.1,-1.0,7,
9014 SSET,9014-sset-stainless-steel-handle,stainless-steel-handles,gallery 7,/images/products/9014-sset-stainless-steel-handle-8.webp,manual,edge is not uniformly white or transparent,other / uncertain,boundary-fill,0.1,0.0,,,,,,,,
9014,9014-stainless-steel-handle,stainless-steel-handles,hero,/images/products/9014-stainless-steel-handle.webp,measured,,white,edge-matched-clone,100.0,0.0,87.5,69.5,60.8,5.3,89.1,-1.2,7,
9014,9014-stainless-steel-handle,stainless-steel-handles,gallery 1,/images/products/9014-stainless-steel-handle-2.webp,manual,edge is not uniformly white or transparent,other / uncertain,edge-matched-clone,97.4,0.0,,,,,,,,
9014S,9014s-stainless-steel-handle,stainless-steel-handles,hero,/images/products/9014s-stainless-steel-handle.webp,measured,,white,edge-matched-clone,100.0,0.0,68.4,57.8,39.5,14.1,83.2,4.5,2,
9014S,9014s-stainless-steel-handle,stainless-steel-handles,gallery 1,/images/products/9014s-stainless-steel-handle-2.webp,measured,,white,edge-matched-clone,100.0,0.0,78.9,41.8,33.0,16.7,71.5,0.0,1,high visual baseline
9014S,9014s-stainless-steel-handle,stainless-steel-handles,gallery 2,/images/products/9014s-stainless-steel-handle-3.webp,manual,edge is not uniformly white or transparent,other / uncertain,boundary-fill,2.1,0.0,,,,,,,,
9014S,9014s-stainless-steel-handle,stainless-steel-handles,gallery 3,/images/products/9014s-stainless-steel-handle-4.webp,measured,,white,edge-matched-clone,100.0,0.0,68.4,60.2,41.1,14.4,83.2,4.5,2,
9015,9015-stainless-steel-handle,stainless-steel-handles,hero,/images/products/9015-stainless-steel-handle.webp,measured,,white,edge-matched-clone,100.0,0.0,77.0,57.8,44.5,12.7,82.4,2.5,2,
9015,9015-stainless-steel-handle,stainless-steel-handles,gallery 1,/images/products/9015-stainless-steel-handle-2.webp,measured,,white,edge-matched-clone,100.0,0.0,68.8,51.2,35.2,11.4,76.2,0.4,1,high visual baseline
9015,9015-stainless-steel-handle,stainless-steel-handles,gallery 2,/images/products/9015-stainless-steel-handle-3.webp,manual,edge is not uniformly white or transparent,other / uncertain,boundary-fill,1.8,0.0,,,,,,,,
9015,9015-stainless-steel-handle,stainless-steel-handles,gallery 3,/images/products/9015-stainless-steel-handle-4.webp,measured,,white,edge-matched-clone,100.0,0.0,78.9,28.1,22.2,12.3,62.9,0.8,1,small bounding box; high visual baseline
9015,9015-stainless-steel-handle,stainless-steel-handles,gallery 4,/images/products/9015-stainless-steel-handle-5.webp,measured,,white,edge-matched-clone,100.0,0.0,77.3,64.5,49.9,13.1,82.4,2.3,3,
9016S,9016s-stainless-steel-handle,stainless-steel-handles,hero,/images/products/9016s-stainless-steel-handle.webp,measured,,white,edge-matched-clone,100.0,0.0,56.3,80.5,45.3,20.1,94.1,0.8,1,
9016S,9016s-stainless-steel-handle,stainless-steel-handles,gallery 1,/images/products/9016s-stainless-steel-handle-2.webp,measured,,white,edge-matched-clone,100.0,0.0,91.0,69.9,63.6,30.3,86.7,0.2,4,
9016S,9016s-stainless-steel-handle,stainless-steel-handles,gallery 2,/images/products/9016s-stainless-steel-handle-3.webp,manual,known logo exclusion may touch product,white,boundary-fill,99.9,0.0,,,,,,,,
9016S,9016s-stainless-steel-handle,stainless-steel-handles,gallery 3,/images/products/9016s-stainless-steel-handle-4.webp,manual,edge is not uniformly white or transparent,other / uncertain,boundary-fill,2.4,0.0,,,,,,,,
9016S,9016s-stainless-steel-handle,stainless-steel-handles,gallery 4,/images/products/9016s-stainless-steel-handle-5.webp,manual,edge is not uniformly white or transparent,other / uncertain,edge-matched-clone,1.3,0.0,,,,,,,,
9020S,9020s-stainless-steel-handle,stainless-steel-handles,hero,/images/products/9020s-stainless-steel-handle.webp,measured,,white,edge-matched-clone,100.0,0.0,76.2,58.6,44.6,17.1,85.5,6.1,2,
9020S,9020s-stainless-steel-handle,stainless-steel-handles,gallery 1,/images/products/9020s-stainless-steel-handle-2.webp,measured,,white,edge-matched-clone,100.0,0.0,79.3,41.0,32.5,17.5,68.4,3.7,1,high visual baseline
9020S,9020s-stainless-steel-handle,stainless-steel-handles,gallery 2,/images/products/9020s-stainless-steel-handle-3.webp,manual,edge is not uniformly white or transparent,other / uncertain,boundary-fill,2.4,0.0,,,,,,,,
9020S,9020s-stainless-steel-handle,stainless-steel-handles,gallery 3,/images/products/9020s-stainless-steel-handle-4.webp,measured,,white,edge-matched-clone,100.0,0.0,76.2,61.3,46.7,17.3,85.5,6.1,2,
9021,9021-stainless-steel-handle,stainless-steel-handles,hero,/images/products/9021-stainless-steel-handle.webp,measured,,white,edge-matched-clone,100.0,0.0,59.4,86.3,51.3,22.1,94.1,-3.5,1,
9021,9021-stainless-steel-handle,stainless-steel-handles,gallery 1,/images/products/9021-stainless-steel-handle-2.webp,measured,,white,edge-matched-clone,99.9,0.0,93.0,48.0,44.7,20.2,73.8,0.8,2,high visual baseline
9021,9021-stainless-steel-handle,stainless-steel-handles,gallery 2,/images/products/9021-stainless-steel-handle-3.webp,measured,,white,edge-matched-clone,100.0,0.0,89.8,71.5,64.2,29.2,87.5,-2.0,10,
9021,9021-stainless-steel-handle,stainless-steel-handles,gallery 3,/images/products/9021-stainless-steel-handle-4.webp,manual,edge is not uniformly white or transparent,other / uncertain,boundary-fill,3.0,0.0,,,,,,,,
9021,9021-stainless-steel-handle,stainless-steel-handles,gallery 4,/images/products/9021-stainless-steel-handle-5.webp,manual,edge is not uniformly white or transparent,other / uncertain,boundary-fill,1.4,0.0,,,,,,,,
9080E,9080e-panic-exit-device-trim,panic-exit-devices,hero,/images/products/9080e-panic-exit-device-trim.webp,manual,known logo exclusion may touch product,white,boundary-fill,100.0,0.0,,,,,,,,
9080E,9080e-panic-exit-device-trim,panic-exit-devices,gallery 1,/images/products/9080e-panic-exit-device-trim-2.webp,measured,,white,boundary-fill,100.0,0.0,73.4,80.5,59.1,20.6,92.6,6.6,1,
9080E,9080e-panic-exit-device-trim,panic-exit-devices,gallery 2,/images/products/9080e-panic-exit-device-trim-3.webp,measured,,white,edge-matched-clone,98.6,0.0,93.8,66.4,62.3,18.0,88.7,2.0,6,
9080E,9080e-panic-exit-device-trim,panic-exit-devices,gallery 3,/images/products/9080e-panic-exit-device-trim-4.webp,manual,edge is not uniformly white or transparent,other / uncertain,none,1.0,0.0,,,,,,,,
9080E,9080e-panic-exit-device-trim,panic-exit-devices,gallery 4,/images/products/9080e-panic-exit-device-trim-5.webp,manual,edge is not uniformly white or transparent,other / uncertain,boundary-fill,1.0,0.0,,,,,,,,
9082E,9082e-stainless-steel-handle,stainless-steel-handles,hero,/images/products/9082e-stainless-steel-handle.webp,measured,,white,edge-matched-clone,100.0,0.0,52.3,66.4,34.8,12.0,87.9,-9.8,1,
9082E,9082e-stainless-steel-handle,stainless-steel-handles,gallery 1,/images/products/9082e-stainless-steel-handle-2.webp,manual,known logo exclusion may touch product,white,edge-matched-clone,98.6,0.0,,,,,,,,
9082E,9082e-stainless-steel-handle,stainless-steel-handles,gallery 2,/images/products/9082e-stainless-steel-handle-3.webp,measured,,white,edge-matched-clone,100.0,0.0,62.1,74.2,46.1,15.5,90.2,6.8,1,
9082E,9082e-stainless-steel-handle,stainless-steel-handles,gallery 3,/images/products/9082e-stainless-steel-handle-4.webp,manual,edge is not uniformly white or transparent,other / uncertain,boundary-fill,0.0,0.0,,,,,,,,
9082E,9082e-stainless-steel-handle,stainless-steel-handles,gallery 4,/images/products/9082e-stainless-steel-handle-5.webp,manual,edge is not uniformly white or transparent,other / uncertain,boundary-fill,0.0,0.0,,,,,,,,
9087 SS,9087-ss-stainless-steel-handle,stainless-steel-handles,hero,/images/products/9087-ss-stainless-steel-handle.webp,measured,,white,edge-matched-clone,100.0,0.0,78.9,78.9,62.3,24.1,91.0,-6.3,2,
9087 SS,9087-ss-stainless-steel-handle,stainless-steel-handles,gallery 1,/images/products/9087-ss-stainless-steel-handle-2.webp,measured,,white,edge-matched-clone,100.0,0.0,72.7,69.9,50.8,19.4,92.2,-1.6,8,
9087 SS,9087-ss-stainless-steel-handle,stainless-steel-handles,gallery 2,/images/products/9087-ss-stainless-steel-handle-3.webp,measured,,white,edge-matched-clone,100.0,0.0,69.9,77.7,54.4,23.5,94.5,-9.2,2,
9087 SS,9087-ss-stainless-steel-handle,stainless-steel-handles,gallery 3,/images/products/9087-ss-stainless-steel-handle-4.webp,measured,,white,edge-matched-clone,99.8,0.0,95.3,82.0,78.2,21.0,93.4,0.0,8,
9087 SS,9087-ss-stainless-steel-handle,stainless-steel-handles,gallery 4,/images/products/9087-ss-stainless-steel-handle-5.webp,manual,edge is not uniformly white or transparent,other / uncertain,none,0.1,0.0,,,,,,,,
9088 SS,9088-ss-stainless-steel-handle,stainless-steel-handles,hero,/images/products/9088-ss-stainless-steel-handle.webp,measured,,white,none,99.8,0.0,75.4,83.2,62.7,31.9,96.1,7.2,1,
9088 SS,9088-ss-stainless-steel-handle,stainless-steel-handles,gallery 1,/images/products/9088-ss-stainless-steel-handle-2.webp,measured,,white,none,98.1,0.0,96.9,71.5,69.3,25.8,90.6,0.4,12,
9088 SS,9088-ss-stainless-steel-handle,stainless-steel-handles,gallery 2,/images/products/9088-ss-stainless-steel-handle-3.webp,measured,,white,none,100.0,0.0,90.6,72.7,65.8,22.2,87.5,0.4,1,
9088 SS,9088-ss-stainless-steel-handle,stainless-steel-handles,gallery 3,/images/products/9088-ss-stainless-steel-handle-4.webp,measured,,white,none,100.0,0.0,75.4,82.4,62.1,31.0,96.1,-5.7,1,
9088 SS,9088-ss-stainless-steel-handle,stainless-steel-handles,gallery 4,/images/products/9088-ss-stainless-steel-handle-5.webp,measured,,white,none,100.0,0.0,83.6,85.5,71.5,26.7,95.3,2.0,6,
9088 SS,9088-ss-stainless-steel-handle,stainless-steel-handles,gallery 5,/images/products/9088-ss-stainless-steel-handle-6.webp,measured,,white,none,100.0,0.0,74.2,80.5,59.7,25.8,92.6,0.4,1,
9088 SS,9088-ss-stainless-steel-handle,stainless-steel-handles,gallery 6,/images/products/9088-ss-stainless-steel-handle-7.webp,manual,edge is not uniformly white or transparent,other / uncertain,none,30.0,0.0,,,,,,,,
9210 PBBK,9210-pbbk-tubular-lock,knob-locks,hero,/images/products/9210-pbbk-tubular-lock.webp,measured,,white,none,100.0,0.0,84.8,51.2,43.4,29.8,76.2,0.2,1,high visual baseline
9210 PBBK,9210-pbbk-tubular-lock,knob-locks,gallery 1,/images/products/9210-pbbk-tubular-lock-2.webp,manual,edge is not uniformly white or transparent,other / uncertain,none,0.0,0.0,,,,,,,,
9210 PBET,9210-pbet-tubular-lock,knob-locks,hero,/images/products/9210-pbet-tubular-lock.webp,measured,,white,none,100.0,0.0,84.8,51.2,43.4,29.9,76.2,0.2,1,high visual baseline
9210 PBET,9210-pbet-tubular-lock,knob-locks,gallery 1,/images/products/9210-pbet-tubular-lock-2.webp,manual,edge is not uniformly white or transparent,other / uncertain,none,0.0,0.0,,,,,,,,
9210 SSBK,9210-ssbk-tubular-lock,knob-locks,hero,/images/products/9210-ssbk-tubular-lock.webp,measured,,white,edge-matched-clone,100.0,0.0,80.1,62.1,49.7,37.1,84.8,-0.6,1,
9210 SSBK,9210-ssbk-tubular-lock,knob-locks,gallery 1,/images/products/9210-ssbk-tubular-lock-2.webp,measured,,white,edge-matched-clone,100.0,0.0,84.0,59.4,49.9,34.1,83.6,1.4,1,
9210 SSBK,9210-ssbk-tubular-lock,knob-locks,gallery 2,/images/products/9210-ssbk-tubular-lock-3.webp,measured,,white,edge-matched-clone,99.7,0.0,91.0,68.4,62.2,33.3,90.2,3.3,1,
9210 SSBK,9210-ssbk-tubular-lock,knob-locks,gallery 3,/images/products/9210-ssbk-tubular-lock-4.webp,manual,edge is not uniformly white or transparent,other / uncertain,edge-matched-clone,97.4,0.0,,,,,,,,
9210 SSBK,9210-ssbk-tubular-lock,knob-locks,gallery 4,/images/products/9210-ssbk-tubular-lock-5.webp,manual,edge is not uniformly white or transparent,other / uncertain,boundary-fill,0.2,0.0,,,,,,,,
9210 SSBK,9210-ssbk-tubular-lock,knob-locks,gallery 5,/images/products/9210-ssbk-tubular-lock-6.webp,manual,edge is not uniformly white or transparent,other / uncertain,boundary-fill,0.0,0.0,,,,,,,,
9210 SSET,9210-sset-tubular-lock,knob-locks,hero,/images/products/9210-sset-tubular-lock.webp,measured,,white,edge-matched-clone,100.0,0.0,81.3,62.5,50.8,38.6,85.2,0.0,1,
9210 SSET,9210-sset-tubular-lock,knob-locks,gallery 1,/images/products/9210-sset-tubular-lock-2.webp,measured,,white,edge-matched-clone,100.0,0.0,84.0,59.4,49.9,34.0,83.6,0.6,1,
9210 SSET,9210-sset-tubular-lock,knob-locks,gallery 2,/images/products/9210-sset-tubular-lock-3.webp,measured,,white,edge-matched-clone,100.0,0.0,91.8,52.0,47.7,23.7,77.7,0.2,4,high visual baseline
9210 SSET,9210-sset-tubular-lock,knob-locks,gallery 3,/images/products/9210-sset-tubular-lock-4.webp,manual,edge is not uniformly white or transparent,other / uncertain,edge-matched-clone,97.4,0.0,,,,,,,,
9210 SSET,9210-sset-tubular-lock,knob-locks,gallery 4,/images/products/9210-sset-tubular-lock-5.webp,manual,edge is not uniformly white or transparent,other / uncertain,boundary-fill,0.0,0.0,,,,,,,,
AAH024,aah024-brass-and-steel-hinges,brass-steel-hinges,hero,/images/products/aah024-brass-and-steel-hinges.webp,measured,,white,edge-matched-clone,100.0,0.0,49.2,77.7,38.3,21.5,90.6,-5.5,1,
AAH024,aah024-brass-and-steel-hinges,brass-steel-hinges,gallery 1,/images/products/aah024-brass-and-steel-hinges-2.webp,measured,,white,edge-matched-clone,100.0,0.0,29.7,76.6,22.7,21.3,90.2,2.7,1,small bounding box
AAH024,aah024-brass-and-steel-hinges,brass-steel-hinges,gallery 2,/images/products/aah024-brass-and-steel-hinges-3.webp,measured,,white,edge-matched-clone,100.0,0.0,81.6,61.7,50.4,19.8,81.3,2.1,1,
AAH024,aah024-brass-and-steel-hinges,brass-steel-hinges,gallery 3,/images/products/aah024-brass-and-steel-hinges-4.webp,measured,,white,edge-matched-clone,100.0,0.0,87.9,60.2,52.9,16.3,77.3,-0.6,5,high visual baseline
AAH024,aah024-brass-and-steel-hinges,brass-steel-hinges,gallery 4,/images/products/aah024-brass-and-steel-hinges-5.webp,measured,,white,edge-matched-clone,100.0,0.0,87.5,91.0,79.6,25.4,97.3,0.4,10,
AAH024,aah024-brass-and-steel-hinges,brass-steel-hinges,gallery 5,/images/products/aah024-brass-and-steel-hinges-6.webp,manual,edge is not uniformly white or transparent,other / uncertain,edge-matched-clone,0.0,0.0,,,,,,,,
AAH024,aah024-brass-and-steel-hinges,brass-steel-hinges,gallery 6,/images/products/aah024-brass-and-steel-hinges-7.webp,manual,possible separate corner logo or label,white,none,100.0,0.0,,,,,,,,
AI8530,ai8530-lock-case,lock-cases,hero,/images/products/ai8530-lock-case.webp,measured,,white,edge-matched-clone,100.0,0.0,21.5,91.0,19.6,9.4,95.7,2.5,3,small bounding box
B024,b024-brass-and-steel-hinges,brass-steel-hinges,hero,/images/products/b024-brass-and-steel-hinges.webp,measured,,white,none,100.0,0.0,52.7,76.2,40.2,36.5,88.3,0.2,1,
B025,b025-brass-and-steel-hinges,brass-steel-hinges,hero,/images/products/b025-brass-and-steel-hinges.webp,measured,,white,none,100.0,0.0,45.7,73.8,33.7,29.6,87.1,0.6,1,
B025,b025-brass-and-steel-hinges,brass-steel-hinges,gallery 1,/images/products/b025-brass-and-steel-hinges-2.webp,measured,,white,none,100.0,0.0,63.3,74.6,47.2,24.7,87.5,0.0,1,
B025,b025-brass-and-steel-hinges,brass-steel-hinges,gallery 2,/images/products/b025-brass-and-steel-hinges-3.webp,measured,,white,none,100.0,0.0,71.1,76.6,54.4,28.1,88.7,-1.6,1,
B025,b025-brass-and-steel-hinges,brass-steel-hinges,gallery 3,/images/products/b025-brass-and-steel-hinges-4.webp,measured,,white,none,100.0,0.0,69.5,73.0,50.8,27.4,86.7,-1.2,1,
B025,b025-brass-and-steel-hinges,brass-steel-hinges,gallery 4,/images/products/b025-brass-and-steel-hinges-5.webp,measured,,white,none,100.0,0.0,85.2,72.3,61.5,28.9,86.3,0.0,2,
BH01,bh01-grab-bar,care-grab-bars,hero,/images/products/bh01-grab-bar-3.webp,measured,,white,none,100.0,0.0,74.2,66.8,49.6,12.9,87.1,-1.2,1,
BH01,bh01-grab-bar,care-grab-bars,gallery 1,/images/products/bh01-grab-bar.webp,manual,edge is not uniformly white or transparent,other / uncertain,none,0.0,0.0,,,,,,,,
BH01,bh01-grab-bar,care-grab-bars,gallery 2,/images/products/bh01-grab-bar-4.webp,measured,,white,none,100.0,0.0,90.6,60.2,54.5,19.4,82.8,0.0,4,
BH01,bh01-grab-bar,care-grab-bars,gallery 3,/images/products/bh01-grab-bar-5.webp,measured,,white,none,100.0,0.0,88.3,87.5,77.2,22.8,94.9,-0.8,5,
BH01,bh01-grab-bar,care-grab-bars,gallery 4,/images/products/bh01-grab-bar-6.webp,measured,,white,none,100.0,0.0,81.6,68.8,56.1,8.2,85.9,0.2,14,
BH02,bh02-knurled-grab-bar,care-grab-bars,hero,/images/products/bh02-knurled-grab-bar.webp,measured,,white,none,100.0,0.0,17.6,81.6,14.4,7.1,91.4,-2.5,1,small bounding box
BH02,bh02-knurled-grab-bar,care-grab-bars,gallery 1,/images/products/bh02-knurled-grab-bar-2.webp,manual,edge is not uniformly white or transparent,other / uncertain,none,0.0,0.0,,,,,,,,
BH02,bh02-knurled-grab-bar,care-grab-bars,gallery 2,/images/products/bh02-knurled-grab-bar-3.webp,manual,edge is not uniformly white or transparent,other / uncertain,none,17.3,0.0,,,,,,,,
BH02,bh02-knurled-grab-bar,care-grab-bars,gallery 3,/images/products/bh02-knurled-grab-bar-4.webp,measured,,white,none,100.0,0.0,87.5,68.0,59.5,9.2,84.8,0.4,14,
BH02,bh02-knurled-grab-bar,care-grab-bars,gallery 4,/images/products/bh02-knurled-grab-bar-5.webp,measured,,white,none,100.0,0.0,83.2,66.4,55.3,10.7,82.4,2.1,2,
BH02,bh02-knurled-grab-bar,care-grab-bars,gallery 5,/images/products/bh02-knurled-grab-bar-6.webp,manual,edge is not uniformly white or transparent,other / uncertain,none,97.0,0.0,,,,,,,,
BH03,bh03-angled-grab-bar,care-grab-bars,hero,/images/products/bh03-angled-grab-bar.webp,measured,,white,none,100.0,0.0,86.7,48.4,42.0,6.2,75.0,0.0,1,high visual baseline
BH03,bh03-angled-grab-bar,care-grab-bars,gallery 1,/images/products/bh03-angled-grab-bar-2.webp,measured,,white,none,100.0,0.0,86.3,59.4,51.3,7.7,80.5,0.2,1,
BH03,bh03-angled-grab-bar,care-grab-bars,gallery 2,/images/products/bh03-angled-grab-bar-3.webp,manual,edge is not uniformly white or transparent,other / uncertain,none,6.3,0.0,,,,,,,,
BH03,bh03-angled-grab-bar,care-grab-bars,gallery 3,/images/products/bh03-angled-grab-bar-4.webp,manual,edge is not uniformly white or transparent,other / uncertain,none,2.1,0.0,,,,,,,,
BH03,bh03-angled-grab-bar,care-grab-bars,gallery 4,/images/products/bh03-angled-grab-bar-5.webp,measured,,white,none,100.0,0.0,73.8,80.9,59.7,6.7,92.2,-0.2,11,
BH03,bh03-angled-grab-bar,care-grab-bars,gallery 5,/images/products/bh03-angled-grab-bar-6.webp,measured,,white,none,100.0,0.0,89.1,61.7,55.0,8.7,78.5,-0.4,2,
BH04,bh04-angled-grab-bar,care-grab-bars,hero,/images/products/bh04-angled-grab-bar.webp,measured,,white,none,100.0,0.0,85.9,61.3,52.7,8.0,81.3,0.4,1,
BH04,bh04-angled-grab-bar,care-grab-bars,gallery 1,/images/products/bh04-angled-grab-bar-2.webp,manual,edge is not uniformly white or transparent,other / uncertain,none,0.0,0.0,,,,,,,,
BH04,bh04-angled-grab-bar,care-grab-bars,gallery 2,/images/products/bh04-angled-grab-bar-3.webp,measured,,white,none,99.3,0.0,95.7,60.5,57.9,10.0,80.9,0.2,2,
BH04,bh04-angled-grab-bar,care-grab-bars,gallery 3,/images/products/bh04-angled-grab-bar-4.webp,measured,,white,none,100.0,0.0,73.8,80.9,59.7,6.8,89.8,1.0,8,
BH05,bh05-hook-rail,bathroom-accessories,hero,/images/products/bh05-hook-rail.webp,measured,,white,none,100.0,0.0,79.7,38.7,30.8,11.5,70.7,-1.2,1,high visual baseline
BH05,bh05-hook-rail,bathroom-accessories,gallery 1,/images/products/bh05-hook-rail-2.webp,measured,,white,none,100.0,0.0,85.2,27.7,23.6,7.7,66.0,0.4,1,small bounding box; high visual baseline
BH05,bh05-hook-rail,bathroom-accessories,gallery 2,/images/products/bh05-hook-rail-3.webp,manual,edge is not uniformly white or transparent,other / uncertain,none,7.4,0.0,,,,,,,,
BH05,bh05-hook-rail,bathroom-accessories,gallery 3,/images/products/bh05-hook-rail-4.webp,manual,edge is not uniformly white or transparent,other / uncertain,none,6.4,0.0,,,,,,,,
BH05,bh05-hook-rail,bathroom-accessories,gallery 4,/images/products/bh05-hook-rail-5.webp,measured,,white,none,100.0,0.0,70.3,76.6,53.8,9.0,90.2,0.4,16,
BH05,bh05-hook-rail,bathroom-accessories,gallery 5,/images/products/bh05-hook-rail-6.webp,measured,,white,none,100.0,0.0,91.0,47.7,43.4,19.5,80.1,1.0,2,
BH05,bh05-hook-rail,bathroom-accessories,gallery 6,/images/products/bh05-hook-rail-7.webp,measured,,white,none,99.5,0.0,91.0,39.5,35.9,9.1,68.4,2.9,3,high visual baseline
BH05,bh05-hook-rail,bathroom-accessories,gallery 7,/images/products/bh05-hook-rail-8.webp,measured,,white,none,100.0,0.0,69.9,74.2,51.9,9.5,84.0,1.0,1,
BH06,bh06-hook-rail,bathroom-accessories,hero,/images/products/bh06-hook-rail.webp,measured,,white,none,100.0,0.0,84.0,54.3,45.6,15.3,78.1,-0.2,1,
BH06,bh06-hook-rail,bathroom-accessories,gallery 1,/images/products/bh06-hook-rail-2.webp,measured,,white,none,100.0,0.0,85.9,51.6,44.3,11.4,75.0,0.4,1,high visual baseline
BH06,bh06-hook-rail,bathroom-accessories,gallery 2,/images/products/bh06-hook-rail-3.webp,manual,edge is not uniformly white or transparent,other / uncertain,none,0.0,0.0,,,,,,,,
BH06,bh06-hook-rail,bathroom-accessories,gallery 3,/images/products/bh06-hook-rail-4.webp,manual,edge is not uniformly white or transparent,other / uncertain,none,0.0,0.0,,,,,,,,
BH06,bh06-hook-rail,bathroom-accessories,gallery 4,/images/products/bh06-hook-rail-5.webp,measured,,white,none,100.0,0.0,67.6,77.0,52.0,8.3,89.1,-0.6,12,
BH06,bh06-hook-rail,bathroom-accessories,gallery 5,/images/products/bh06-hook-rail-6.webp,measured,,white,none,99.0,0.0,91.8,58.6,53.8,13.0,82.0,3.3,5,
BH06,bh06-hook-rail,bathroom-accessories,gallery 6,/images/products/bh06-hook-rail-7.webp,measured,,white,none,99.9,0.0,93.8,57.4,53.8,18.5,84.4,0.0,3,
BH07,bh07-hook-rail,bathroom-accessories,hero,/images/products/bh07-hook-rail.webp,measured,,white,none,100.0,0.0,85.9,34.0,29.2,12.0,67.2,0.0,1,small bounding box; high visual baseline
BH07,bh07-hook-rail,bathroom-accessories,gallery 1,/images/products/bh07-hook-rail-2.webp,measured,,white,none,100.0,0.0,86.3,23.4,20.2,6.5,62.5,0.2,1,small bounding box; high visual baseline
BH07,bh07-hook-rail,bathroom-accessories,gallery 2,/images/products/bh07-hook-rail-3.webp,manual,edge is not uniformly white or transparent,other / uncertain,none,0.1,0.0,,,,,,,,
BH07,bh07-hook-rail,bathroom-accessories,gallery 3,/images/products/bh07-hook-rail-4.webp,manual,edge is not uniformly white or transparent,other / uncertain,none,0.0,0.0,,,,,,,,
BH07,bh07-hook-rail,bathroom-accessories,gallery 4,/images/products/bh07-hook-rail-5.webp,measured,,white,none,99.0,0.0,92.2,39.1,36.0,8.1,66.8,2.7,6,high visual baseline
BH07,bh07-hook-rail,bathroom-accessories,gallery 5,/images/products/bh07-hook-rail-6.webp,measured,,white,none,100.0,0.0,83.6,42.6,35.6,12.3,71.5,0.0,3,high visual baseline
BH07,bh07-hook-rail,bathroom-accessories,gallery 6,/images/products/bh07-hook-rail-7.webp,measured,,white,none,100.0,0.0,67.2,70.3,47.2,8.0,84.8,0.0,10,
BH08,bh08-hook-rail,bathroom-accessories,hero,/images/products/bh08-hook-rail.webp,measured,,white,none,100.0,0.0,85.5,39.1,33.4,13.9,70.3,0.2,1,high visual baseline
BH08,bh08-hook-rail,bathroom-accessories,gallery 1,/images/products/bh08-hook-rail-2.webp,manual,edge is not uniformly white or transparent,other / uncertain,none,2.6,0.0,,,,,,,,
BH08,bh08-hook-rail,bathroom-accessories,gallery 2,/images/products/bh08-hook-rail-3.webp,measured,,white,none,99.2,0.0,96.1,44.1,42.4,33.3,69.5,0.4,1,high visual baseline
BH08,bh08-hook-rail,bathroom-accessories,gallery 3,/images/products/bh08-hook-rail-4.webp,measured,,white,none,100.0,0.0,83.6,52.3,43.8,19.8,86.7,-1.2,3,
BH09,bh09-hook-rail,bathroom-accessories,hero,/images/products/bh09-hook-rail.webp,measured,,white,none,100.0,0.0,85.2,32.8,27.9,21.1,67.2,0.4,1,small bounding box; high visual baseline
BH09,bh09-hook-rail,bathroom-accessories,gallery 1,/images/products/bh09-hook-rail-2.webp,manual,edge is not uniformly white or transparent,other / uncertain,none,4.4,0.0,,,,,,,,
BH09,bh09-hook-rail,bathroom-accessories,gallery 2,/images/products/bh09-hook-rail-3.webp,measured,,white,none,100.0,0.0,81.6,60.2,49.1,7.3,82.0,-0.2,14,
BH09,bh09-hook-rail,bathroom-accessories,gallery 3,/images/products/bh09-hook-rail-4.webp,measured,,white,none,100.0,0.0,87.9,67.2,59.1,22.7,85.5,0.2,1,
BH10,bh10-robe-hook,bathroom-accessories,hero,/images/products/bh10-robe-hook.webp,measured,,white,none,100.0,0.0,47.3,51.6,24.4,19.0,76.2,1.8,1,small bounding box; high visual baseline
BH10,bh10-robe-hook,bathroom-accessories,gallery 1,/images/products/bh10-robe-hook-2.webp,manual,edge is not uniformly white or transparent,other / uncertain,none,0.7,0.0,,,,,,,,
BH10,bh10-robe-hook,bathroom-accessories,gallery 2,/images/products/bh10-robe-hook-3.webp,measured,,white,none,100.0,0.0,89.5,36.3,32.5,2.8,70.7,0.2,6,high visual baseline
BH10,bh10-robe-hook,bathroom-accessories,gallery 3,/images/products/bh10-robe-hook-4.webp,measured,,white,none,100.0,0.0,73.8,73.8,54.5,42.6,86.7,0.2,1,
BH11,bh11-robe-hook,bathroom-accessories,hero,/images/products/bh11-robe-hook.webp,measured,,white,none,100.0,0.0,49.2,49.6,24.4,23.2,75.8,0.4,1,small bounding box; high visual baseline
BH11,bh11-robe-hook,bathroom-accessories,gallery 1,/images/products/bh11-robe-hook-2.webp,manual,edge is not uniformly white or transparent,other / uncertain,none,0.4,0.0,,,,,,,,
BH11,bh11-robe-hook,bathroom-accessories,gallery 2,/images/products/bh11-robe-hook-3.webp,measured,,white,none,99.8,0.0,90.2,34.0,30.7,2.9,68.8,-2.9,5,high visual baseline
BH11,bh11-robe-hook,bathroom-accessories,gallery 3,/images/products/bh11-robe-hook-4.webp,measured,,white,none,100.0,0.0,66.4,59.0,39.2,38.3,80.5,0.0,1,
BH12,bh12-robe-hook,bathroom-accessories,hero,/images/products/bh12-robe-hook.webp,measured,,white,none,100.0,0.0,62.1,58.6,36.4,18.2,82.0,-1.0,1,
BH12,bh12-robe-hook,bathroom-accessories,gallery 1,/images/products/bh12-robe-hook-2.webp,manual,edge is not uniformly white or transparent,other / uncertain,none,0.6,0.0,,,,,,,,
BH12,bh12-robe-hook,bathroom-accessories,gallery 2,/images/products/bh12-robe-hook-3.webp,measured,,white,none,99.9,0.0,91.4,37.5,34.3,3.5,65.6,-2.0,6,high visual baseline
BH12,bh12-robe-hook,bathroom-accessories,gallery 3,/images/products/bh12-robe-hook-4.webp,measured,,white,none,100.0,0.0,62.5,83.2,52.0,31.7,92.6,2.0,1,
BH13,bh13-robe-hook,bathroom-accessories,hero,/images/products/bh13-robe-hook.webp,measured,,white,none,100.0,0.0,65.2,57.8,37.7,15.6,78.9,-0.6,1,
BH13,bh13-robe-hook,bathroom-accessories,gallery 1,/images/products/bh13-robe-hook-2.webp,manual,edge is not uniformly white or transparent,other / uncertain,none,0.1,0.0,,,,,,,,
BH13,bh13-robe-hook,bathroom-accessories,gallery 2,/images/products/bh13-robe-hook-3.webp,measured,,white,none,100.0,0.0,89.8,37.9,34.0,3.6,67.2,0.4,6,high visual baseline
BH13,bh13-robe-hook,bathroom-accessories,gallery 3,/images/products/bh13-robe-hook-4.webp,measured,,white,none,100.0,0.0,71.1,70.7,50.3,24.9,83.6,-0.8,1,
BH13,bh13-robe-hook,bathroom-accessories,gallery 4,/images/products/bh13-robe-hook-5.webp,measured,,white,none,100.0,0.0,86.3,82.8,71.5,25.4,94.1,-2.9,4,
BH14,bh14-robe-hook,bathroom-accessories,hero,/images/products/bh14-robe-hook.webp,measured,,white,none,100.0,0.0,67.2,58.2,39.1,23.9,77.0,-0.4,1,high visual baseline
BH14,bh14-robe-hook,bathroom-accessories,gallery 1,/images/products/bh14-robe-hook-2.webp,manual,edge is not uniformly white or transparent,other / uncertain,none,0.0,0.0,,,,,,,,
BH14,bh14-robe-hook,bathroom-accessories,gallery 2,/images/products/bh14-robe-hook-3.webp,measured,,white,none,100.0,0.0,89.1,85.5,76.2,31.3,95.3,0.0,4,
BH14,bh14-robe-hook,bathroom-accessories,gallery 3,/images/products/bh14-robe-hook-4.webp,measured,,white,none,100.0,0.0,78.9,52.7,41.6,25.4,77.7,3.5,1,high visual baseline
BH14,bh14-robe-hook,bathroom-accessories,gallery 4,/images/products/bh14-robe-hook-5.webp,measured,,white,none,99.5,0.0,94.5,43.4,41.0,4.1,68.0,0.8,9,high visual baseline
BH14,bh14-robe-hook,bathroom-accessories,gallery 5,/images/products/bh14-robe-hook-6.webp,measured,,white,none,100.0,0.0,62.9,74.6,46.9,30.4,87.5,2.5,1,
BH15-100mm,bh15-100mm-barrel-bolt,hardware-accessories,hero,/images/products/bh15-100mm-barrel-bolt.webp,measured,,white,none,100.0,0.0,85.9,32.4,27.9,18.5,63.7,0.4,3,small bounding box; high visual baseline
BH15-100mm,bh15-100mm-barrel-bolt,hardware-accessories,gallery 1,/images/products/bh15-100mm-barrel-bolt-2.webp,measured,,white,none,100.0,0.0,85.9,51.6,44.3,23.0,82.0,0.4,2,
BH15-100mm,bh15-100mm-barrel-bolt,hardware-accessories,gallery 2,/images/products/bh15-100mm-barrel-bolt-3.webp,manual,edge is not uniformly white or transparent,other / uncertain,none,0.0,0.0,,,,,,,,
BH15-100mm,bh15-100mm-barrel-bolt,hardware-accessories,gallery 3,/images/products/bh15-100mm-barrel-bolt-4.webp,measured,,white,none,100.0,0.0,80.5,62.5,50.3,21.1,85.5,0.0,3,
BH15-80mm,bh15-80mm-barrel-bolt,hardware-accessories,hero,/images/products/bh15-80mm-barrel-bolt.webp,measured,,white,none,100.0,0.0,80.1,37.5,30.0,18.3,67.2,0.6,4,high visual baseline
BH15-80mm,bh15-80mm-barrel-bolt,hardware-accessories,gallery 1,/images/products/bh15-80mm-barrel-bolt-2.webp,manual,edge is not uniformly white or transparent,other / uncertain,none,0.0,0.0,,,,,,,,
BH15-80mm,bh15-80mm-barrel-bolt,hardware-accessories,gallery 2,/images/products/bh15-80mm-barrel-bolt-3.webp,measured,,white,none,100.0,0.0,85.9,59.0,50.7,6.6,80.5,0.8,11,
BH15-80mm,bh15-80mm-barrel-bolt,hardware-accessories,gallery 3,/images/products/bh15-80mm-barrel-bolt-4.webp,measured,,white,none,100.0,0.0,80.1,82.4,66.0,31.2,93.4,0.2,2,
BH16,bh16-flat-slide-bolt,hardware-accessories,hero,/images/products/bh16-flat-slide-bolt.webp,measured,,white,none,100.0,0.0,79.3,28.1,22.3,17.0,66.0,1.4,2,small bounding box; high visual baseline
BH16,bh16-flat-slide-bolt,hardware-accessories,gallery 1,/images/products/bh16-flat-slide-bolt-2.webp,manual,edge is not uniformly white or transparent,other / uncertain,none,0.0,0.0,,,,,,,,
BH16,bh16-flat-slide-bolt,hardware-accessories,gallery 2,/images/products/bh16-flat-slide-bolt-3.webp,measured,,white,none,100.0,0.0,74.6,36.7,27.4,24.8,69.1,-0.2,1,small bounding box; high visual baseline
BH16,bh16-flat-slide-bolt,hardware-accessories,gallery 3,/images/products/bh16-flat-slide-bolt-4.webp,measured,,white,none,100.0,0.0,82.8,41.4,34.3,29.6,70.3,-0.4,2,high visual baseline
BH16,bh16-flat-slide-bolt,hardware-accessories,gallery 4,/images/products/bh16-flat-slide-bolt-5.webp,measured,,white,none,99.9,0.0,93.4,64.1,59.8,7.7,79.3,0.6,16,
BH17,bh17-spring-latch,hardware-accessories,hero,/images/products/bh17-spring-latch.webp,measured,,white,none,100.0,0.0,85.9,48.8,42.0,16.9,74.2,0.4,2,high visual baseline
BH17,bh17-spring-latch,hardware-accessories,gallery 1,/images/products/bh17-spring-latch-2.webp,manual,edge is not uniformly white or transparent,other / uncertain,none,0.0,0.0,,,,,,,,
BH17,bh17-spring-latch,hardware-accessories,gallery 2,/images/products/bh17-spring-latch-3.webp,measured,,white,none,100.0,0.0,88.3,82.4,72.8,7.1,92.2,0.0,13,
BH17,bh17-spring-latch,hardware-accessories,gallery 3,/images/products/bh17-spring-latch-4.webp,measured,,white,none,100.0,0.0,93.0,44.5,41.4,29.2,73.4,0.8,2,high visual baseline
BH18,bh18-towel-ring,bathroom-accessories,hero,/images/products/bh18-towel-ring.webp,measured,,white,none,100.0,0.0,62.5,72.7,45.4,10.2,86.7,-0.8,1,
BH18,bh18-towel-ring,bathroom-accessories,gallery 1,/images/products/bh18-towel-ring-2.webp,manual,edge is not uniformly white or transparent,other / uncertain,none,0.0,0.0,,,,,,,,
BH18,bh18-towel-ring,bathroom-accessories,gallery 2,/images/products/bh18-towel-ring-3.webp,measured,,white,none,100.0,0.0,83.2,58.6,48.8,13.4,82.0,-2.1,3,
BH18,bh18-towel-ring,bathroom-accessories,gallery 3,/images/products/bh18-towel-ring-4.webp,measured,,white,none,100.0,0.0,73.8,79.7,58.8,11.4,91.4,0.2,1,
BH18,bh18-towel-ring,bathroom-accessories,gallery 4,/images/products/bh18-towel-ring-5.webp,measured,,white,none,100.0,0.0,71.5,81.6,58.4,4.7,91.0,-2.5,7,
BH19,bh19-toilet-roll-holder,bathroom-accessories,hero,/images/products/bh19-toilet-roll-holder.webp,measured,,white,none,100.0,0.0,82.8,50.4,41.7,17.1,79.7,0.0,1,
BH19,bh19-toilet-roll-holder,bathroom-accessories,gallery 1,/images/products/bh19-toilet-roll-holder-2.webp,manual,edge is not uniformly white or transparent,other / uncertain,none,0.7,0.0,,,,,,,,
BH19,bh19-toilet-roll-holder,bathroom-accessories,gallery 2,/images/products/bh19-toilet-roll-holder-3.webp,measured,,white,none,100.0,0.0,57.8,85.9,49.7,4.2,95.3,3.9,7,
BH19,bh19-toilet-roll-holder,bathroom-accessories,gallery 3,/images/products/bh19-toilet-roll-holder-4.webp,measured,,white,none,100.0,0.0,65.2,73.8,48.2,21.8,92.2,-2.5,1,
BH19,bh19-toilet-roll-holder,bathroom-accessories,gallery 4,/images/products/bh19-toilet-roll-holder-5.webp,measured,,white,none,100.0,0.0,91.8,51.6,47.3,12.9,71.5,0.2,1,high visual baseline
BH19,bh19-toilet-roll-holder,bathroom-accessories,gallery 5,/images/products/bh19-toilet-roll-holder-6.webp,measured,,white,none,100.0,0.0,78.5,58.2,45.7,28.8,79.3,0.2,1,
BH20,bh20-toilet-roll-holder-with-cover,bathroom-accessories,hero,/images/products/bh20-toilet-roll-holder-with-cover.webp,measured,,white,none,100.0,0.0,66.4,73.4,48.8,17.7,87.5,-1.6,1,
BH20,bh20-toilet-roll-holder-with-cover,bathroom-accessories,gallery 1,/images/products/bh20-toilet-roll-holder-with-cover-2.webp,manual,edge is not uniformly white or transparent,other / uncertain,none,8.2,0.0,,,,,,,,
BH20,bh20-toilet-roll-holder-with-cover,bathroom-accessories,gallery 2,/images/products/bh20-toilet-roll-holder-with-cover-3.webp,measured,,white,none,100.0,0.0,89.5,55.1,49.3,26.1,83.2,1.4,3,
BH20,bh20-toilet-roll-holder-with-cover,bathroom-accessories,gallery 3,/images/products/bh20-toilet-roll-holder-with-cover-4.webp,measured,,white,none,100.0,0.0,60.5,83.6,50.6,5.5,92.6,1.0,6,
BH20,bh20-toilet-roll-holder-with-cover,bathroom-accessories,gallery 4,/images/products/bh20-toilet-roll-holder-with-cover-5.webp,measured,,white,none,100.0,0.0,86.7,73.8,64.0,35.7,88.3,0.0,1,
BH20,bh20-toilet-roll-holder-with-cover,bathroom-accessories,gallery 5,/images/products/bh20-toilet-roll-holder-with-cover-6.webp,measured,,white,none,100.0,0.0,76.2,70.3,53.6,25.6,85.2,4.9,1,
BH21,bh21-toilet-roll-holder,bathroom-accessories,hero,/images/products/bh21-toilet-roll-holder.webp,measured,,white,none,100.0,0.0,62.9,76.6,48.2,11.7,88.7,-2.9,1,
BH21,bh21-toilet-roll-holder,bathroom-accessories,gallery 1,/images/products/bh21-toilet-roll-holder-2.webp,manual,edge is not uniformly white or transparent,other / uncertain,none,7.9,0.0,,,,,,,,
BH21,bh21-toilet-roll-holder,bathroom-accessories,gallery 2,/images/products/bh21-toilet-roll-holder-3.webp,measured,,white,none,100.0,0.0,78.5,75.0,58.9,15.6,85.9,4.1,2,
BH21,bh21-toilet-roll-holder,bathroom-accessories,gallery 3,/images/products/bh21-toilet-roll-holder-4.webp,measured,,white,none,100.0,0.0,79.3,84.8,67.2,5.5,92.2,0.6,6,
BH22,bh22-toilet-roll-holder,bathroom-accessories,hero,/images/products/bh22-toilet-roll-holder.webp,measured,,white,none,100.0,0.0,82.0,58.6,48.1,16.0,78.5,0.4,1,
BH22,bh22-toilet-roll-holder,bathroom-accessories,gallery 1,/images/products/bh22-toilet-roll-holder-2.webp,manual,edge is not uniformly white or transparent,other / uncertain,none,7.1,0.0,,,,,,,,
BH22,bh22-toilet-roll-holder,bathroom-accessories,gallery 2,/images/products/bh22-toilet-roll-holder-3.webp,measured,,white,none,100.0,0.0,91.4,49.2,45.0,5.0,76.2,0.8,7,high visual baseline
BH22,bh22-toilet-roll-holder,bathroom-accessories,gallery 3,/images/products/bh22-toilet-roll-holder-4.webp,measured,,white,none,100.0,0.0,80.5,71.1,57.2,47.3,85.9,-0.8,1,
BH22,bh22-toilet-roll-holder,bathroom-accessories,gallery 4,/images/products/bh22-toilet-roll-holder-5.webp,measured,,white,none,100.0,0.0,83.2,56.3,46.8,17.5,78.5,1.0,1,
BH23,bh23-toilet-roll-holder-with-shelf,bathroom-accessories,hero,/images/products/bh23-toilet-roll-holder-with-shelf.webp,measured,,white,none,100.0,0.0,82.8,48.4,40.1,30.9,74.2,-0.4,1,high visual baseline
BH23,bh23-toilet-roll-holder-with-shelf,bathroom-accessories,gallery 1,/images/products/bh23-toilet-roll-holder-with-shelf-2.webp,manual,edge is not uniformly white or transparent,other / uncertain,none,0.4,0.0,,,,,,,,
BH23,bh23-toilet-roll-holder-with-shelf,bathroom-accessories,gallery 2,/images/products/bh23-toilet-roll-holder-with-shelf-3.webp,measured,,white,none,100.0,0.0,92.2,47.3,43.6,5.7,76.2,0.8,8,high visual baseline
BH23,bh23-toilet-roll-holder-with-shelf,bathroom-accessories,gallery 3,/images/products/bh23-toilet-roll-holder-with-shelf-4.webp,measured,,white,none,100.0,0.0,76.6,60.5,46.4,31.1,80.5,-1.2,1,
BH24,bh24-paper-towel-dispenser,bathroom-accessories,hero,/images/products/bh24-paper-towel-dispenser.webp,measured,,white,none,100.0,0.0,72.3,69.1,50.0,44.6,85.2,-0.6,1,
BH24,bh24-paper-towel-dispenser,bathroom-accessories,gallery 1,/images/products/bh24-paper-towel-dispenser-2.webp,manual,edge is not uniformly white or transparent,other / uncertain,none,0.6,0.0,,,,,,,,
BH24,bh24-paper-towel-dispenser,bathroom-accessories,gallery 2,/images/products/bh24-paper-towel-dispenser-3.webp,measured,,white,none,100.0,0.0,79.7,72.3,57.6,45.4,89.8,2.3,1,
BH24,bh24-paper-towel-dispenser,bathroom-accessories,gallery 3,/images/products/bh24-paper-towel-dispenser-4.webp,measured,,white,none,100.0,0.0,79.7,84.8,67.5,45.8,93.0,-1.2,2,
BH25,bh25-jumbo-roll-dispenser,bathroom-accessories,hero,/images/products/bh25-jumbo-roll-dispenser.webp,measured,,white,none,100.0,0.0,72.7,73.8,53.6,41.7,87.1,1.2,1,
BH25,bh25-jumbo-roll-dispenser,bathroom-accessories,gallery 1,/images/products/bh25-jumbo-roll-dispenser-2.webp,manual,edge is not uniformly white or transparent,other / uncertain,none,1.0,0.0,,,,,,,,
BH25,bh25-jumbo-roll-dispenser,bathroom-accessories,gallery 2,/images/products/bh25-jumbo-roll-dispenser-3.webp,measured,,white,none,100.0,0.0,89.8,66.0,59.3,6.5,84.4,0.8,11,
BH25,bh25-jumbo-roll-dispenser,bathroom-accessories,gallery 3,/images/products/bh25-jumbo-roll-dispenser-4.webp,measured,,white,none,100.0,0.0,90.2,90.6,81.8,43.8,96.5,2.1,2,
BH26,bh26-soap-dish,bathroom-accessories,hero,/images/products/bh26-soap-dish.webp,measured,,white,none,100.0,0.0,82.0,36.7,30.1,20.7,71.1,-0.8,1,high visual baseline
BH26,bh26-soap-dish,bathroom-accessories,gallery 1,/images/products/bh26-soap-dish-2.webp,manual,edge is not uniformly white or transparent,other / uncertain,none,0.0,0.0,,,,,,,,
BH26,bh26-soap-dish,bathroom-accessories,gallery 2,/images/products/bh26-soap-dish-3.webp,measured,,white,none,100.0,0.0,89.1,73.8,65.8,26.7,91.4,0.0,4,
BH26,bh26-soap-dish,bathroom-accessories,gallery 3,/images/products/bh26-soap-dish-4.webp,measured,,white,none,100.0,0.0,80.1,48.0,38.5,27.4,74.2,1.8,1,high visual baseline
BH26,bh26-soap-dish,bathroom-accessories,gallery 4,/images/products/bh26-soap-dish-5.webp,measured,,white,none,100.0,0.0,92.6,73.4,68.0,6.1,85.5,0.2,8,
BH27,bh27-wire-soap-dish,bathroom-accessories,hero,/images/products/bh27-wire-soap-dish.webp,measured,,white,none,100.0,0.0,83.2,34.8,28.9,11.8,71.9,0.6,1,small bounding box; high visual baseline
BH27,bh27-wire-soap-dish,bathroom-accessories,gallery 1,/images/products/bh27-wire-soap-dish-2.webp,manual,edge is not uniformly white or transparent,other / uncertain,none,7.1,0.0,,,,,,,,
BH27,bh27-wire-soap-dish,bathroom-accessories,gallery 2,/images/products/bh27-wire-soap-dish-3.webp,measured,,white,none,100.0,0.0,79.3,66.0,52.3,19.7,90.2,-1.0,3,
BH27,bh27-wire-soap-dish,bathroom-accessories,gallery 3,/images/products/bh27-wire-soap-dish-4.webp,measured,,white,none,100.0,0.0,85.2,82.8,70.5,11.4,92.6,0.8,9,
BH27,bh27-wire-soap-dish,bathroom-accessories,gallery 4,/images/products/bh27-wire-soap-dish-5.webp,measured,,white,none,100.0,0.0,79.7,56.6,45.1,23.8,78.5,-0.4,1,
BH28,bh28-shower-basket,bathroom-accessories,hero,/images/products/bh28-shower-basket.webp,measured,,white,none,100.0,0.0,84.0,53.9,45.3,15.9,78.9,0.2,1,
BH28,bh28-shower-basket,bathroom-accessories,gallery 1,/images/products/bh28-shower-basket-2.webp,manual,edge is not uniformly white or transparent,other / uncertain,none,17.2,0.0,,,,,,,,
BH28,bh28-shower-basket,bathroom-accessories,gallery 2,/images/products/bh28-shower-basket-3.webp,measured,,white,none,100.0,0.0,90.2,73.4,66.3,16.8,87.9,0.2,9,
BH28,bh28-shower-basket,bathroom-accessories,gallery 3,/images/products/bh28-shower-basket-4.webp,measured,,white,none,100.0,0.0,80.5,69.9,56.3,19.7,89.5,-0.4,2,
BH28,bh28-shower-basket,bathroom-accessories,gallery 4,/images/products/bh28-shower-basket-5.webp,measured,,white,none,100.0,0.0,85.2,53.9,45.9,26.2,77.0,0.0,1,high visual baseline
BH29,bh29-corner-shower-basket,bathroom-accessories,hero,/images/products/bh29-corner-shower-basket.webp,measured,,white,none,100.0,0.0,85.2,39.5,33.6,10.8,75.8,0.4,1,high visual baseline
BH29,bh29-corner-shower-basket,bathroom-accessories,gallery 1,/images/products/bh29-corner-shower-basket-2.webp,manual,edge is not uniformly white or transparent,other / uncertain,none,25.2,0.0,,,,,,,,
BH29,bh29-corner-shower-basket,bathroom-accessories,gallery 2,/images/products/bh29-corner-shower-basket-3.webp,measured,,white,none,100.0,0.0,90.2,82.4,74.4,13.4,89.1,0.2,7,
BH29,bh29-corner-shower-basket,bathroom-accessories,gallery 3,/images/products/bh29-corner-shower-basket-4.webp,measured,,white,none,100.0,0.0,84.0,71.1,59.7,14.3,89.8,-0.2,1,
BH29,bh29-corner-shower-basket,bathroom-accessories,gallery 4,/images/products/bh29-corner-shower-basket-5.webp,measured,,white,none,100.0,0.0,73.0,63.3,46.2,39.8,81.3,2.5,1,
BH30,bh30-two-tier-corner-shower-basket,bathroom-accessories,hero,/images/products/bh30-two-tier-corner-shower-basket.webp,measured,,white,none,100.0,0.0,73.8,72.7,53.6,15.3,86.3,0.6,1,
BH30,bh30-two-tier-corner-shower-basket,bathroom-accessories,gallery 1,/images/products/bh30-two-tier-corner-shower-basket-2.webp,manual,edge is not uniformly white or transparent,other / uncertain,none,23.1,0.0,,,,,,,,
BH30,bh30-two-tier-corner-shower-basket,bathroom-accessories,gallery 2,/images/products/bh30-two-tier-corner-shower-basket-3.webp,manual,edge is not uniformly white or transparent,other / uncertain,none,23.0,0.0,,,,,,,,
BH30,bh30-two-tier-corner-shower-basket,bathroom-accessories,gallery 3,/images/products/bh30-two-tier-corner-shower-basket-4.webp,manual,edge is not uniformly white or transparent,other / uncertain,none,6.5,0.0,,,,,,,,
BH30,bh30-two-tier-corner-shower-basket,bathroom-accessories,gallery 4,/images/products/bh30-two-tier-corner-shower-basket-5.webp,measured,,white,none,100.0,0.0,81.6,51.2,41.8,26.2,75.8,0.2,3,high visual baseline
BH30,bh30-two-tier-corner-shower-basket,bathroom-accessories,gallery 5,/images/products/bh30-two-tier-corner-shower-basket-6.webp,measured,,white,none,100.0,0.0,61.7,85.5,52.8,10.5,93.8,4.3,4,
BH30,bh30-two-tier-corner-shower-basket,bathroom-accessories,gallery 6,/images/products/bh30-two-tier-corner-shower-basket-7.webp,measured,,white,none,100.0,0.0,49.2,84.4,41.5,29.5,92.2,3.9,1,
BH31,bh31-two-tier-corner-shower-basket,bathroom-accessories,hero,/images/products/bh31-two-tier-corner-shower-basket.webp,measured,,white,none,100.0,0.0,63.7,79.7,50.7,19.4,90.2,-0.2,1,
BH31,bh31-two-tier-corner-shower-basket,bathroom-accessories,gallery 1,/images/products/bh31-two-tier-corner-shower-basket-2.webp,manual,edge is not uniformly white or transparent,other / uncertain,none,12.0,0.0,,,,,,,,
BH31,bh31-two-tier-corner-shower-basket,bathroom-accessories,gallery 2,/images/products/bh31-two-tier-corner-shower-basket-4.webp,measured,,white,none,100.0,0.0,56.3,78.1,43.9,14.1,89.8,0.0,1,
BH31,bh31-two-tier-corner-shower-basket,bathroom-accessories,gallery 3,/images/products/bh31-two-tier-corner-shower-basket-5.webp,measured,,white,none,100.0,0.0,46.1,87.5,40.3,9.0,92.2,1.6,3,
BH31,bh31-two-tier-corner-shower-basket,bathroom-accessories,gallery 4,/images/products/bh31-two-tier-corner-shower-basket-6.webp,measured,,white,none,100.0,0.0,50.8,82.0,41.7,26.4,91.0,0.8,1,
BH32,bh32-towel-shelf-with-hooks,bathroom-accessories,hero,/images/products/bh32-towel-shelf-with-hooks.webp,measured,,white,none,100.0,0.0,84.4,56.3,47.5,13.6,81.3,0.4,1,
BH32,bh32-towel-shelf-with-hooks,bathroom-accessories,gallery 1,/images/products/bh32-towel-shelf-with-hooks-2.webp,manual,edge is not uniformly white or transparent,other / uncertain,none,5.3,0.0,,,,,,,,
BH32,bh32-towel-shelf-with-hooks,bathroom-accessories,gallery 2,/images/products/bh32-towel-shelf-with-hooks-3.webp,measured,,white,none,100.0,0.0,91.8,76.6,70.3,11.8,93.0,0.2,7,
BH32,bh32-towel-shelf-with-hooks,bathroom-accessories,gallery 3,/images/products/bh32-towel-shelf-with-hooks-4.webp,measured,,white,none,100.0,0.0,80.1,38.7,31.0,26.3,69.5,0.2,1,high visual baseline
BH32,bh32-towel-shelf-with-hooks,bathroom-accessories,gallery 4,/images/products/bh32-towel-shelf-with-hooks-5.webp,measured,,white,none,100.0,0.0,86.3,66.4,57.3,15.7,87.5,-3.7,1,
BH33,bh33-towel-shelf,bathroom-accessories,hero,/images/products/bh33-towel-shelf.webp,measured,,white,none,100.0,0.0,85.5,30.9,26.4,10.7,67.6,0.2,1,small bounding box; high visual baseline
BH33,bh33-towel-shelf,bathroom-accessories,gallery 1,/images/products/bh33-towel-shelf-2.webp,manual,edge is not uniformly white or transparent,other / uncertain,none,7.3,0.0,,,,,,,,
BH33,bh33-towel-shelf,bathroom-accessories,gallery 2,/images/products/bh33-towel-shelf-3.webp,measured,,white,none,100.0,0.0,88.7,77.3,68.6,10.5,94.9,0.2,10,
BH33,bh33-towel-shelf,bathroom-accessories,gallery 3,/images/products/bh33-towel-shelf-4.webp,measured,,white,none,99.0,0.0,96.5,63.3,61.1,14.5,81.6,0.2,1,
BH33,bh33-towel-shelf,bathroom-accessories,gallery 4,/images/products/bh33-towel-shelf-5.webp,measured,,white,none,100.0,0.0,88.7,52.3,46.4,23.6,76.2,2.1,1,high visual baseline
BH33,bh33-towel-shelf,bathroom-accessories,gallery 5,/images/products/bh33-towel-shelf-6.webp,measured,,white,none,99.5,0.0,94.5,79.7,75.3,33.9,91.4,-0.4,11,
BH34,bh34-towel-bar,bathroom-accessories,hero,/images/products/bh34-towel-bar.webp,measured,,white,none,100.0,0.0,81.6,41.4,33.8,4.1,69.9,-0.2,1,high visual baseline
BH34,bh34-towel-bar,bathroom-accessories,gallery 1,/images/products/bh34-towel-bar-2.webp,manual,edge is not uniformly white or transparent,other / uncertain,none,11.7,0.0,,,,,,,,
BH34,bh34-towel-bar,bathroom-accessories,gallery 2,/images/products/bh34-towel-bar-3.webp,measured,,white,none,100.0,0.0,87.1,13.7,11.9,2.8,59.4,0.6,1,small bounding box; high visual baseline
BH34,bh34-towel-bar,bathroom-accessories,gallery 3,/images/products/bh34-towel-bar-4.webp,measured,,white,none,100.0,0.0,87.5,50.0,43.8,5.8,72.7,0.8,6,high visual baseline
BH34,bh34-towel-bar,bathroom-accessories,gallery 4,/images/products/bh34-towel-bar-5.webp,measured,,white,none,100.0,0.0,92.2,28.9,26.6,3.1,65.6,0.0,6,small bounding box; high visual baseline
BH35,bh35-soap-dispenser,bathroom-accessories,hero,/images/products/bh35-soap-dispenser.webp,measured,,white,none,100.0,0.0,43.0,73.0,31.4,26.9,87.9,1.2,1,
BH35,bh35-soap-dispenser,bathroom-accessories,gallery 1,/images/products/bh35-soap-dispenser-2.webp,manual,edge is not uniformly white or transparent,other / uncertain,none,0.0,0.0,,,,,,,,
BH35,bh35-soap-dispenser,bathroom-accessories,gallery 2,/images/products/bh35-soap-dispenser-3.webp,measured,,white,none,100.0,0.0,78.1,86.3,67.4,7.3,96.1,-1.6,7,
BH35,bh35-soap-dispenser,bathroom-accessories,gallery 3,/images/products/bh35-soap-dispenser-4.webp,measured,,white,none,100.0,0.0,68.8,84.4,58.0,35.7,88.7,-0.8,2,
BH36,bh36-coat-and-hat-hook,bathroom-accessories,hero,/images/products/bh36-coat-and-hat-hook.webp,measured,,white,none,100.0,0.0,46.1,70.3,32.4,12.1,83.2,-5.9,1,
BH36,bh36-coat-and-hat-hook,bathroom-accessories,gallery 1,/images/products/bh36-coat-and-hat-hook-2.webp,manual,edge is not uniformly white or transparent,other / uncertain,none,3.5,0.0,,,,,,,,
BH36,bh36-coat-and-hat-hook,bathroom-accessories,gallery 2,/images/products/bh36-coat-and-hat-hook-3.webp,measured,,white,none,100.0,0.0,73.8,80.1,59.1,5.1,93.0,-1.4,8,
BH36,bh36-coat-and-hat-hook,bathroom-accessories,gallery 3,/images/products/bh36-coat-and-hat-hook-4.webp,measured,,white,none,100.0,0.0,48.4,75.0,36.3,16.3,85.9,2.3,1,
BH37,bh37-coat-and-hat-hook,bathroom-accessories,hero,/images/products/bh37-coat-and-hat-hook.webp,measured,,white,none,100.0,0.0,30.5,76.2,23.2,6.6,88.3,-2.7,1,small bounding box
BH37,bh37-coat-and-hat-hook,bathroom-accessories,gallery 1,/images/products/bh37-coat-and-hat-hook-2.webp,manual,edge is not uniformly white or transparent,other / uncertain,none,0.7,0.0,,,,,,,,
BH37,bh37-coat-and-hat-hook,bathroom-accessories,gallery 2,/images/products/bh37-coat-and-hat-hook-3.webp,measured,,white,none,100.0,0.0,44.9,78.9,35.4,4.2,88.7,1.8,2,
BH38,bh38-robe-hook,bathroom-accessories,hero,/images/products/bh38-robe-hook.webp,measured,,white,none,100.0,0.0,46.9,68.8,32.2,12.8,84.4,0.0,1,
BH38,bh38-robe-hook,bathroom-accessories,gallery 1,/images/products/bh38-robe-hook-2.webp,manual,edge is not uniformly white or transparent,other / uncertain,none,13.2,0.0,,,,,,,,
BH38,bh38-robe-hook,bathroom-accessories,gallery 2,/images/products/bh38-robe-hook-3.webp,measured,,white,none,100.0,0.0,71.5,75.0,53.6,19.6,85.5,-0.2,1,
BH38,bh38-robe-hook,bathroom-accessories,gallery 3,/images/products/bh38-robe-hook-4.webp,measured,,white,none,100.0,0.0,52.0,78.9,41.0,4.0,84.8,1.0,6,
BH39,bh39-robe-hook,bathroom-accessories,hero,/images/products/bh39-robe-hook.webp,measured,,white,none,100.0,0.0,40.6,66.8,27.1,10.4,81.3,-4.3,1,small bounding box
BH39,bh39-robe-hook,bathroom-accessories,gallery 1,/images/products/bh39-robe-hook-2.webp,manual,edge is not uniformly white or transparent,other / uncertain,none,0.0,0.0,,,,,,,,
BH39,bh39-robe-hook,bathroom-accessories,gallery 2,/images/products/bh39-robe-hook-3.webp,measured,,white,none,100.0,0.0,52.0,78.9,41.0,4.1,84.8,1.0,5,
BH39,bh39-robe-hook,bathroom-accessories,gallery 3,/images/products/bh39-robe-hook-4.webp,measured,,white,none,100.0,0.0,54.7,67.2,36.7,12.6,80.5,-0.8,1,
BH40,bh40-robe-hook,bathroom-accessories,hero,/images/products/bh40-robe-hook.webp,measured,,white,none,100.0,0.0,43.0,78.1,33.6,14.2,89.1,-2.0,1,
BH40,bh40-robe-hook,bathroom-accessories,gallery 1,/images/products/bh40-robe-hook-2.webp,manual,edge is not uniformly white or transparent,other / uncertain,none,0.0,0.0,,,,,,,,
BH40,bh40-robe-hook,bathroom-accessories,gallery 2,/images/products/bh40-robe-hook-3.webp,measured,,white,none,100.0,0.0,52.0,78.9,41.0,3.8,87.1,1.0,7,
BH40,bh40-robe-hook,bathroom-accessories,gallery 3,/images/products/bh40-robe-hook-4.webp,measured,,white,none,100.0,0.0,57.8,67.2,38.8,13.6,80.1,2.0,1,
BH41,bh41-robe-hook,bathroom-accessories,hero,/images/products/bh41-robe-hook.webp,measured,,white,none,100.0,0.0,44.5,53.1,23.7,16.9,76.6,0.0,1,small bounding box; high visual baseline
BH41,bh41-robe-hook,bathroom-accessories,gallery 1,/images/products/bh41-robe-hook-2.webp,manual,edge is not uniformly white or transparent,other / uncertain,none,0.0,0.0,,,,,,,,
BH41,bh41-robe-hook,bathroom-accessories,gallery 2,/images/products/bh41-robe-hook-3.webp,measured,,white,none,100.0,0.0,59.8,75.0,44.8,4.9,89.8,2.1,6,
BH41,bh41-robe-hook,bathroom-accessories,gallery 3,/images/products/bh41-robe-hook-4.webp,measured,,white,none,100.0,0.0,52.7,41.8,22.0,12.1,72.3,-0.6,1,small bounding box; high visual baseline
BH42,bh42-robe-hook,bathroom-accessories,hero,/images/products/bh42-robe-hook.webp,measured,,white,none,100.0,0.0,52.7,57.8,30.5,17.5,78.9,0.2,1,
BH42,bh42-robe-hook,bathroom-accessories,gallery 1,/images/products/bh42-robe-hook-2.webp,manual,edge is not uniformly white or transparent,other / uncertain,none,1.6,0.0,,,,,,,,
BH42,bh42-robe-hook,bathroom-accessories,gallery 2,/images/products/bh42-robe-hook-3.webp,measured,,white,none,100.0,0.0,52.0,66.0,34.3,4.1,82.8,1.0,8,
BH42,bh42-robe-hook,bathroom-accessories,gallery 3,/images/products/bh42-robe-hook-4.webp,measured,,white,none,100.0,0.0,47.3,60.2,28.4,14.0,81.6,2.9,1,small bounding box
BH43,bh43-toilet-roll-holder,bathroom-accessories,hero,/images/products/bh43-toilet-roll-holder.webp,measured,,white,none,100.0,0.0,78.9,65.6,51.8,11.6,82.8,0.0,1,
BH43,bh43-toilet-roll-holder,bathroom-accessories,gallery 1,/images/products/bh43-toilet-roll-holder-2.webp,manual,edge is not uniformly white or transparent,other / uncertain,none,0.7,0.0,,,,,,,,
BH43,bh43-toilet-roll-holder,bathroom-accessories,gallery 2,/images/products/bh43-toilet-roll-holder-3.webp,measured,,white,none,100.0,0.0,74.2,48.8,36.2,4.5,75.0,0.4,7,high visual baseline
BH50,bh50-two-tier-shower-shelf,bathroom-accessories,hero,/images/products/bh50-two-tier-shower-shelf.webp,measured,,white,none,100.0,0.0,75.4,71.9,54.2,23.3,83.6,1.4,1,
BH50,bh50-two-tier-shower-shelf,bathroom-accessories,gallery 1,/images/products/bh50-two-tier-shower-shelf-2.webp,manual,edge is not uniformly white or transparent,other / uncertain,none,0.8,0.0,,,,,,,,
BH50,bh50-two-tier-shower-shelf,bathroom-accessories,gallery 2,/images/products/bh50-two-tier-shower-shelf-3.webp,measured,,white,none,100.0,0.0,81.3,73.0,59.4,9.1,86.7,-0.4,7,
BH51,bh51-shower-shelf,bathroom-accessories,hero,/images/products/bh51-shower-shelf.webp,measured,,white,none,100.0,0.0,85.2,27.3,23.3,14.5,65.6,0.0,1,small bounding box; high visual baseline
BH51,bh51-shower-shelf,bathroom-accessories,gallery 1,/images/products/bh51-shower-shelf-2.webp,manual,edge is not uniformly white or transparent,other / uncertain,none,0.0,0.0,,,,,,,,
BH51,bh51-shower-shelf,bathroom-accessories,gallery 2,/images/products/bh51-shower-shelf-3.webp,measured,,white,none,99.9,0.0,94.1,33.6,31.6,7.4,66.8,-0.2,10,high visual baseline
BH51,bh51-shower-shelf,bathroom-accessories,gallery 3,/images/products/bh51-shower-shelf-4.webp,measured,,white,none,100.0,0.0,85.2,55.9,47.6,20.0,76.6,0.4,1,high visual baseline
BH52,bh52-two-tier-corner-shower-shelf,bathroom-accessories,hero,/images/products/bh52-two-tier-corner-shower-shelf.webp,measured,,white,none,100.0,0.0,52.7,77.3,40.8,19.2,88.7,0.2,1,
BH52,bh52-two-tier-corner-shower-shelf,bathroom-accessories,gallery 1,/images/products/bh52-two-tier-corner-shower-shelf-2.webp,measured,,white,none,100.0,0.0,71.9,77.3,55.6,26.2,88.7,0.0,1,
BH52,bh52-two-tier-corner-shower-shelf,bathroom-accessories,gallery 2,/images/products/bh52-two-tier-corner-shower-shelf-3.webp,manual,edge is not uniformly white or transparent,other / uncertain,none,2.9,0.0,,,,,,,,
BH52,bh52-two-tier-corner-shower-shelf,bathroom-accessories,gallery 3,/images/products/bh52-two-tier-corner-shower-shelf-4.webp,manual,possible separate corner logo or label,white,none,100.0,0.0,,,,,,,,
BH53,bh53-corner-shower-shelf,bathroom-accessories,hero,/images/products/bh53-corner-shower-shelf.webp,measured,,white,none,100.0,0.0,78.9,39.1,30.8,18.7,72.7,0.0,1,high visual baseline
BH53,bh53-corner-shower-shelf,bathroom-accessories,gallery 1,/images/products/bh53-corner-shower-shelf-2.webp,manual,edge is not uniformly white or transparent,other / uncertain,none,0.3,0.0,,,,,,,,
BH53,bh53-corner-shower-shelf,bathroom-accessories,gallery 2,/images/products/bh53-corner-shower-shelf-3.webp,manual,edge is not uniformly white or transparent,other / uncertain,none,1.0,0.0,,,,,,,,
BH53,bh53-corner-shower-shelf,bathroom-accessories,gallery 3,/images/products/bh53-corner-shower-shelf-4.webp,measured,,white,none,100.0,0.0,69.5,46.9,32.6,21.0,71.9,-0.4,1,high visual baseline
BH53,bh53-corner-shower-shelf,bathroom-accessories,gallery 4,/images/products/bh53-corner-shower-shelf-5.webp,measured,,white,none,100.0,0.0,64.8,76.2,49.4,6.7,88.3,0.0,15,
BH54,bh54-double-robe-hook,bathroom-accessories,hero,/images/products/bh54-double-robe-hook.webp,measured,,white,none,100.0,0.0,76.6,41.8,32.0,17.5,68.8,-0.4,1,high visual baseline
BH54,bh54-double-robe-hook,bathroom-accessories,gallery 1,/images/products/bh54-double-robe-hook-2.webp,manual,edge is not uniformly white or transparent,other / uncertain,none,0.0,0.0,,,,,,,,
BH54,bh54-double-robe-hook,bathroom-accessories,gallery 2,/images/products/bh54-double-robe-hook-3.webp,measured,,white,none,100.0,0.0,91.0,59.4,54.0,4.6,79.7,0.6,6,
BH54,bh54-double-robe-hook,bathroom-accessories,gallery 3,/images/products/bh54-double-robe-hook-4.webp,measured,,white,none,100.0,0.0,75.4,52.7,39.8,19.2,77.0,-3.3,1,high visual baseline
BH55,bh55-fold-down-shower-seat,care-grab-bars,hero,/images/products/bh55-fold-down-shower-seat.webp,measured,,white,edge-matched-clone,99.9,0.0,92.6,41.0,38.0,8.5,87.5,1.0,1,
BH55,bh55-fold-down-shower-seat,care-grab-bars,gallery 1,/images/products/bh55-fold-down-shower-seat-2.webp,measured,,white,edge-matched-clone,100.0,0.0,89.5,54.7,48.9,14.3,90.6,-1.4,1,
BH55,bh55-fold-down-shower-seat,care-grab-bars,gallery 2,/images/products/bh55-fold-down-shower-seat-3.webp,measured,,white,edge-matched-clone,100.0,0.0,86.7,63.3,54.9,9.0,83.2,-0.4,3,
BH55,bh55-fold-down-shower-seat,care-grab-bars,gallery 3,/images/products/bh55-fold-down-shower-seat-4.webp,measured,,white,edge-matched-clone,100.0,0.0,85.2,70.3,59.9,24.2,91.0,2.0,9,
BH55,bh55-fold-down-shower-seat,care-grab-bars,gallery 4,/images/products/bh55-fold-down-shower-seat-5.webp,manual,edge is not uniformly white or transparent,other / uncertain,boundary-fill,0.0,0.0,,,,,,,,
BH55,bh55-fold-down-shower-seat,care-grab-bars,gallery 5,/images/products/bh55-fold-down-shower-seat-6.webp,manual,edge is not uniformly white or transparent,other / uncertain,boundary-fill,0.0,0.0,,,,,,,,
BH55,bh55-fold-down-shower-seat,care-grab-bars,gallery 6,/images/products/bh55-fold-down-shower-seat-7.webp,measured,,white,edge-matched-clone,100.0,0.0,82.8,82.0,67.9,5.2,93.0,-0.4,8,
BH55,bh55-fold-down-shower-seat,care-grab-bars,gallery 7,/images/products/bh55-fold-down-shower-seat-8.webp,manual,edge is not uniformly white or transparent,other / uncertain,boundary-fill,4.2,0.0,,,,,,,,
BH56,bh56-flip-up-grab-bar,care-grab-bars,hero,/images/products/bh56-flip-up-grab-bar.webp,measured,,white,edge-matched-clone,99.7,0.0,94.9,22.7,21.5,6.5,60.5,-0.2,1,small bounding box; high visual baseline
BH56,bh56-flip-up-grab-bar,care-grab-bars,gallery 1,/images/products/bh56-flip-up-grab-bar-2.webp,measured,,white,edge-matched-clone,100.0,0.0,92.6,53.1,49.2,13.4,87.5,0.2,1,
BH56,bh56-flip-up-grab-bar,care-grab-bars,gallery 2,/images/products/bh56-flip-up-grab-bar-3.webp,measured,,white,edge-matched-clone,100.0,0.0,91.0,66.8,60.8,21.3,86.7,0.2,2,
BH56,bh56-flip-up-grab-bar,care-grab-bars,gallery 3,/images/products/bh56-flip-up-grab-bar-4.webp,manual,edge is not uniformly white or transparent,other / uncertain,boundary-fill,13.7,0.0,,,,,,,,
BH56,bh56-flip-up-grab-bar,care-grab-bars,gallery 4,/images/products/bh56-flip-up-grab-bar-5.webp,manual,edge is not uniformly white or transparent,other / uncertain,boundary-fill,3.0,0.0,,,,,,,,
BH56,bh56-flip-up-grab-bar,care-grab-bars,gallery 5,/images/products/bh56-flip-up-grab-bar-6.webp,manual,edge is not uniformly white or transparent,other / uncertain,none,17.3,0.0,,,,,,,,
BH57,bh57-double-flip-up-grab-bar,care-grab-bars,hero,/images/products/bh57-double-flip-up-grab-bar.webp,measured,,white,edge-matched-clone,99.5,0.0,94.5,32.4,30.6,9.3,67.6,0.0,1,high visual baseline
BH57,bh57-double-flip-up-grab-bar,care-grab-bars,gallery 1,/images/products/bh57-double-flip-up-grab-bar-2.webp,measured,,white,edge-matched-clone,99.4,0.0,96.1,59.8,57.4,13.6,80.5,0.4,3,
BH57,bh57-double-flip-up-grab-bar,care-grab-bars,gallery 2,/images/products/bh57-double-flip-up-grab-bar-3.webp,measured,,white,edge-matched-clone,100.0,0.0,16.0,87.1,14.0,6.1,93.8,0.6,1,small bounding box
BH57,bh57-double-flip-up-grab-bar,care-grab-bars,gallery 3,/images/products/bh57-double-flip-up-grab-bar-4.webp,measured,,white,edge-matched-clone,99.2,0.0,96.5,36.7,35.4,8.3,75.0,1.0,1,high visual baseline
BH57,bh57-double-flip-up-grab-bar,care-grab-bars,gallery 4,/images/products/bh57-double-flip-up-grab-bar-5.webp,manual,edge is not uniformly white or transparent,other / uncertain,boundary-fill,19.2,0.0,,,,,,,,
BH57,bh57-double-flip-up-grab-bar,care-grab-bars,gallery 5,/images/products/bh57-double-flip-up-grab-bar-6.webp,manual,edge is not uniformly white or transparent,other / uncertain,boundary-fill,0.0,0.0,,,,,,,,
BH58,bh58-flip-up-grab-bar,care-grab-bars,hero,/images/products/bh58-flip-up-grab-bar.webp,measured,,white,edge-matched-clone,99.3,0.0,95.3,39.5,37.6,6.2,71.9,0.4,1,high visual baseline
BH58,bh58-flip-up-grab-bar,care-grab-bars,gallery 1,/images/products/bh58-flip-up-grab-bar-2.webp,manual,edge is not uniformly white or transparent,other / uncertain,boundary-fill,0.0,0.0,,,,,,,,
BH58,bh58-flip-up-grab-bar,care-grab-bars,gallery 2,/images/products/bh58-flip-up-grab-bar-3.webp,manual,edge is not uniformly white or transparent,other / uncertain,edge-matched-clone,97.9,0.0,,,,,,,,
BH58,bh58-flip-up-grab-bar,care-grab-bars,gallery 3,/images/products/bh58-flip-up-grab-bar-4.webp,manual,edge is not uniformly white or transparent,other / uncertain,none,6.6,0.0,,,,,,,,
BH58,bh58-flip-up-grab-bar,care-grab-bars,gallery 4,/images/products/bh58-flip-up-grab-bar-5.webp,manual,edge is not uniformly white or transparent,other / uncertain,none,16.7,0.0,,,,,,,,
BL027,bl027-brass-and-steel-hinges,brass-steel-hinges,hero,/images/products/bl027-brass-and-steel-hinges.webp,measured,,white,boundary-fill,100.0,0.0,49.2,78.5,38.6,34.6,89.5,0.4,1,
BL027,bl027-brass-and-steel-hinges,brass-steel-hinges,gallery 1,/images/products/bl027-brass-and-steel-hinges-2.webp,measured,,white,edge-matched-clone,100.0,0.0,85.9,62.5,53.7,28.1,82.4,0.4,2,
BL027,bl027-brass-and-steel-hinges,brass-steel-hinges,gallery 2,/images/products/bl027-brass-and-steel-hinges-3.webp,measured,,white,edge-matched-clone,100.0,0.0,80.5,60.5,48.7,27.3,82.0,-0.4,1,
BL027,bl027-brass-and-steel-hinges,brass-steel-hinges,gallery 3,/images/products/bl027-brass-and-steel-hinges-4.webp,measured,,white,boundary-fill,100.0,0.0,74.2,63.3,47.0,36.6,81.6,0.0,1,
BL027,bl027-brass-and-steel-hinges,brass-steel-hinges,gallery 4,/images/products/bl027-brass-and-steel-hinges-5.webp,manual,edge is not uniformly white or transparent,other / uncertain,none,69.6,0.0,,,,,,,,
BL027,bl027-brass-and-steel-hinges,brass-steel-hinges,gallery 5,/images/products/bl027-brass-and-steel-hinges-6.webp,manual,edge is not uniformly white or transparent,other / uncertain,edge-matched-clone,3.7,0.0,,,,,,,,
BL028,bl028-brass-and-steel-hinges,brass-steel-hinges,hero,/images/products/bl028-brass-and-steel-hinges.webp,measured,,white,edge-matched-clone,100.0,0.0,46.1,68.0,31.3,28.4,85.2,2.3,1,
BL028,bl028-brass-and-steel-hinges,brass-steel-hinges,gallery 1,/images/products/bl028-brass-and-steel-hinges-2.webp,measured,,white,boundary-fill,100.0,0.0,82.8,69.1,57.3,28.6,85.2,0.0,2,
BL028,bl028-brass-and-steel-hinges,brass-steel-hinges,gallery 2,/images/products/bl028-brass-and-steel-hinges-3.webp,measured,,white,edge-matched-clone,100.0,0.0,88.3,61.7,54.5,28.3,85.9,0.0,1,
BL028,bl028-brass-and-steel-hinges,brass-steel-hinges,gallery 3,/images/products/bl028-brass-and-steel-hinges-4.webp,measured,,white,edge-matched-clone,100.0,0.0,90.6,60.5,54.9,16.2,84.8,0.4,4,
BL028,bl028-brass-and-steel-hinges,brass-steel-hinges,gallery 4,/images/products/bl028-brass-and-steel-hinges-5.webp,measured,,white,edge-matched-clone,100.0,0.0,88.3,54.3,47.9,19.4,82.8,0.4,1,
BL028,bl028-brass-and-steel-hinges,brass-steel-hinges,gallery 5,/images/products/bl028-brass-and-steel-hinges-6.webp,manual,edge is not uniformly white or transparent,other / uncertain,boundary-fill,1.8,0.0,,,,,,,,
BL028,bl028-brass-and-steel-hinges,brass-steel-hinges,gallery 6,/images/products/bl028-brass-and-steel-hinges-7.webp,manual,edge is not uniformly white or transparent,other / uncertain,boundary-fill,0.0,0.0,,,,,,,,
BL029,bl029-brass-and-steel-hinges,brass-steel-hinges,hero,/images/products/bl029-brass-and-steel-hinges.webp,measured,,white,edge-matched-clone,100.0,0.0,64.5,72.7,46.8,42.4,89.5,2.1,1,
BL029,bl029-brass-and-steel-hinges,brass-steel-hinges,gallery 1,/images/products/bl029-brass-and-steel-hinges-2.webp,measured,,white,edge-matched-clone,100.0,0.0,83.6,65.6,54.9,24.7,84.0,-0.8,2,
BL029,bl029-brass-and-steel-hinges,brass-steel-hinges,gallery 2,/images/products/bl029-brass-and-steel-hinges-3.webp,measured,,white,edge-matched-clone,100.0,0.0,75.8,60.2,45.6,24.9,79.3,1.6,1,
BL029,bl029-brass-and-steel-hinges,brass-steel-hinges,gallery 3,/images/products/bl029-brass-and-steel-hinges-4.webp,measured,,white,edge-matched-clone,100.0,0.0,86.7,69.1,60.0,31.3,83.6,-0.8,2,
BL029,bl029-brass-and-steel-hinges,brass-steel-hinges,gallery 4,/images/products/bl029-brass-and-steel-hinges-5.webp,measured,,white,edge-matched-clone,100.0,0.0,70.3,63.7,44.8,25.6,83.2,0.4,1,
BL029,bl029-brass-and-steel-hinges,brass-steel-hinges,gallery 5,/images/products/bl029-brass-and-steel-hinges-6.webp,measured,,white,edge-matched-clone,98.7,0.0,74.2,91.0,67.6,9.2,98.4,3.9,12,
BL029,bl029-brass-and-steel-hinges,brass-steel-hinges,gallery 6,/images/products/bl029-brass-and-steel-hinges-7.webp,manual,edge is not uniformly white or transparent,other / uncertain,boundary-fill,0.0,0.0,,,,,,,,
BL029,bl029-brass-and-steel-hinges,brass-steel-hinges,gallery 7,/images/products/bl029-brass-and-steel-hinges-8.webp,manual,edge is not uniformly white or transparent,other / uncertain,boundary-fill,0.0,0.0,,,,,,,,
BL030,bl030-brass-and-steel-hinges,brass-steel-hinges,hero,/images/products/bl030-brass-and-steel-hinges.webp,measured,,white,edge-matched-clone,100.0,0.0,45.7,73.8,33.7,29.7,90.6,-0.6,1,
BL030,bl030-brass-and-steel-hinges,brass-steel-hinges,gallery 1,/images/products/bl030-brass-and-steel-hinges-2.webp,measured,,white,edge-matched-clone,100.0,0.0,83.6,75.0,62.7,24.9,93.0,-2.0,9,
BL030,bl030-brass-and-steel-hinges,brass-steel-hinges,gallery 2,/images/products/bl030-brass-and-steel-hinges-3.webp,measured,,white,edge-matched-clone,100.0,0.0,93.8,60.5,56.8,23.7,84.0,0.0,6,
BL030,bl030-brass-and-steel-hinges,brass-steel-hinges,gallery 3,/images/products/bl030-brass-and-steel-hinges-4.webp,manual,edge is not uniformly white or transparent,other / uncertain,boundary-fill,0.0,0.0,,,,,,,,
BL030,bl030-brass-and-steel-hinges,brass-steel-hinges,gallery 4,/images/products/bl030-brass-and-steel-hinges-5.webp,manual,edge is not uniformly white or transparent,other / uncertain,boundary-fill,9.3,0.0,,,,,,,,
BL030,bl030-brass-and-steel-hinges,brass-steel-hinges,gallery 5,/images/products/bl030-brass-and-steel-hinges-6.webp,manual,edge is not uniformly white or transparent,other / uncertain,edge-matched-clone,97.2,0.0,,,,,,,,
BL030,bl030-brass-and-steel-hinges,brass-steel-hinges,gallery 6,/images/products/bl030-brass-and-steel-hinges-7.webp,manual,known logo exclusion may touch product,white,boundary-fill,99.9,0.0,,,,,,,,
BL031,bl031-brass-and-steel-hinges,brass-steel-hinges,hero,/images/products/bl031-brass-and-steel-hinges.webp,measured,,white,edge-matched-clone,100.0,0.0,50.4,84.4,42.5,27.0,93.4,4.1,1,
BL031,bl031-brass-and-steel-hinges,brass-steel-hinges,gallery 1,/images/products/bl031-brass-and-steel-hinges-2.webp,measured,,white,edge-matched-clone,100.0,0.0,86.3,80.1,69.1,24.9,94.5,-0.2,9,
BL031,bl031-brass-and-steel-hinges,brass-steel-hinges,gallery 2,/images/products/bl031-brass-and-steel-hinges-3.webp,measured,,white,edge-matched-clone,100.0,0.0,88.7,78.1,69.3,23.7,94.9,-1.0,4,
BL031,bl031-brass-and-steel-hinges,brass-steel-hinges,gallery 3,/images/products/bl031-brass-and-steel-hinges-4.webp,measured,,white,edge-matched-clone,100.0,0.0,80.5,65.2,52.5,24.5,85.5,-1.6,2,
BL031,bl031-brass-and-steel-hinges,brass-steel-hinges,gallery 4,/images/products/bl031-brass-and-steel-hinges-5.webp,manual,edge is not uniformly white or transparent,other / uncertain,boundary-fill,9.3,0.0,,,,,,,,
BL031,bl031-brass-and-steel-hinges,brass-steel-hinges,gallery 5,/images/products/bl031-brass-and-steel-hinges-6.webp,measured,,white,boundary-fill,100.0,0.0,86.7,91.8,79.6,25.1,94.9,2.7,31,
BL031,bl031-brass-and-steel-hinges,brass-steel-hinges,gallery 6,/images/products/bl031-brass-and-steel-hinges-7.webp,manual,edge is not uniformly white or transparent,other / uncertain,edge-matched-clone,64.8,0.0,,,,,,,,
Black Tubular Lever Lock Set,black-tubular-lever-lock-set,lever-handles,hero,/images/products/black-tubular-lever-lock-set.webp,measured,,white,edge-matched-clone,100.0,0.0,81.6,47.3,38.6,18.3,73.8,6.1,1,high visual baseline
CH01,ch01-brass-and-steel-hinges,brass-steel-hinges,hero,/images/products/ch01-brass-and-steel-hinges.webp,measured,,white,none,100.0,0.0,83.2,46.9,39.0,29.5,74.6,-0.2,1,high visual baseline
CH01,ch01-brass-and-steel-hinges,brass-steel-hinges,gallery 1,/images/products/ch01-brass-and-steel-hinges-2.webp,measured,,white,none,100.0,0.0,68.8,63.7,43.8,22.8,82.0,0.0,1,
CH01,ch01-brass-and-steel-hinges,brass-steel-hinges,gallery 2,/images/products/ch01-brass-and-steel-hinges-3.webp,measured,,white,none,100.0,0.0,72.3,62.5,45.2,24.6,79.7,0.6,1,
CH01,ch01-brass-and-steel-hinges,brass-steel-hinges,gallery 3,/images/products/ch01-brass-and-steel-hinges-4.webp,measured,,white,none,100.0,0.0,79.3,69.9,55.4,29.7,85.2,-0.2,1,
Cylindrical Knob Lock,cylindrical-knob-lock,knob-locks,hero,/images/products/cylindrical-knob-lock.webp,measured,,white,edge-matched-clone,100.0,0.0,63.3,48.4,30.7,21.7,78.1,0.4,1,
D01 AB,d01-ab-deadbolts,deadbolts,hero,/images/products/d01-ab-deadbolts.webp,measured,,white,none,100.0,0.0,78.5,61.3,48.2,24.9,82.8,3.3,1,
D01 AB,d01-ab-deadbolts,deadbolts,gallery 1,/images/products/d01-ab-deadbolts-2.webp,manual,edge is not uniformly white or transparent,other / uncertain,none,0.0,0.0,,,,,,,,
D101 AB,d101-ab-deadbolts,deadbolts,hero,/images/products/d101-ab-deadbolts.webp,measured,,white,none,100.0,0.0,78.1,61.3,47.9,24.9,79.7,2.0,1,
D101 AB,d101-ab-deadbolts,deadbolts,gallery 1,/images/products/d101-ab-deadbolts-2.webp,manual,edge is not uniformly white or transparent,other / uncertain,none,0.0,0.0,,,,,,,,
D101 AC,d101-ac-deadbolts,deadbolts,hero,/images/products/d101-ac-deadbolts.webp,measured,,white,none,100.0,0.0,68.4,57.4,39.3,23.2,78.9,0.2,1,
D101 AC,d101-ac-deadbolts,deadbolts,gallery 1,/images/products/d101-ac-deadbolts-2.webp,measured,,white,edge-matched-clone,100.0,0.0,68.8,68.8,47.3,31.0,87.5,0.4,1,
D101 AC,d101-ac-deadbolts,deadbolts,gallery 2,/images/products/d101-ac-deadbolts-3.webp,manual,edge is not uniformly white or transparent,other / uncertain,boundary-fill,68.5,0.0,,,,,,,,
D101 AC,d101-ac-deadbolts,deadbolts,gallery 3,/images/products/d101-ac-deadbolts-4.webp,measured,,white,edge-matched-clone,100.0,0.0,87.5,57.0,49.9,31.5,78.9,0.4,1,
D101 AC,d101-ac-deadbolts,deadbolts,gallery 4,/images/products/d101-ac-deadbolts-5.webp,manual,edge is not uniformly white or transparent,other / uncertain,none,0.0,0.0,,,,,,,,
D101 BS,d101-bs-deadbolts,deadbolts,hero,/images/products/d101-bs-deadbolts.webp,measured,,white,edge-matched-clone,100.0,0.0,82.8,56.3,46.6,23.6,79.7,0.0,1,
D101 BS,d101-bs-deadbolts,deadbolts,gallery 1,/images/products/d101-bs-deadbolts-2.webp,measured,,white,edge-matched-clone,100.0,0.0,72.7,59.4,43.1,25.0,82.4,6.3,1,
D101 BS,d101-bs-deadbolts,deadbolts,gallery 2,/images/products/d101-bs-deadbolts-3.webp,measured,,white,edge-matched-clone,100.0,0.0,89.5,84.4,75.5,28.7,94.9,2.1,6,
D101 BS,d101-bs-deadbolts,deadbolts,gallery 3,/images/products/d101-bs-deadbolts-4.webp,manual,edge is not uniformly white or transparent,other / uncertain,none,0.0,0.0,,,,,,,,
D101 DSPB,d101-dspb-deadbolts,deadbolts,hero,/images/products/d101-dspb-deadbolts.webp,measured,,white,edge-matched-clone,100.0,0.0,82.8,52.7,43.7,27.7,78.9,3.1,1,
D101 DSPB,d101-dspb-deadbolts,deadbolts,gallery 1,/images/products/d101-dspb-deadbolts-2.webp,manual,edge is not uniformly white or transparent,other / uncertain,none,0.0,0.0,,,,,,,,
D101 DSPB,d101-dspb-deadbolts,deadbolts,gallery 2,/images/products/d101-dspb-deadbolts-3.webp,manual,edge is not uniformly white or transparent,other / uncertain,none,5.7,0.0,,,,,,,,
D101 PB,d101-pb-deadbolts,deadbolts,hero,/images/products/d101-pb-deadbolts.webp,measured,,white,none,100.0,0.0,79.3,57.0,45.2,23.6,80.5,2.1,1,
D101 PB,d101-pb-deadbolts,deadbolts,gallery 1,/images/products/d101-pb-deadbolts-2.webp,manual,edge is not uniformly white or transparent,other / uncertain,none,0.0,0.0,,,,,,,,
D101 PB,d101-pb-deadbolts,deadbolts,gallery 2,/images/products/d101-pb-deadbolts-3.webp,manual,edge is not uniformly white or transparent,other / uncertain,none,0.2,0.0,,,,,,,,
D101 SS,d101-ss-deadbolts,deadbolts,hero,/images/products/d101-ss-deadbolts.webp,measured,,white,edge-matched-clone,100.0,0.0,78.9,56.6,44.7,22.6,80.5,2.7,1,
D101 SS,d101-ss-deadbolts,deadbolts,gallery 1,/images/products/d101-ss-deadbolts-2.webp,measured,,white,edge-matched-clone,100.0,0.0,85.5,53.9,46.1,27.8,81.3,1.8,1,
D101 SS,d101-ss-deadbolts,deadbolts,gallery 2,/images/products/d101-ss-deadbolts-3.webp,measured,,white,edge-matched-clone,100.0,0.0,76.2,59.4,45.2,25.9,85.9,1.0,1,
D101 SS,d101-ss-deadbolts,deadbolts,gallery 3,/images/products/d101-ss-deadbolts-4.webp,measured,,white,edge-matched-clone,99.5,0.0,92.2,77.3,71.3,26.4,94.5,3.1,5,
D101 SS,d101-ss-deadbolts,deadbolts,gallery 4,/images/products/d101-ss-deadbolts-5.webp,manual,edge is not uniformly white or transparent,other / uncertain,boundary-fill,0.0,0.0,,,,,,,,
D101 SS,d101-ss-deadbolts,deadbolts,gallery 5,/images/products/d101-ss-deadbolts-6.webp,measured,,white,edge-matched-clone,99.7,0.0,95.3,73.4,70.0,19.4,91.4,1.2,7,
D101 SS,d101-ss-deadbolts,deadbolts,gallery 6,/images/products/d101-ss-deadbolts-7.webp,manual,edge is not uniformly white or transparent,other / uncertain,boundary-fill,0.0,0.0,,,,,,,,
D101 SS,d101-ss-deadbolts,deadbolts,gallery 7,/images/products/d101-ss-deadbolts-8.webp,manual,edge is not uniformly white or transparent,other / uncertain,edge-matched-clone,0.0,0.0,,,,,,,,
D102 AC,d102-ac-deadbolts,deadbolts,hero,/images/products/d102-ac-deadbolts.webp,measured,,white,edge-matched-clone,100.0,0.0,76.2,54.7,41.7,22.6,77.0,2.5,1,high visual baseline
D102 AC,d102-ac-deadbolts,deadbolts,gallery 1,/images/products/d102-ac-deadbolts-2.webp,measured,,white,none,100.0,0.0,90.6,70.3,63.7,27.6,90.6,-0.4,1,
D102 AC,d102-ac-deadbolts,deadbolts,gallery 2,/images/products/d102-ac-deadbolts-3.webp,measured,,white,edge-matched-clone,100.0,0.0,90.6,56.3,51.0,25.8,83.2,1.2,4,
D102 AC,d102-ac-deadbolts,deadbolts,gallery 3,/images/products/d102-ac-deadbolts-4.webp,manual,edge is not uniformly white or transparent,other / uncertain,none,0.0,0.0,,,,,,,,
D102 PB,d102-pb-deadbolts,deadbolts,hero,/images/products/d102-pb-deadbolts.webp,measured,,white,none,100.0,0.0,80.1,59.8,47.9,32.4,80.9,0.6,1,
D102 PB,d102-pb-deadbolts,deadbolts,gallery 1,/images/products/d102-pb-deadbolts-2.webp,manual,edge is not uniformly white or transparent,other / uncertain,none,4.6,0.0,,,,,,,,
D102 PB,d102-pb-deadbolts,deadbolts,gallery 2,/images/products/d102-pb-deadbolts-3.webp,manual,edge is not uniformly white or transparent,other / uncertain,none,0.0,0.0,,,,,,,,
D102 SS,d102-ss-deadbolts,deadbolts,hero,/images/products/d102-ss-deadbolts.webp,measured,,white,edge-matched-clone,99.9,0.0,81.6,53.1,43.4,28.1,82.0,2.5,1,
D102 SS,d102-ss-deadbolts,deadbolts,gallery 1,/images/products/d102-ss-deadbolts-2.webp,measured,,white,edge-matched-clone,99.9,0.0,82.8,78.9,65.3,26.1,97.7,5.1,1,
D102 SS,d102-ss-deadbolts,deadbolts,gallery 2,/images/products/d102-ss-deadbolts-3.webp,measured,,white,boundary-fill,98.5,0.0,98.8,80.9,79.9,29.9,92.6,0.2,8,touches canvas edge
D102 SS,d102-ss-deadbolts,deadbolts,gallery 3,/images/products/d102-ss-deadbolts-4.webp,measured,,white,edge-matched-clone,99.9,0.0,93.0,87.1,81.0,22.0,94.1,1.2,8,
D102 SS,d102-ss-deadbolts,deadbolts,gallery 4,/images/products/d102-ss-deadbolts-5.webp,manual,edge is not uniformly white or transparent,other / uncertain,boundary-fill,0.0,0.0,,,,,,,,
D103 AC,d103-ac-deadbolts,deadbolts,hero,/images/products/d103-ac-deadbolts.webp,measured,,white,edge-matched-clone,100.0,0.0,62.9,59.0,37.1,31.9,83.2,-0.2,1,
D103 AC,d103-ac-deadbolts,deadbolts,gallery 1,/images/products/d103-ac-deadbolts-2.webp,measured,,white,edge-matched-clone,100.0,0.0,71.5,51.6,36.9,20.7,76.2,-0.2,1,high visual baseline
D103 AC,d103-ac-deadbolts,deadbolts,gallery 2,/images/products/d103-ac-deadbolts-3.webp,manual,edge is not uniformly white or transparent,other / uncertain,boundary-fill,0.0,0.0,,,,,,,,
D103 AC,d103-ac-deadbolts,deadbolts,gallery 3,/images/products/d103-ac-deadbolts-4.webp,manual,edge is not uniformly white or transparent,other / uncertain,boundary-fill,1.3,0.0,,,,,,,,
D103 AC,d103-ac-deadbolts,deadbolts,gallery 4,/images/products/d103-ac-deadbolts-5.webp,measured,,white,boundary-fill,100.0,0.0,59.8,84.0,50.2,29.8,96.9,0.2,1,
D103 AC,d103-ac-deadbolts,deadbolts,gallery 5,/images/products/d103-ac-deadbolts-6.webp,measured,,white,edge-matched-clone,100.0,0.0,63.7,64.1,40.8,31.9,82.0,0.6,1,
DC01,dc01-door-coordinator,hardware-accessories,hero,/images/products/dc01-door-coordinator.webp,measured,,white,edge-matched-clone,99.9,0.0,92.6,57.8,53.5,17.5,82.4,-1.0,6,
DC01,dc01-door-coordinator,hardware-accessories,gallery 1,/images/products/dc01-door-coordinator-2.webp,measured,,white,edge-matched-clone,100.0,0.0,49.6,83.6,41.5,10.3,93.4,2.5,1,
DC01,dc01-door-coordinator,hardware-accessories,gallery 2,/images/products/dc01-door-coordinator-3.webp,manual,edge is not uniformly white or transparent,other / uncertain,edge-matched-clone,86.7,0.0,,,,,,,,
DC01,dc01-door-coordinator,hardware-accessories,gallery 3,/images/products/dc01-door-coordinator-4.webp,measured,,white,edge-matched-clone,100.0,0.0,90.2,52.3,47.2,14.9,82.0,-0.6,1,
DC01,dc01-door-coordinator,hardware-accessories,gallery 4,/images/products/dc01-door-coordinator-5.webp,manual,edge is not uniformly white or transparent,other / uncertain,none,38.2,0.0,,,,,,,,
DC01,dc01-door-coordinator,hardware-accessories,gallery 5,/images/products/dc01-door-coordinator-6.webp,manual,edge is not uniformly white or transparent,other / uncertain,none,66.8,0.0,,,,,,,,
DC02,dc02-door-coordinator,hardware-accessories,hero,/images/products/dc02-door-coordinator.webp,measured,,white,edge-matched-clone,99.9,0.0,93.4,89.8,83.9,14.1,95.3,0.6,4,
DC02,dc02-door-coordinator,hardware-accessories,gallery 1,/images/products/dc02-door-coordinator-2.webp,measured,,white,edge-matched-clone,99.7,0.0,94.1,78.5,73.9,9.2,85.9,-1.0,1,
DC02,dc02-door-coordinator,hardware-accessories,gallery 2,/images/products/dc02-door-coordinator-3.webp,measured,,white,edge-matched-clone,99.8,0.0,92.6,71.9,66.5,5.6,92.6,1.8,1,
DC02,dc02-door-coordinator,hardware-accessories,gallery 3,/images/products/dc02-door-coordinator-4.webp,measured,,white,edge-matched-clone,99.0,0.0,96.9,41.8,40.5,5.3,75.0,0.0,1,high visual baseline
DC02,dc02-door-coordinator,hardware-accessories,gallery 4,/images/products/dc02-door-coordinator-5.webp,manual,edge is not uniformly white or transparent,other / uncertain,none,49.1,0.0,,,,,,,,
DC02,dc02-door-coordinator,hardware-accessories,gallery 5,/images/products/dc02-door-coordinator-6.webp,manual,edge is not uniformly white or transparent,other / uncertain,none,9.1,0.0,,,,,,,,
DC02,dc02-door-coordinator,hardware-accessories,gallery 6,/images/products/dc02-door-coordinator-7.webp,manual,edge is not uniformly white or transparent,other / uncertain,none,97.6,0.0,,,,,,,,
DH02 AB,dh02-ab-grip-handle-set,grip-handle-sets,hero,/images/products/dh02-ab-grip-handle-set.webp,measured,,white,edge-matched-clone,100.0,0.0,71.5,84.8,60.6,25.1,94.9,-4.1,2,
DH02 AB,dh02-ab-grip-handle-set,grip-handle-sets,gallery 1,/images/products/dh02-ab-grip-handle-set-2.webp,measured,,white,edge-matched-clone,100.0,0.0,67.2,85.9,57.7,22.4,93.4,-8.2,2,
DH02 AB,dh02-ab-grip-handle-set,grip-handle-sets,gallery 2,/images/products/dh02-ab-grip-handle-set-3.webp,measured,,white,edge-matched-clone,100.0,0.0,69.9,84.8,59.3,25.5,94.9,8.8,2,
DH02 AB,dh02-ab-grip-handle-set,grip-handle-sets,gallery 3,/images/products/dh02-ab-grip-handle-set-4.webp,measured,,white,edge-matched-clone,100.0,0.0,64.5,84.0,54.1,24.1,93.4,10.0,2,
DH02 AB,dh02-ab-grip-handle-set,grip-handle-sets,gallery 4,/images/products/dh02-ab-grip-handle-set-5.webp,measured,,white,edge-matched-clone,100.0,0.0,67.2,84.4,56.7,23.4,94.5,7.4,2,
DH02 AB,dh02-ab-grip-handle-set,grip-handle-sets,gallery 5,/images/products/dh02-ab-grip-handle-set-6.webp,measured,,white,edge-matched-clone,100.0,0.0,87.9,61.7,54.2,39.1,81.3,-0.2,1,
DH02 AB,dh02-ab-grip-handle-set,grip-handle-sets,gallery 6,/images/products/dh02-ab-grip-handle-set-7.webp,measured,,white,boundary-fill,100.0,0.0,90.6,90.6,82.1,27.3,96.9,-0.4,4,
DH02 AB,dh02-ab-grip-handle-set,grip-handle-sets,gallery 7,/images/products/dh02-ab-grip-handle-set-8.webp,measured,,white,edge-matched-clone,100.0,0.0,39.1,82.8,32.3,17.4,91.8,1.2,2,
DH02 AB,dh02-ab-grip-handle-set,grip-handle-sets,gallery 8,/images/products/dh02-ab-grip-handle-set-9.webp,measured,,white,edge-matched-clone,100.0,0.0,51.2,82.8,42.4,9.4,93.8,-4.9,2,
DH02 PB,dh02-pb-grip-handle-set,grip-handle-sets,hero,/images/products/dh02-pb-grip-handle-set.webp,measured,,white,edge-matched-clone,100.0,0.0,55.1,77.3,42.6,20.2,89.8,11.1,2,off-center
DH02 PB,dh02-pb-grip-handle-set,grip-handle-sets,gallery 1,/images/products/dh02-pb-grip-handle-set-2.webp,manual,edge is not uniformly white or transparent,other / uncertain,boundary-fill,1.9,0.0,,,,,,,,
DH02 PB,dh02-pb-grip-handle-set,grip-handle-sets,gallery 2,/images/products/dh02-pb-grip-handle-set-3.webp,manual,edge is not uniformly white or transparent,other / uncertain,boundary-fill,0.0,0.0,,,,,,,,
DH02 PB,dh02-pb-grip-handle-set,grip-handle-sets,gallery 3,/images/products/dh02-pb-grip-handle-set-4.webp,measured,,white,edge-matched-clone,100.0,0.0,60.9,91.4,55.7,28.6,95.7,-6.3,2,
DH02 PB,dh02-pb-grip-handle-set,grip-handle-sets,gallery 4,/images/products/dh02-pb-grip-handle-set-5.webp,measured,,white,edge-matched-clone,100.0,0.0,77.3,84.4,65.3,22.1,94.1,0.0,4,
DH02 PB,dh02-pb-grip-handle-set,grip-handle-sets,gallery 5,/images/products/dh02-pb-grip-handle-set-6.webp,measured,,white,edge-matched-clone,100.0,0.0,62.5,80.5,50.3,23.4,91.0,8.6,1,
DS01,ds01-door-stopper,hardware-accessories,hero,/images/products/ds01-door-stopper.webp,measured,,white,none,100.0,0.0,32.0,77.7,24.9,11.0,89.5,0.0,1,small bounding box
DS01,ds01-door-stopper,hardware-accessories,gallery 1,/images/products/ds01-door-stopper-2.webp,measured,,white,none,100.0,0.0,30.9,79.3,24.5,10.2,89.8,-0.2,1,small bounding box
DS01,ds01-door-stopper,hardware-accessories,gallery 2,/images/products/ds01-door-stopper-3.webp,measured,,white,none,100.0,0.0,40.6,93.0,37.8,5.4,96.5,-6.3,7,
DS01,ds01-door-stopper,hardware-accessories,gallery 3,/images/products/ds01-door-stopper-4.webp,manual,edge is not uniformly white or transparent,other / uncertain,none,0.0,0.0,,,,,,,,
DS010,ds010-door-stopper,hardware-accessories,hero,/images/products/ds010-door-stopper.webp,measured,,white,none,100.0,0.0,84.8,72.7,61.6,47.3,85.9,0.2,1,
DS010,ds010-door-stopper,hardware-accessories,gallery 1,/images/products/ds010-door-stopper-2.webp,measured,,white,none,100.0,0.0,84.0,72.3,60.7,46.8,85.5,0.2,1,
DS010,ds010-door-stopper,hardware-accessories,gallery 2,/images/products/ds010-door-stopper-3.webp,measured,,white,none,100.0,0.0,83.6,67.6,56.5,42.9,83.2,0.0,1,
DS010,ds010-door-stopper,hardware-accessories,gallery 3,/images/products/ds010-door-stopper-4.webp,measured,,white,none,100.0,0.0,82.4,65.2,53.8,37.8,81.6,0.2,1,
DS010,ds010-door-stopper,hardware-accessories,gallery 4,/images/products/ds010-door-stopper-5.webp,manual,edge is not uniformly white or transparent,other / uncertain,none,0.0,0.0,,,,,,,,
DS011,ds011-door-stopper,hardware-accessories,hero,/images/products/ds011-door-stopper.webp,measured,,white,none,100.0,0.0,83.2,71.9,59.8,25.4,88.3,0.2,1,
DS011,ds011-door-stopper,hardware-accessories,gallery 1,/images/products/ds011-door-stopper-2.webp,measured,,white,none,100.0,0.0,82.4,46.5,38.3,19.0,72.3,-0.2,2,high visual baseline
DS011,ds011-door-stopper,hardware-accessories,gallery 2,/images/products/ds011-door-stopper-3.webp,manual,edge is not uniformly white or transparent,other / uncertain,none,0.0,0.0,,,,,,,,
DS011,ds011-door-stopper,hardware-accessories,gallery 3,/images/products/ds011-door-stopper-4.webp,manual,edge is not uniformly white or transparent,other / uncertain,boundary-fill,0.0,0.0,,,,,,,,
DS013,ds013-door-stopper,hardware-accessories,hero,/images/products/ds013-door-stopper.webp,measured,,white,none,100.0,0.0,83.2,74.6,62.1,16.0,87.9,0.2,1,
DS013,ds013-door-stopper,hardware-accessories,gallery 1,/images/products/ds013-door-stopper-2.webp,manual,edge is not uniformly white or transparent,other / uncertain,boundary-fill,4.3,0.0,,,,,,,,
DS02,ds02-door-stopper,hardware-accessories,hero,/images/products/ds02-door-stopper.webp,measured,,white,none,100.0,0.0,43.8,78.1,34.2,10.9,90.2,-2.3,1,
DS02,ds02-door-stopper,hardware-accessories,gallery 1,/images/products/ds02-door-stopper-2.webp,manual,edge is not uniformly white or transparent,other / uncertain,none,4.3,0.0,,,,,,,,
DS022,ds022-door-stopper,hardware-accessories,hero,/images/products/ds022-door-stopper.webp,measured,,white,none,100.0,0.0,33.2,80.9,26.8,12.6,90.6,-0.2,1,small bounding box
DS022,ds022-door-stopper,hardware-accessories,gallery 1,/images/products/ds022-door-stopper-2.webp,manual,edge is not uniformly white or transparent,other / uncertain,none,5.0,0.0,,,,,,,,
DS05,ds05-door-stopper,hardware-accessories,hero,/images/products/ds05-door-stopper.webp,measured,,white,none,100.0,0.0,72.3,62.9,45.4,35.4,81.6,0.2,1,
DS05,ds05-door-stopper,hardware-accessories,gallery 1,/images/products/ds05-door-stopper-2.webp,measured,,white,none,100.0,0.0,82.4,69.1,57.0,41.7,84.8,-0.2,1,
DS05,ds05-door-stopper,hardware-accessories,gallery 2,/images/products/ds05-door-stopper-3.webp,manual,edge is not uniformly white or transparent,other / uncertain,none,0.1,0.0,,,,,,,,
DS09,ds09-door-stopper,hardware-accessories,hero,/images/products/ds09-door-stopper.webp,measured,,white,none,100.0,0.0,74.6,69.1,51.6,34.5,85.5,-3.7,1,
DS09,ds09-door-stopper,hardware-accessories,gallery 1,/images/products/ds09-door-stopper-2.webp,manual,edge is not uniformly white or transparent,other / uncertain,none,0.8,0.0,,,,,,,,
DSL02,dsl02-door-coordinator,hardware-accessories,hero,/images/products/dsl02-door-coordinator.webp,measured,,white,edge-matched-clone,100.0,0.0,89.5,57.4,51.4,8.4,83.6,0.6,2,
DSL02,dsl02-door-coordinator,hardware-accessories,gallery 1,/images/products/dsl02-door-coordinator-2.webp,measured,,white,edge-matched-clone,100.0,0.0,89.5,57.4,51.4,8.5,83.6,0.6,2,
DSL02,dsl02-door-coordinator,hardware-accessories,gallery 2,/images/products/dsl02-door-coordinator-3.webp,measured,,white,edge-matched-clone,100.0,0.0,80.1,53.1,42.5,4.5,78.1,2.9,2,
DSL02,dsl02-door-coordinator,hardware-accessories,gallery 3,/images/products/dsl02-door-coordinator-4.webp,manual,edge is not uniformly white or transparent,other / uncertain,boundary-fill,0.5,0.0,,,,,,,,
DSL02,dsl02-door-coordinator,hardware-accessories,gallery 4,/images/products/dsl02-door-coordinator-5.webp,manual,edge is not uniformly white or transparent,other / uncertain,boundary-fill,0.0,0.0,,,,,,,,
Dust Proof 01,dust-proof-01-door-viewer,hardware-accessories,hero,/images/products/dust-proof-01-door-viewer.webp,measured,,white,none,100.0,0.0,35.9,62.9,22.6,16.8,81.6,0.0,1,small bounding box
Dust Proof 02,dust-proof-02-door-viewer,hardware-accessories,hero,/images/products/dust-proof-02-door-viewer.webp,measured,,white,none,100.0,0.0,36.7,63.7,23.4,17.4,81.6,0.0,1,small bounding box
DV04,dv04-door-viewer,hardware-accessories,hero,/images/products/dv04-door-viewer.webp,measured,,white,none,100.0,0.0,85.5,50.0,42.8,23.5,75.0,0.2,1,high visual baseline
DV04,dv04-door-viewer,hardware-accessories,gallery 1,/images/products/dv04-door-viewer-2.webp,measured,,white,none,100.0,0.0,77.7,61.7,48.0,18.2,79.7,-0.2,1,
DV04,dv04-door-viewer,hardware-accessories,gallery 2,/images/products/dv04-door-viewer-3.webp,measured,,white,none,100.0,0.0,83.6,50.4,42.1,17.6,75.4,0.4,1,high visual baseline
DV04,dv04-door-viewer,hardware-accessories,gallery 3,/images/products/dv04-door-viewer-4.webp,measured,,white,none,100.0,0.0,88.7,89.8,79.7,24.8,95.7,2.1,9,
DV04,dv04-door-viewer,hardware-accessories,gallery 4,/images/products/dv04-door-viewer-5.webp,manual,edge is not uniformly white or transparent,other / uncertain,none,2.0,0.0,,,,,,,,
DV04,dv04-door-viewer,hardware-accessories,gallery 5,/images/products/dv04-door-viewer-6.webp,manual,edge is not uniformly white or transparent,other / uncertain,none,0.0,0.0,,,,,,,,
DV05 BL,dv05-bl-door-viewer,hardware-accessories,hero,/images/products/dv05-bl-door-viewer.webp,measured,,white,none,100.0,0.0,77.0,45.7,35.2,21.6,73.0,0.2,1,high visual baseline
DV05 BL,dv05-bl-door-viewer,hardware-accessories,gallery 1,/images/products/dv05-bl-door-viewer-2.webp,measured,,white,none,100.0,0.0,84.8,60.9,51.7,34.6,80.1,0.2,1,
DV05 BL,dv05-bl-door-viewer,hardware-accessories,gallery 2,/images/products/dv05-bl-door-viewer-3.webp,measured,,white,none,100.0,0.0,87.5,67.2,58.8,23.5,88.7,2.7,8,
DV05 BL,dv05-bl-door-viewer,hardware-accessories,gallery 3,/images/products/dv05-bl-door-viewer-4.webp,manual,edge is not uniformly white or transparent,other / uncertain,none,96.7,0.0,,,,,,,,
DV05 BL,dv05-bl-door-viewer,hardware-accessories,gallery 4,/images/products/dv05-bl-door-viewer-5.webp,measured,,white,none,100.0,0.0,86.7,84.8,73.5,34.9,93.0,3.5,4,
DV05 BL,dv05-bl-door-viewer,hardware-accessories,gallery 5,/images/products/dv05-bl-door-viewer-6.webp,manual,edge is not uniformly white or transparent,other / uncertain,none,0.2,0.0,,,,,,,,
DV05 BL,dv05-bl-door-viewer,hardware-accessories,gallery 6,/images/products/dv05-bl-door-viewer-7.webp,manual,edge is not uniformly white or transparent,other / uncertain,none,96.3,0.0,,,,,,,,
DV05,dv05-door-viewer,hardware-accessories,hero,/images/products/dv05-door-viewer.webp,measured,,white,none,100.0,0.0,81.6,45.7,37.3,19.4,72.3,0.6,1,high visual baseline
DV05,dv05-door-viewer,hardware-accessories,gallery 1,/images/products/dv05-door-viewer-2.webp,measured,,white,none,100.0,0.0,83.6,87.1,72.8,26.4,94.5,-0.4,10,
DV05,dv05-door-viewer,hardware-accessories,gallery 2,/images/products/dv05-door-viewer-3.webp,measured,,white,none,100.0,0.0,60.9,74.2,45.2,21.0,88.7,2.7,1,
DV05,dv05-door-viewer,hardware-accessories,gallery 3,/images/products/dv05-door-viewer-4.webp,manual,edge is not uniformly white or transparent,other / uncertain,none,0.2,0.0,,,,,,,,
DV05,dv05-door-viewer,hardware-accessories,gallery 4,/images/products/dv05-door-viewer-5.webp,manual,edge is not uniformly white or transparent,other / uncertain,none,0.0,0.0,,,,,,,,
DV06,dv06-door-viewer,hardware-accessories,hero,/images/products/dv06-door-viewer.webp,measured,,white,none,100.0,0.0,77.3,51.6,39.9,16.5,75.8,1.6,1,high visual baseline
DV06,dv06-door-viewer,hardware-accessories,gallery 1,/images/products/dv06-door-viewer-2.webp,measured,,white,none,100.0,0.0,26.6,75.0,19.9,12.6,88.3,0.4,1,small bounding box
DV06,dv06-door-viewer,hardware-accessories,gallery 2,/images/products/dv06-door-viewer-3.webp,measured,,white,none,100.0,0.0,86.3,79.7,68.8,24.0,91.0,-0.6,9,
DV06,dv06-door-viewer,hardware-accessories,gallery 3,/images/products/dv06-door-viewer-4.webp,manual,edge is not uniformly white or transparent,other / uncertain,none,0.5,0.0,,,,,,,,
DV07,dv07-door-viewer,hardware-accessories,hero,/images/products/dv07-door-viewer.webp,measured,,white,none,100.0,0.0,73.8,50.8,37.5,16.8,74.6,1.4,1,high visual baseline
DV07,dv07-door-viewer,hardware-accessories,gallery 1,/images/products/dv07-door-viewer-2.webp,manual,edge is not uniformly white or transparent,other / uncertain,none,1.8,0.0,,,,,,,,
DV07,dv07-door-viewer,hardware-accessories,gallery 2,/images/products/dv07-door-viewer-3.webp,measured,,white,none,100.0,0.0,65.2,70.7,46.1,25.6,85.2,3.7,1,
DV07,dv07-door-viewer,hardware-accessories,gallery 3,/images/products/dv07-door-viewer-4.webp,manual,edge is not uniformly white or transparent,other / uncertain,none,7.8,0.0,,,,,,,,
DV07,dv07-door-viewer,hardware-accessories,gallery 4,/images/products/dv07-door-viewer-5.webp,measured,,white,none,100.0,0.0,89.1,90.2,80.4,32.1,97.3,0.4,11,
DV08,dv08-door-viewer,hardware-accessories,hero,/images/products/dv08-door-viewer.webp,measured,,white,none,100.0,0.0,75.0,46.5,34.9,17.0,73.4,0.8,1,high visual baseline
DV08,dv08-door-viewer,hardware-accessories,gallery 1,/images/products/dv08-door-viewer-2.webp,manual,edge is not uniformly white or transparent,other / uncertain,none,97.1,0.0,,,,,,,,
DV08,dv08-door-viewer,hardware-accessories,gallery 2,/images/products/dv08-door-viewer-3.webp,manual,edge is not uniformly white or transparent,other / uncertain,none,0.0,0.0,,,,,,,,
DV08,dv08-door-viewer,hardware-accessories,gallery 3,/images/products/dv08-door-viewer-4.webp,measured,,white,none,100.0,0.0,85.2,49.2,41.9,19.2,74.6,0.0,2,high visual baseline
DV08,dv08-door-viewer,hardware-accessories,gallery 4,/images/products/dv08-door-viewer-5.webp,measured,,white,none,100.0,0.0,59.8,59.4,35.5,21.7,82.0,-1.0,1,
DV08,dv08-door-viewer,hardware-accessories,gallery 5,/images/products/dv08-door-viewer-6.webp,manual,edge is not uniformly white or transparent,other / uncertain,none,97.9,0.0,,,,,,,,
DV08,dv08-door-viewer,hardware-accessories,gallery 6,/images/products/dv08-door-viewer-7.webp,measured,,white,none,100.0,0.0,83.6,74.6,62.4,30.3,87.5,0.0,4,
DV08,dv08-door-viewer,hardware-accessories,gallery 7,/images/products/dv08-door-viewer-8.webp,measured,,white,none,100.0,0.0,80.5,30.1,24.2,12.5,67.6,3.5,2,small bounding box; high visual baseline
DV08 SN,dv08-sn-door-viewer,hardware-accessories,hero,/images/products/dv08-sn-door-viewer.webp,measured,,white,none,100.0,0.0,75.0,46.5,34.9,17.0,73.4,0.8,1,high visual baseline
DV08 SN,dv08-sn-door-viewer,hardware-accessories,gallery 1,/images/products/dv08-sn-door-viewer-2.webp,manual,edge is not uniformly white or transparent,other / uncertain,none,96.9,0.0,,,,,,,,
DV08 SN,dv08-sn-door-viewer,hardware-accessories,gallery 2,/images/products/dv08-sn-door-viewer-3.webp,manual,edge is not uniformly white or transparent,other / uncertain,none,0.0,0.0,,,,,,,,
DV08 SN,dv08-sn-door-viewer,hardware-accessories,gallery 3,/images/products/dv08-sn-door-viewer-4.webp,measured,,white,none,100.0,0.0,85.2,49.2,41.9,19.2,74.6,0.0,2,high visual baseline
DV08 SN,dv08-sn-door-viewer,hardware-accessories,gallery 4,/images/products/dv08-sn-door-viewer-5.webp,manual,edge is not uniformly white or transparent,other / uncertain,none,98.0,0.0,,,,,,,,
DV08 SN,dv08-sn-door-viewer,hardware-accessories,gallery 5,/images/products/dv08-sn-door-viewer-6.webp,measured,,white,none,100.0,0.0,83.2,74.2,61.8,30.3,87.5,0.2,4,
DV08 SN,dv08-sn-door-viewer,hardware-accessories,gallery 6,/images/products/dv08-sn-door-viewer-7.webp,measured,,white,none,100.0,0.0,90.2,74.6,67.3,35.8,88.7,0.2,5,
DV08 SN,dv08-sn-door-viewer,hardware-accessories,gallery 7,/images/products/dv08-sn-door-viewer-8.webp,manual,edge is not uniformly white or transparent,other / uncertain,none,0.1,0.0,,,,,,,,
DV09,dv09-door-viewer,hardware-accessories,hero,/images/products/dv09-door-viewer.webp,measured,,white,none,100.0,0.0,57.8,57.4,33.2,17.2,78.5,-2.0,1,
DV09,dv09-door-viewer,hardware-accessories,gallery 1,/images/products/dv09-door-viewer-2.webp,manual,edge is not uniformly white or transparent,other / uncertain,boundary-fill,0.3,0.0,,,,,,,,
DV10,dv10-door-viewer,hardware-accessories,hero,/images/products/dv10-door-viewer.webp,measured,,white,none,100.0,0.0,77.7,48.8,38.0,19.6,76.2,0.2,1,high visual baseline
DV10,dv10-door-viewer,hardware-accessories,gallery 1,/images/products/dv10-door-viewer-2.webp,measured,,white,none,100.0,0.0,91.4,41.4,37.8,18.2,69.9,-0.8,3,high visual baseline
DV10,dv10-door-viewer,hardware-accessories,gallery 2,/images/products/dv10-door-viewer-3.webp,measured,,white,none,100.0,0.0,86.3,89.8,77.6,27.5,94.9,0.2,10,
DV10,dv10-door-viewer,hardware-accessories,gallery 3,/images/products/dv10-door-viewer-4.webp,manual,edge is not uniformly white or transparent,other / uncertain,none,0.0,0.0,,,,,,,,
DV10,dv10-door-viewer,hardware-accessories,gallery 4,/images/products/dv10-door-viewer-5.webp,manual,edge is not uniformly white or transparent,other / uncertain,none,0.0,0.0,,,,,,,,
DV11,dv11-door-viewer,hardware-accessories,hero,/images/products/dv11-door-viewer.webp,measured,,white,none,100.0,0.0,82.4,57.4,47.3,27.1,79.3,0.2,1,
DV11,dv11-door-viewer,hardware-accessories,gallery 1,/images/products/dv11-door-viewer-2.webp,measured,,white,none,100.0,0.0,88.3,89.8,79.3,28.1,94.9,0.8,11,
DV11,dv11-door-viewer,hardware-accessories,gallery 2,/images/products/dv11-door-viewer-3.webp,manual,edge is not uniformly white or transparent,other / uncertain,none,0.2,0.0,,,,,,,,
DV11,dv11-door-viewer,hardware-accessories,gallery 3,/images/products/dv11-door-viewer-4.webp,manual,edge is not uniformly white or transparent,other / uncertain,boundary-fill,0.7,0.0,,,,,,,,
DV11,dv11-door-viewer,hardware-accessories,gallery 4,/images/products/dv11-door-viewer-5.webp,measured,,white,none,100.0,0.0,92.6,32.4,30.0,19.1,66.8,-0.2,1,high visual baseline
DV12-B,dv12-b-door-viewer,hardware-accessories,hero,/images/products/dv12-b-door-viewer.webp,measured,,white,none,100.0,0.0,78.9,44.5,35.1,20.3,75.0,0.8,1,high visual baseline
DV12-B,dv12-b-door-viewer,hardware-accessories,gallery 1,/images/products/dv12-b-door-viewer-2.webp,manual,edge is not uniformly white or transparent,other / uncertain,none,0.1,0.0,,,,,,,,
DV12-B,dv12-b-door-viewer,hardware-accessories,gallery 2,/images/products/dv12-b-door-viewer-3.webp,manual,edge is not uniformly white or transparent,other / uncertain,none,97.4,0.0,,,,,,,,
DV12-B,dv12-b-door-viewer,hardware-accessories,gallery 3,/images/products/dv12-b-door-viewer-4.webp,measured,,white,none,100.0,0.0,79.3,56.6,44.9,28.9,81.3,0.6,2,
DV12-S,dv12-s-door-viewer,hardware-accessories,hero,/images/products/dv12-s-door-viewer.webp,measured,,white,none,100.0,0.0,50.0,35.9,18.0,13.5,69.1,-0.4,1,small bounding box; high visual baseline
DV12-S,dv12-s-door-viewer,hardware-accessories,gallery 1,/images/products/dv12-s-door-viewer-2.webp,measured,,white,none,100.0,0.0,84.8,85.9,72.8,28.4,95.7,0.6,6,
DV12-S,dv12-s-door-viewer,hardware-accessories,gallery 2,/images/products/dv12-s-door-viewer-3.webp,measured,,white,none,100.0,0.0,76.2,57.8,44.0,26.4,81.6,1.0,2,
DV12-S,dv12-s-door-viewer,hardware-accessories,gallery 3,/images/products/dv12-s-door-viewer-4.webp,manual,edge is not uniformly white or transparent,other / uncertain,none,0.0,0.0,,,,,,,,
EH01,eh01-lever-handle,lever-handles,hero,/images/products/eh01-lever-handle.webp,measured,,white,edge-matched-clone,100.0,0.0,89.1,77.0,68.5,18.7,91.4,0.0,2,
EH01,eh01-lever-handle,lever-handles,gallery 1,/images/products/eh01-lever-handle-2.webp,measured,,white,edge-matched-clone,100.0,0.0,48.4,87.9,42.6,13.1,94.1,13.3,1,off-center
EH01,eh01-lever-handle,lever-handles,gallery 2,/images/products/eh01-lever-handle-3.webp,measured,,white,edge-matched-clone,100.0,0.0,56.3,81.3,45.7,12.5,92.2,5.5,1,
EH01,eh01-lever-handle,lever-handles,gallery 3,/images/products/eh01-lever-handle-4.webp,measured,,white,edge-matched-clone,100.0,0.0,66.8,87.1,58.2,5.3,95.3,10.0,4,
EH01,eh01-lever-handle,lever-handles,gallery 4,/images/products/eh01-lever-handle-5.webp,measured,,white,edge-matched-clone,100.0,0.0,93.8,59.8,56.0,20.1,81.3,-0.4,4,
EH01,eh01-lever-handle,lever-handles,gallery 5,/images/products/eh01-lever-handle-6.webp,measured,,white,edge-matched-clone,100.0,0.0,81.3,60.5,49.2,19.0,83.6,2.7,4,
EH01,eh01-lever-handle,lever-handles,gallery 6,/images/products/eh01-lever-handle-7.webp,manual,known logo exclusion may touch product,white,boundary-fill,99.1,0.0,,,,,,,,
EH01,eh01-lever-handle,lever-handles,gallery 7,/images/products/eh01-lever-handle-8.webp,manual,known logo exclusion may touch product,white,boundary-fill,99.3,0.0,,,,,,,,
EH01,eh01-lever-handle,lever-handles,gallery 8,/images/products/eh01-lever-handle-9.webp,measured,,white,boundary-fill,99.3,0.0,91.8,90.2,82.8,23.4,96.9,3.3,7,
EH01,eh01-lever-handle,lever-handles,gallery 9,/images/products/eh01-lever-handle-10.webp,manual,edge is not uniformly white or transparent,other / uncertain,boundary-fill,12.8,0.0,,,,,,,,
EH01,eh01-lever-handle,lever-handles,gallery 10,/images/products/eh01-lever-handle-11.webp,manual,edge is not uniformly white or transparent,other / uncertain,boundary-fill,2.4,0.0,,,,,,,,
EH02,eh02-lever-handle,lever-handles,hero,/images/products/eh02-lever-handle.webp,measured,,white,edge-matched-clone,100.0,0.0,37.5,90.6,34.0,19.7,95.3,1.6,2,
EH02,eh02-lever-handle,lever-handles,gallery 1,/images/products/eh02-lever-handle-2.webp,measured,,white,edge-matched-clone,100.0,0.0,21.1,87.9,18.5,8.9,94.1,-3.5,1,small bounding box
EH02,eh02-lever-handle,lever-handles,gallery 2,/images/products/eh02-lever-handle-3.webp,measured,,white,edge-matched-clone,100.0,0.0,59.8,82.4,49.3,11.7,96.1,3.3,1,
EH02,eh02-lever-handle,lever-handles,gallery 3,/images/products/eh02-lever-handle-4.webp,measured,,white,edge-matched-clone,99.4,0.0,87.9,87.9,77.2,19.2,96.9,4.1,2,
EH02,eh02-lever-handle,lever-handles,gallery 4,/images/products/eh02-lever-handle-5.webp,measured,,white,edge-matched-clone,99.0,0.0,94.1,88.3,83.1,22.7,97.3,-1.8,2,
EH02,eh02-lever-handle,lever-handles,gallery 5,/images/products/eh02-lever-handle-6.webp,measured,,white,edge-matched-clone,100.0,0.0,84.8,65.6,55.6,19.7,86.7,2.5,4,
EH02,eh02-lever-handle,lever-handles,gallery 6,/images/products/eh02-lever-handle-7.webp,measured,,white,edge-matched-clone,100.0,0.0,85.2,65.2,55.6,19.0,85.9,2.3,4,
EH02,eh02-lever-handle,lever-handles,gallery 7,/images/products/eh02-lever-handle-8.webp,manual,edge is not uniformly white or transparent,other / uncertain,boundary-fill,0.2,0.0,,,,,,,,
EH03,eh03-lever-handle,lever-handles,hero,/images/products/eh03-lever-handle.webp,measured,,white,edge-matched-clone,100.0,0.0,89.8,90.6,81.4,22.2,96.9,-0.4,2,
EH03,eh03-lever-handle,lever-handles,gallery 1,/images/products/eh03-lever-handle-2.webp,measured,,white,edge-matched-clone,100.0,0.0,28.9,87.9,25.4,9.7,95.3,2.7,1,small bounding box
EH03,eh03-lever-handle,lever-handles,gallery 2,/images/products/eh03-lever-handle-3.webp,measured,,white,edge-matched-clone,100.0,0.0,83.6,72.3,60.4,13.8,90.6,-0.4,1,
EH03,eh03-lever-handle,lever-handles,gallery 3,/images/products/eh03-lever-handle-4.webp,measured,,white,edge-matched-clone,99.5,0.0,94.5,87.9,83.1,21.9,95.7,-0.8,2,
EH03,eh03-lever-handle,lever-handles,gallery 4,/images/products/eh03-lever-handle-5.webp,measured,,white,edge-matched-clone,100.0,0.0,84.8,65.2,55.3,19.7,84.0,2.1,4,
EH03,eh03-lever-handle,lever-handles,gallery 5,/images/products/eh03-lever-handle-6.webp,measured,,white,edge-matched-clone,99.2,0.0,94.1,65.2,61.4,20.3,84.0,0.2,4,
EH03,eh03-lever-handle,lever-handles,gallery 6,/images/products/eh03-lever-handle-7.webp,manual,edge is not uniformly white or transparent,other / uncertain,boundary-fill,0.0,0.0,,,,,,,,
EPT01,ept01-door-power-transfer-devices,hardware-accessories,hero,/images/products/ept01-door-power-transfer-devices.webp,measured,,white,edge-matched-clone,100.0,0.0,16.8,92.2,15.5,5.9,95.7,0.6,2,small bounding box
EPT01,ept01-door-power-transfer-devices,hardware-accessories,gallery 1,/images/products/ept01-door-power-transfer-devices-2.webp,measured,,white,edge-matched-clone,99.4,0.0,7.0,94.5,6.6,4.5,98.4,0.0,1,small bounding box
EPT01,ept01-door-power-transfer-devices,hardware-accessories,gallery 2,/images/products/ept01-door-power-transfer-devices-3.webp,measured,,white,edge-matched-clone,100.0,0.0,21.9,90.2,19.7,3.6,97.3,0.8,1,small bounding box
EPT01,ept01-door-power-transfer-devices,hardware-accessories,gallery 3,/images/products/ept01-door-power-transfer-devices-4.webp,measured,,white,edge-matched-clone,99.7,0.0,5.9,95.3,5.6,4.5,98.4,-1.0,1,small bounding box
F001,f001-security-door-guard,hardware-accessories,hero,/images/products/f001-security-door-guard.webp,measured,,white,none,100.0,0.0,84.4,74.2,62.6,17.9,85.9,0.0,1,
F001,f001-security-door-guard,hardware-accessories,gallery 1,/images/products/f001-security-door-guard-2.webp,measured,,white,none,100.0,0.0,83.6,77.0,64.3,19.3,87.9,0.8,1,
F001,f001-security-door-guard,hardware-accessories,gallery 2,/images/products/f001-security-door-guard-3.webp,manual,edge is not uniformly white or transparent,other / uncertain,none,0.0,0.0,,,,,,,,
F001,f001-security-door-guard,hardware-accessories,gallery 3,/images/products/f001-security-door-guard-4.webp,manual,edge is not uniformly white or transparent,other / uncertain,none,0.0,0.0,,,,,,,,
F002,f002-security-door-guard,hardware-accessories,hero,/images/products/f002-security-door-guard.webp,measured,,white,none,100.0,0.0,85.2,72.7,61.9,25.9,86.3,0.0,1,
F002,f002-security-door-guard,hardware-accessories,gallery 1,/images/products/f002-security-door-guard-2.webp,manual,edge is not uniformly white or transparent,other / uncertain,none,1.6,0.0,,,,,,,,
F004,f004-security-door-guard,hardware-accessories,hero,/images/products/f004-security-door-guard.webp,measured,,white,none,100.0,0.0,86.3,54.7,47.2,12.7,77.0,-0.2,1,high visual baseline
F004,f004-security-door-guard,hardware-accessories,gallery 1,/images/products/f004-security-door-guard-2.webp,manual,edge is not uniformly white or transparent,other / uncertain,none,2.4,0.0,,,,,,,,
F004,f004-security-door-guard,hardware-accessories,gallery 2,/images/products/f004-security-door-guard-3.webp,manual,edge is not uniformly white or transparent,other / uncertain,none,0.0,0.0,,,,,,,,
F005,f005-security-door-guard,hardware-accessories,hero,/images/products/f005-security-door-guard.webp,measured,,white,none,100.0,0.0,85.2,71.5,60.9,14.3,87.9,0.4,1,
F005,f005-security-door-guard,hardware-accessories,gallery 1,/images/products/f005-security-door-guard-2.webp,manual,edge is not uniformly white or transparent,other / uncertain,none,2.2,0.0,,,,,,,,
F005,f005-security-door-guard,hardware-accessories,gallery 2,/images/products/f005-security-door-guard-3.webp,manual,edge is not uniformly white or transparent,other / uncertain,none,0.0,0.0,,,,,,,,
F006,f006-security-door-guard,hardware-accessories,hero,/images/products/f006-security-door-guard.webp,measured,,white,none,100.0,0.0,87.1,45.7,39.8,21.7,78.5,0.2,1,
F006,f006-security-door-guard,hardware-accessories,gallery 1,/images/products/f006-security-door-guard-2.webp,manual,edge is not uniformly white or transparent,other / uncertain,none,0.0,0.0,,,,,,,,
F100 SS,f100-ss-door-hinge,brass-steel-hinges,hero,/images/products/f100-ss-door-hinge.webp,measured,,white,boundary-fill,99.2,0.0,93.8,79.3,74.3,36.1,91.0,2.0,4,
F100 SS,f100-ss-door-hinge,brass-steel-hinges,gallery 1,/images/products/f100-ss-door-hinge-2.webp,measured,,white,edge-matched-clone,100.0,0.0,87.1,83.6,72.8,28.9,90.2,0.6,2,
F100 SS,f100-ss-door-hinge,brass-steel-hinges,gallery 2,/images/products/f100-ss-door-hinge-3.webp,measured,,white,edge-matched-clone,100.0,0.0,89.1,57.4,51.1,23.2,79.7,2.3,1,
F100 SS,f100-ss-door-hinge,brass-steel-hinges,gallery 3,/images/products/f100-ss-door-hinge-4.webp,measured,,white,edge-matched-clone,100.0,0.0,84.0,59.4,49.9,19.3,81.6,3.3,1,
F100 SS,f100-ss-door-hinge,brass-steel-hinges,gallery 4,/images/products/f100-ss-door-hinge-5.webp,manual,known logo exclusion may touch product,white,boundary-fill,99.9,0.0,,,,,,,,
F100 SS,f100-ss-door-hinge,brass-steel-hinges,gallery 5,/images/products/f100-ss-door-hinge-6.webp,measured,,white,edge-matched-clone,100.0,0.0,92.6,59.8,55.3,23.9,78.5,0.2,1,
F100 SS,f100-ss-door-hinge,brass-steel-hinges,gallery 6,/images/products/f100-ss-door-hinge-7.webp,measured,,white,boundary-fill,100.0,0.0,80.5,77.0,61.9,24.1,92.2,3.5,1,
F100 SS,f100-ss-door-hinge,brass-steel-hinges,gallery 7,/images/products/f100-ss-door-hinge-8.webp,measured,,white,edge-matched-clone,100.0,0.0,80.9,72.7,58.7,22.5,85.2,-4.5,1,
F100 SS,f100-ss-door-hinge,brass-steel-hinges,gallery 8,/images/products/f100-ss-door-hinge-9.webp,manual,edge is not uniformly white or transparent,other / uncertain,none,75.8,0.0,,,,,,,,
F100 SS,f100-ss-door-hinge,brass-steel-hinges,gallery 9,/images/products/f100-ss-door-hinge-10.webp,manual,edge is not uniformly white or transparent,other / uncertain,none,0.0,0.0,,,,,,,,
F100 SS,f100-ss-door-hinge,brass-steel-hinges,gallery 10,/images/products/f100-ss-door-hinge-11.webp,manual,edge is not uniformly white or transparent,other / uncertain,none,0.0,0.0,,,,,,,,
F100 SS,f100-ss-door-hinge,brass-steel-hinges,gallery 11,/images/products/f100-ss-door-hinge-12.webp,manual,edge is not uniformly white or transparent,other / uncertain,none,15.9,0.0,,,,,,,,
F101,f101-glass-door-patch-fittings,glass-door-accessories,hero,/images/products/f101-glass-door-patch-fittings.webp,measured,,white,none,100.0,0.0,85.2,68.8,58.5,26.7,84.8,-0.4,1,
F101,f101-glass-door-patch-fittings,glass-door-accessories,gallery 1,/images/products/f101-glass-door-patch-fittings-2.webp,measured,,white,none,98.6,0.0,97.7,87.1,85.1,31.9,94.5,0.4,8,
F101,f101-glass-door-patch-fittings,glass-door-accessories,gallery 2,/images/products/f101-glass-door-patch-fittings-3.webp,measured,,white,none,99.8,0.0,95.3,62.9,59.9,26.8,84.0,0.4,4,
F101,f101-glass-door-patch-fittings,glass-door-accessories,gallery 3,/images/products/f101-glass-door-patch-fittings-4.webp,measured,,white,none,99.8,0.0,96.1,39.1,37.5,18.1,69.5,0.0,1,high visual baseline
F101,f101-glass-door-patch-fittings,glass-door-accessories,gallery 4,/images/products/f101-glass-door-patch-fittings-5.webp,manual,edge is not uniformly white or transparent,other / uncertain,none,0.0,0.0,,,,,,,,
F101,f101-glass-door-patch-fittings,glass-door-accessories,gallery 5,/images/products/f101-glass-door-patch-fittings-6.webp,manual,edge is not uniformly white or transparent,other / uncertain,none,0.2,0.0,,,,,,,,
F101,f101-glass-door-patch-fittings,glass-door-accessories,gallery 6,/images/products/f101-glass-door-patch-fittings-7.webp,measured,,white,none,100.0,0.0,55.5,88.3,49.0,45.6,95.7,0.4,1,
F102,f102-night-latch-and-rim-lock,night-latches-rim-locks,hero,/images/products/f102-night-latch-and-rim-lock.webp,measured,,white,edge-matched-clone,100.0,0.0,89.1,46.5,41.4,30.9,74.2,0.0,1,high visual baseline
F102,f102-night-latch-and-rim-lock,night-latches-rim-locks,gallery 1,/images/products/f102-night-latch-and-rim-lock-2.webp,measured,,white,edge-matched-clone,99.8,0.0,93.8,44.9,42.1,30.7,76.6,0.4,2,high visual baseline
F102,f102-night-latch-and-rim-lock,night-latches-rim-locks,gallery 2,/images/products/f102-night-latch-and-rim-lock-3.webp,measured,,white,edge-matched-clone,100.0,0.0,92.2,71.5,65.9,28.3,90.2,-0.8,4,
F102,f102-night-latch-and-rim-lock,night-latches-rim-locks,gallery 3,/images/products/f102-night-latch-and-rim-lock-4.webp,measured,,white,edge-matched-clone,100.0,0.0,84.8,65.6,55.6,31.9,88.3,-2.1,2,
F102,f102-night-latch-and-rim-lock,night-latches-rim-locks,gallery 4,/images/products/f102-night-latch-and-rim-lock-5.webp,measured,,white,edge-matched-clone,100.0,0.0,89.8,55.9,50.2,32.2,84.0,1.6,1,
F102,f102-night-latch-and-rim-lock,night-latches-rim-locks,gallery 5,/images/products/f102-night-latch-and-rim-lock-6.webp,measured,,white,edge-matched-clone,100.0,0.0,93.8,50.0,46.9,22.5,77.7,-0.4,11,high visual baseline
F102,f102-night-latch-and-rim-lock,night-latches-rim-locks,gallery 6,/images/products/f102-night-latch-and-rim-lock-7.webp,manual,edge is not uniformly white or transparent,other / uncertain,boundary-fill,0.4,0.0,,,,,,,,
F110,f110-glass-door-patch-fittings,glass-door-accessories,hero,/images/products/f110-glass-door-patch-fittings.webp,measured,,white,none,100.0,0.0,84.8,49.6,42.1,21.3,75.0,-0.2,1,high visual baseline
F110,f110-glass-door-patch-fittings,glass-door-accessories,gallery 1,/images/products/f110-glass-door-patch-fittings-2.webp,measured,,white,none,100.0,0.0,85.2,25.4,21.6,16.5,62.9,0.0,1,small bounding box; high visual baseline
F110,f110-glass-door-patch-fittings,glass-door-accessories,gallery 2,/images/products/f110-glass-door-patch-fittings-3.webp,measured,,white,none,100.0,0.0,92.2,32.8,30.2,21.1,64.8,0.4,1,high visual baseline
F110,f110-glass-door-patch-fittings,glass-door-accessories,gallery 3,/images/products/f110-glass-door-patch-fittings-4.webp,measured,,white,none,100.0,0.0,93.0,73.4,68.3,8.6,86.3,0.0,7,
F110,f110-glass-door-patch-fittings,glass-door-accessories,gallery 4,/images/products/f110-glass-door-patch-fittings-5.webp,measured,,white,none,98.8,0.0,93.8,57.8,54.2,36.3,85.2,0.4,4,
F110,f110-glass-door-patch-fittings,glass-door-accessories,gallery 5,/images/products/f110-glass-door-patch-fittings-6.webp,manual,edge is not uniformly white or transparent,other / uncertain,none,0.0,0.0,,,,,,,,
F110,f110-glass-door-patch-fittings,glass-door-accessories,gallery 6,/images/products/f110-glass-door-patch-fittings-7.webp,measured,,white,none,100.0,0.0,55.5,85.9,47.7,45.4,93.8,0.4,1,
F110,f110-glass-door-patch-fittings,glass-door-accessories,gallery 7,/images/products/f110-glass-door-patch-fittings-8.webp,manual,edge is not uniformly white or transparent,other / uncertain,none,6.0,0.0,,,,,,,,
F111,f111-glass-door-patch-fittings,glass-door-accessories,hero,/images/products/f111-glass-door-patch-fittings.webp,measured,,white,none,100.0,0.0,85.2,46.1,39.3,22.2,74.6,-0.4,1,high visual baseline
F111,f111-glass-door-patch-fittings,glass-door-accessories,gallery 1,/images/products/f111-glass-door-patch-fittings-2.webp,measured,,white,none,100.0,0.0,93.4,41.0,38.3,22.5,70.7,-0.2,1,high visual baseline
F111,f111-glass-door-patch-fittings,glass-door-accessories,gallery 2,/images/products/f111-glass-door-patch-fittings-3.webp,measured,,white,none,100.0,0.0,93.4,68.4,63.8,7.1,85.9,-0.2,10,
F111,f111-glass-door-patch-fittings,glass-door-accessories,gallery 3,/images/products/f111-glass-door-patch-fittings-4.webp,measured,,white,none,100.0,0.0,93.8,48.4,45.4,31.6,69.5,0.0,3,high visual baseline
F111,f111-glass-door-patch-fittings,glass-door-accessories,gallery 4,/images/products/f111-glass-door-patch-fittings-5.webp,measured,,white,none,100.0,0.0,89.5,32.0,28.7,23.4,71.1,0.6,1,small bounding box; high visual baseline
F111,f111-glass-door-patch-fittings,glass-door-accessories,gallery 5,/images/products/f111-glass-door-patch-fittings-6.webp,measured,,white,none,100.0,0.0,55.5,85.9,47.7,45.5,93.4,0.4,1,
F112,f112-glass-door-patch-fittings,glass-door-accessories,hero,/images/products/f112-glass-door-patch-fittings.webp,measured,,white,none,100.0,0.0,85.5,42.2,36.1,19.1,70.7,-0.2,1,high visual baseline
F112,f112-glass-door-patch-fittings,glass-door-accessories,gallery 1,/images/products/f112-glass-door-patch-fittings-2.webp,measured,,white,none,99.9,0.0,93.4,28.9,27.0,22.3,66.0,0.2,1,small bounding box; high visual baseline
F112,f112-glass-door-patch-fittings,glass-door-accessories,gallery 2,/images/products/f112-glass-door-patch-fittings-3.webp,measured,,white,none,100.0,0.0,91.0,30.5,27.7,19.4,63.3,-0.6,1,small bounding box; high visual baseline
F112,f112-glass-door-patch-fittings,glass-door-accessories,gallery 3,/images/products/f112-glass-door-patch-fittings-4.webp,measured,,white,none,100.0,0.0,93.0,73.4,68.3,7.0,88.3,0.4,8,
F112,f112-glass-door-patch-fittings,glass-door-accessories,gallery 4,/images/products/f112-glass-door-patch-fittings-5.webp,measured,,white,none,100.0,0.0,93.0,68.8,63.9,46.5,90.6,0.0,2,
F112,f112-glass-door-patch-fittings,glass-door-accessories,gallery 5,/images/products/f112-glass-door-patch-fittings-6.webp,measured,,white,none,100.0,0.0,55.5,85.9,47.7,45.5,93.4,0.4,1,
F113,f113-glass-door-patch-fittings,glass-door-accessories,hero,/images/products/f113-glass-door-patch-fittings.webp,measured,,white,none,100.0,0.0,60.9,51.6,31.4,20.6,77.3,0.0,1,high visual baseline
F113,f113-glass-door-patch-fittings,glass-door-accessories,gallery 1,/images/products/f113-glass-door-patch-fittings-2.webp,measured,,white,none,100.0,0.0,66.8,51.2,34.2,27.3,78.9,-2.1,1,
F113,f113-glass-door-patch-fittings,glass-door-accessories,gallery 2,/images/products/f113-glass-door-patch-fittings-3.webp,measured,,white,none,100.0,0.0,59.0,70.7,41.7,31.0,85.9,0.6,1,
F113,f113-glass-door-patch-fittings,glass-door-accessories,gallery 3,/images/products/f113-glass-door-patch-fittings-4.webp,measured,,white,none,100.0,0.0,93.8,57.8,54.2,32.7,80.1,0.0,2,
F113,f113-glass-door-patch-fittings,glass-door-accessories,gallery 4,/images/products/f113-glass-door-patch-fittings-5.webp,manual,edge is not uniformly white or transparent,other / uncertain,none,0.0,0.0,,,,,,,,
F113,f113-glass-door-patch-fittings,glass-door-accessories,gallery 5,/images/products/f113-glass-door-patch-fittings-6.webp,measured,,white,none,100.0,0.0,55.5,85.9,47.7,45.4,93.4,0.4,1,
F114,f114-glass-door-patch-fittings,glass-door-accessories,hero,/images/products/f114-glass-door-patch-fittings.webp,measured,,white,none,100.0,0.0,84.4,44.9,37.9,19.0,74.6,0.4,1,high visual baseline
F114,f114-glass-door-patch-fittings,glass-door-accessories,gallery 1,/images/products/f114-glass-door-patch-fittings-2.webp,measured,,white,none,100.0,0.0,84.4,32.4,27.4,19.3,66.8,-0.4,1,small bounding box; high visual baseline
F114,f114-glass-door-patch-fittings,glass-door-accessories,gallery 2,/images/products/f114-glass-door-patch-fittings-3.webp,measured,,white,none,100.0,0.0,92.2,37.1,34.2,17.4,71.9,0.4,1,high visual baseline
F114,f114-glass-door-patch-fittings,glass-door-accessories,gallery 3,/images/products/f114-glass-door-patch-fittings-4.webp,measured,,white,none,100.0,0.0,89.5,80.5,72.0,8.6,91.8,0.2,8,
F114,f114-glass-door-patch-fittings,glass-door-accessories,gallery 4,/images/products/f114-glass-door-patch-fittings-5.webp,measured,,white,none,100.0,0.0,90.6,59.0,53.5,53.1,81.6,0.0,1,
F114,f114-glass-door-patch-fittings,glass-door-accessories,gallery 5,/images/products/f114-glass-door-patch-fittings-6.webp,manual,edge is not uniformly white or transparent,other / uncertain,none,0.0,0.0,,,,,,,,
F114,f114-glass-door-patch-fittings,glass-door-accessories,gallery 6,/images/products/f114-glass-door-patch-fittings-7.webp,measured,,white,none,100.0,0.0,55.5,85.9,47.7,45.4,93.4,0.4,1,
F123,f123-glass-door-patch-fittings,glass-door-accessories,hero,/images/products/f123-glass-door-patch-fittings.webp,measured,,white,none,100.0,0.0,55.9,74.6,41.7,24.2,87.1,-1.0,2,
F123,f123-glass-door-patch-fittings,glass-door-accessories,gallery 1,/images/products/f123-glass-door-patch-fittings-2.webp,manual,edge is not uniformly white or transparent,other / uncertain,edge-matched-clone,0.0,0.0,,,,,,,,
F123,f123-glass-door-patch-fittings,glass-door-accessories,gallery 2,/images/products/f123-glass-door-patch-fittings-3.webp,measured,,white,none,100.0,0.0,44.9,70.7,31.8,22.0,89.8,-2.1,1,
F123,f123-glass-door-patch-fittings,glass-door-accessories,gallery 3,/images/products/f123-glass-door-patch-fittings-4.webp,measured,,white,none,100.0,0.0,46.9,60.9,28.6,19.3,81.3,-2.0,2,small bounding box
F123,f123-glass-door-patch-fittings,glass-door-accessories,gallery 4,/images/products/f123-glass-door-patch-fittings-5.webp,measured,,white,none,100.0,0.0,94.1,51.2,48.2,20.8,71.9,0.2,1,high visual baseline
F123,f123-glass-door-patch-fittings,glass-door-accessories,gallery 5,/images/products/f123-glass-door-patch-fittings-6.webp,measured,,white,none,100.0,0.0,84.4,74.2,62.6,6.0,89.5,-0.4,3,
F123,f123-glass-door-patch-fittings,glass-door-accessories,gallery 6,/images/products/f123-glass-door-patch-fittings-7.webp,manual,edge is not uniformly white or transparent,other / uncertain,none,61.3,0.0,,,,,,,,
F123,f123-glass-door-patch-fittings,glass-door-accessories,gallery 7,/images/products/f123-glass-door-patch-fittings-8.webp,measured,,white,none,100.0,0.0,92.2,52.3,48.3,48.3,77.3,0.0,1,high visual baseline
F123,f123-glass-door-patch-fittings,glass-door-accessories,gallery 8,/images/products/f123-glass-door-patch-fittings-9.webp,measured,,white,none,100.0,0.0,55.5,85.9,47.7,45.5,93.4,0.4,1,
F132,f132-glass-door-patch-fittings,glass-door-accessories,hero,/images/products/f132-glass-door-patch-fittings.webp,measured,,white,none,100.0,0.0,84.4,57.0,48.1,30.4,78.5,0.0,1,
F132,f132-glass-door-patch-fittings,glass-door-accessories,gallery 1,/images/products/f132-glass-door-patch-fittings-2.webp,measured,,white,none,99.3,0.0,94.5,49.6,46.9,20.6,73.8,-0.8,3,high visual baseline
F132,f132-glass-door-patch-fittings,glass-door-accessories,gallery 2,/images/products/f132-glass-door-patch-fittings-3.webp,manual,edge is not uniformly white or transparent,other / uncertain,none,97.6,0.0,,,,,,,,
F132,f132-glass-door-patch-fittings,glass-door-accessories,gallery 3,/images/products/f132-glass-door-patch-fittings-4.webp,manual,edge is not uniformly white or transparent,other / uncertain,none,97.1,0.0,,,,,,,,
F132,f132-glass-door-patch-fittings,glass-door-accessories,gallery 4,/images/products/f132-glass-door-patch-fittings-5.webp,measured,,white,none,99.9,0.0,93.4,91.0,85.0,27.5,97.7,0.2,4,
F132,f132-glass-door-patch-fittings,glass-door-accessories,gallery 5,/images/products/f132-glass-door-patch-fittings-6.webp,manual,edge is not uniformly white or transparent,other / uncertain,none,8.5,0.0,,,,,,,,
F132,f132-glass-door-patch-fittings,glass-door-accessories,gallery 6,/images/products/f132-glass-door-patch-fittings-7.webp,manual,edge is not uniformly white or transparent,other / uncertain,none,8.5,0.0,,,,,,,,
F132,f132-glass-door-patch-fittings,glass-door-accessories,gallery 7,/images/products/f132-glass-door-patch-fittings-8.webp,manual,edge is not uniformly white or transparent,other / uncertain,none,75.1,0.0,,,,,,,,
FB001 AC,fb001-ac-door-flush-bolt,hardware-accessories,hero,/images/products/fb001-ac-door-flush-bolt.webp,measured,,white,none,100.0,0.0,85.2,80.5,68.5,15.0,92.2,0.0,2,
FB001 AC,fb001-ac-door-flush-bolt,hardware-accessories,gallery 1,/images/products/fb001-ac-door-flush-bolt-2.webp,manual,edge is not uniformly white or transparent,other / uncertain,none,0.0,0.0,,,,,,,,
FB001,fb001-door-flush-bolt,hardware-accessories,hero,/images/products/fb001-door-flush-bolt.webp,measured,,white,none,100.0,0.0,74.6,85.5,63.8,14.7,93.0,0.2,2,
FB001,fb001-door-flush-bolt,hardware-accessories,gallery 1,/images/products/fb001-door-flush-bolt-2.webp,measured,,white,none,100.0,0.0,75.0,85.9,64.5,15.4,93.4,0.0,2,
FB001,fb001-door-flush-bolt,hardware-accessories,gallery 2,/images/products/fb001-door-flush-bolt-3.webp,measured,,white,none,100.0,0.0,85.2,80.1,68.2,15.0,92.2,0.0,2,
FB001,fb001-door-flush-bolt,hardware-accessories,gallery 3,/images/products/fb001-door-flush-bolt-4.webp,manual,edge is not uniformly white or transparent,other / uncertain,none,0.0,0.0,,,,,,,,
FB001,fb001-door-flush-bolt,hardware-accessories,gallery 4,/images/products/fb001-door-flush-bolt-5.webp,measured,,white,none,100.0,0.0,91.4,34.4,31.4,6.1,68.0,-0.4,4,high visual baseline
FB001,fb001-door-flush-bolt,hardware-accessories,gallery 5,/images/products/fb001-door-flush-bolt-6.webp,manual,edge is not uniformly white or transparent,other / uncertain,none,34.1,0.0,,,,,,,,
FB001,fb001-door-flush-bolt,hardware-accessories,gallery 6,/images/products/fb001-door-flush-bolt-7.webp,manual,edge is not uniformly white or transparent,other / uncertain,none,93.8,0.0,,,,,,,,
FB001 SS,fb001-ss-door-flush-bolt,hardware-accessories,hero,/images/products/fb001-ss-door-flush-bolt.webp,measured,,white,none,100.0,0.0,74.6,85.5,63.8,14.7,93.0,0.2,2,
FB005 AC,fb005-ac-door-flush-bolt,hardware-accessories,hero,/images/products/fb005-ac-door-flush-bolt.webp,measured,,white,none,100.0,0.0,84.4,74.6,63.0,13.5,86.3,0.8,2,
FB005 AC,fb005-ac-door-flush-bolt,hardware-accessories,gallery 1,/images/products/fb005-ac-door-flush-bolt-2.webp,manual,edge is not uniformly white or transparent,other / uncertain,none,1.5,0.0,,,,,,,,
FB005,fb005-door-flush-bolt,hardware-accessories,hero,/images/products/fb005-door-flush-bolt.webp,measured,,white,none,100.0,0.0,84.4,74.6,63.0,13.5,86.3,0.8,2,
FB005,fb005-door-flush-bolt,hardware-accessories,gallery 1,/images/products/fb005-door-flush-bolt-2.webp,manual,edge is not uniformly white or transparent,other / uncertain,none,1.5,0.0,,,,,,,,
FB012,fb012-door-flush-bolt,hardware-accessories,hero,/images/products/fb012-door-flush-bolt.webp,measured,,white,none,100.0,0.0,76.6,48.8,37.4,14.9,75.4,-0.4,1,high visual baseline
FB012,fb012-door-flush-bolt,hardware-accessories,gallery 1,/images/products/fb012-door-flush-bolt-2.webp,manual,edge is not uniformly white or transparent,other / uncertain,none,0.0,0.0,,,,,,,,
FB013,fb013-door-flush-bolt,hardware-accessories,hero,/images/products/fb013-door-flush-bolt.webp,measured,,white,none,100.0,0.0,78.5,79.3,62.3,11.5,89.5,0.2,1,
FB013,fb013-door-flush-bolt,hardware-accessories,gallery 1,/images/products/fb013-door-flush-bolt-2.webp,measured,,white,none,100.0,0.0,84.4,69.9,59.0,20.1,84.8,0.0,4,
FB013,fb013-door-flush-bolt,hardware-accessories,gallery 2,/images/products/fb013-door-flush-bolt-3.webp,measured,,white,none,100.0,0.0,84.4,82.8,69.9,19.9,91.4,0.0,3,
FB013,fb013-door-flush-bolt,hardware-accessories,gallery 3,/images/products/fb013-door-flush-bolt-4.webp,manual,edge is not uniformly white or transparent,other / uncertain,none,2.6,0.0,,,,,,,,
FB014,fb014-door-flush-bolt,hardware-accessories,hero,/images/products/fb014-door-flush-bolt.webp,measured,,white,none,99.8,0.0,93.8,56.6,53.1,20.0,76.6,-0.8,2,high visual baseline
FB014,fb014-door-flush-bolt,hardware-accessories,gallery 1,/images/products/fb014-door-flush-bolt-2.webp,manual,edge is not uniformly white or transparent,other / uncertain,none,0.0,0.0,,,,,,,,
FB014,fb014-door-flush-bolt,hardware-accessories,gallery 2,/images/products/fb014-door-flush-bolt-3.webp,manual,edge is not uniformly white or transparent,other / uncertain,none,0.0,0.0,,,,,,,,
FB015,fb015-door-flush-bolt,hardware-accessories,hero,/images/products/fb015-door-flush-bolt.webp,measured,,white,none,100.0,0.0,86.3,86.7,74.9,18.6,93.4,0.6,2,
FB015,fb015-door-flush-bolt,hardware-accessories,gallery 1,/images/products/fb015-door-flush-bolt-2.webp,manual,edge is not uniformly white or transparent,other / uncertain,boundary-fill,0.0,0.0,,,,,,,,
FB016,fb016-door-flush-bolt,hardware-accessories,hero,/images/products/fb016-door-flush-bolt.webp,measured,,white,none,100.0,0.0,83.2,84.4,70.2,9.0,91.8,0.6,2,
FB016,fb016-door-flush-bolt,hardware-accessories,gallery 1,/images/products/fb016-door-flush-bolt-2.webp,manual,edge is not uniformly white or transparent,other / uncertain,none,3.9,0.0,,,,,,,,
FB016,fb016-door-flush-bolt,hardware-accessories,gallery 2,/images/products/fb016-door-flush-bolt-3.webp,manual,edge is not uniformly white or transparent,other / uncertain,none,0.0,0.0,,,,,,,,
FB017,fb017-door-flush-bolt,hardware-accessories,hero,/images/products/fb017-door-flush-bolt.webp,measured,,white,none,100.0,0.0,80.1,78.5,62.9,7.8,90.2,-0.6,1,
FB017,fb017-door-flush-bolt,hardware-accessories,gallery 1,/images/products/fb017-door-flush-bolt-2.webp,measured,,white,none,100.0,0.0,85.9,61.7,53.0,13.8,78.9,0.0,5,
FB017,fb017-door-flush-bolt,hardware-accessories,gallery 2,/images/products/fb017-door-flush-bolt-3.webp,measured,,white,none,100.0,0.0,84.0,69.5,58.4,14.0,81.6,0.6,5,
FB017,fb017-door-flush-bolt,hardware-accessories,gallery 3,/images/products/fb017-door-flush-bolt-4.webp,manual,edge is not uniformly white or transparent,other / uncertain,none,2.6,0.0,,,,,,,,
G130,g130-glass-door-handle,glass-door-accessories,hero,/images/products/g130-glass-door-handle.webp,measured,,white,boundary-fill,100.0,0.0,57.4,73.0,41.9,29.2,90.6,1.4,1,
G130,g130-glass-door-handle,glass-door-accessories,gallery 1,/images/products/g130-glass-door-handle-2.webp,measured,,white,edge-matched-clone,100.0,0.0,62.5,69.1,43.2,32.9,90.2,1.6,2,
G130,g130-glass-door-handle,glass-door-accessories,gallery 2,/images/products/g130-glass-door-handle-3.webp,measured,,white,edge-matched-clone,100.0,0.0,80.1,76.6,61.3,22.9,95.3,4.5,4,
G130,g130-glass-door-handle,glass-door-accessories,gallery 3,/images/products/g130-glass-door-handle-4.webp,manual,known logo exclusion may touch product,white,boundary-fill,100.0,0.0,,,,,,,,
G130,g130-glass-door-handle,glass-door-accessories,gallery 4,/images/products/g130-glass-door-handle-5.webp,measured,,white,boundary-fill,99.8,0.0,60.9,84.0,51.2,30.4,97.7,0.0,1,
G130,g130-glass-door-handle,glass-door-accessories,gallery 5,/images/products/g130-glass-door-handle-6.webp,manual,edge is not uniformly white or transparent,other / uncertain,boundary-fill,0.0,0.0,,,,,,,,
G559,g559-night-latch-and-rim-lock,night-latches-rim-locks,hero,/images/products/g559-night-latch-and-rim-lock.webp,measured,,white,edge-matched-clone,100.0,0.0,87.1,55.1,48.0,28.4,85.2,2.1,1,
G559,g559-night-latch-and-rim-lock,night-latches-rim-locks,gallery 1,/images/products/g559-night-latch-and-rim-lock-2.webp,measured,,white,edge-matched-clone,100.0,0.0,91.4,49.2,45.0,25.7,80.5,0.0,2,
G559,g559-night-latch-and-rim-lock,night-latches-rim-locks,gallery 2,/images/products/g559-night-latch-and-rim-lock-3.webp,measured,,white,edge-matched-clone,100.0,0.0,85.2,65.2,55.6,28.3,89.8,1.2,2,
G559,g559-night-latch-and-rim-lock,night-latches-rim-locks,gallery 3,/images/products/g559-night-latch-and-rim-lock-4.webp,measured,,white,edge-matched-clone,100.0,0.0,91.0,47.7,43.4,34.0,75.4,-1.0,1,high visual baseline
G559,g559-night-latch-and-rim-lock,night-latches-rim-locks,gallery 4,/images/products/g559-night-latch-and-rim-lock-5.webp,measured,,white,edge-matched-clone,100.0,0.0,63.3,78.5,49.7,20.7,96.9,-1.6,1,
G559,g559-night-latch-and-rim-lock,night-latches-rim-locks,gallery 5,/images/products/g559-night-latch-and-rim-lock-6.webp,measured,,white,edge-matched-clone,99.1,0.0,96.5,58.2,56.2,29.3,84.0,0.2,4,
G559,g559-night-latch-and-rim-lock,night-latches-rim-locks,gallery 6,/images/products/g559-night-latch-and-rim-lock-7.webp,manual,edge is not uniformly white or transparent,other / uncertain,boundary-fill,0.6,0.0,,,,,,,,
GL125 SS,gl125-ss-glass-door-patch-fittings,glass-door-accessories,hero,/images/products/gl125-ss-glass-door-patch-fittings.webp,measured,,white,none,100.0,0.0,83.2,62.1,51.7,26.7,91.4,-0.2,1,
GL125 SS,gl125-ss-glass-door-patch-fittings,glass-door-accessories,gallery 1,/images/products/gl125-ss-glass-door-patch-fittings-2.webp,manual,edge is not uniformly white or transparent,other / uncertain,edge-matched-clone,93.5,0.0,,,,,,,,
GL125 SS,gl125-ss-glass-door-patch-fittings,glass-door-accessories,gallery 2,/images/products/gl125-ss-glass-door-patch-fittings-3.webp,manual,edge is not uniformly white or transparent,other / uncertain,boundary-fill,9.0,0.0,,,,,,,,
GL125 SS,gl125-ss-glass-door-patch-fittings,glass-door-accessories,gallery 3,/images/products/gl125-ss-glass-door-patch-fittings-4.webp,manual,edge is not uniformly white or transparent,other / uncertain,boundary-fill,11.4,0.0,,,,,,,,
GL125 SS,gl125-ss-glass-door-patch-fittings,glass-door-accessories,gallery 4,/images/products/gl125-ss-glass-door-patch-fittings-5.webp,measured,,white,none,100.0,0.0,84.4,54.7,46.1,27.9,80.1,-0.4,1,
GL125 SS,gl125-ss-glass-door-patch-fittings,glass-door-accessories,gallery 5,/images/products/gl125-ss-glass-door-patch-fittings-6.webp,measured,,white,none,100.0,0.0,78.9,58.2,45.9,25.4,89.1,-0.8,2,
GL125 SS,gl125-ss-glass-door-patch-fittings,glass-door-accessories,gallery 6,/images/products/gl125-ss-glass-door-patch-fittings-7.webp,manual,edge is not uniformly white or transparent,other / uncertain,none,93.4,0.0,,,,,,,,
GL125 SS,gl125-ss-glass-door-patch-fittings,glass-door-accessories,gallery 7,/images/products/gl125-ss-glass-door-patch-fittings-8.webp,manual,edge is not uniformly white or transparent,other / uncertain,none,83.9,0.0,,,,,,,,
Glass Door Patch Fitting Set,glass-door-patch-fitting-set,glass-door-accessories,hero,/images/products/glass-door-patch-fitting-set.webp,measured,,white,edge-matched-clone,100.0,0.0,78.1,69.9,54.6,20.5,89.1,0.4,8,
Glass Door Patch Fitting Set,glass-door-patch-fitting-set,glass-door-accessories,gallery 1,/images/concepts/glass-patch-fitting-application.webp,manual,not a catalogue-source product image,,,,,,,,,,,,
H101,h101-night-latch-and-rim-lock,night-latches-rim-locks,hero,/images/products/h101-night-latch-and-rim-lock.webp,measured,,white,edge-matched-clone,100.0,0.0,87.1,41.4,36.1,25.7,73.0,2.1,2,high visual baseline
H101,h101-night-latch-and-rim-lock,night-latches-rim-locks,gallery 1,/images/products/h101-night-latch-and-rim-lock-2.webp,manual,edge is not uniformly white or transparent,other / uncertain,edge-matched-clone,94.1,0.0,,,,,,,,
H101,h101-night-latch-and-rim-lock,night-latches-rim-locks,gallery 2,/images/products/h101-night-latch-and-rim-lock-3.webp,measured,,white,edge-matched-clone,100.0,0.0,83.2,39.5,32.8,23.4,72.7,1.0,2,high visual baseline
H101,h101-night-latch-and-rim-lock,night-latches-rim-locks,gallery 3,/images/products/h101-night-latch-and-rim-lock-4.webp,measured,,white,edge-matched-clone,100.0,0.0,77.0,36.7,28.3,20.1,71.9,0.2,2,small bounding box; high visual baseline
H101,h101-night-latch-and-rim-lock,night-latches-rim-locks,gallery 4,/images/products/h101-night-latch-and-rim-lock-5.webp,manual,edge is not uniformly white or transparent,other / uncertain,boundary-fill,0.0,0.0,,,,,,,,
H101,h101-night-latch-and-rim-lock,night-latches-rim-locks,gallery 5,/images/products/h101-night-latch-and-rim-lock-6.webp,manual,edge is not uniformly white or transparent,other / uncertain,boundary-fill,0.0,0.0,,,,,,,,
H102,h102-night-latch-and-rim-lock,night-latches-rim-locks,hero,/images/products/h102-night-latch-and-rim-lock.webp,measured,,white,edge-matched-clone,100.0,0.0,86.3,38.7,33.4,24.5,71.9,2.1,2,high visual baseline
H102,h102-night-latch-and-rim-lock,night-latches-rim-locks,gallery 1,/images/products/h102-night-latch-and-rim-lock-2.webp,manual,edge is not uniformly white or transparent,other / uncertain,none,0.0,0.0,,,,,,,,
HY-0SS,hy-0ss-latch-guard,hardware-accessories,hero,/images/products/hy-0ss-latch-guard.webp,measured,,white,edge-matched-clone,100.0,0.0,62.5,92.6,57.9,15.9,95.7,-3.9,6,
HY-0SS,hy-0ss-latch-guard,hardware-accessories,gallery 1,/images/products/hy-0ss-latch-guard-2.webp,measured,,white,edge-matched-clone,100.0,0.0,82.4,64.5,53.1,18.3,87.5,-2.9,6,
HY-0SS,hy-0ss-latch-guard,hardware-accessories,gallery 2,/images/products/hy-0ss-latch-guard-3.webp,measured,,white,edge-matched-clone,99.8,0.0,95.7,57.0,54.6,18.3,74.2,0.6,6,high visual baseline
HY-0SS,hy-0ss-latch-guard,hardware-accessories,gallery 3,/images/products/hy-0ss-latch-guard-4.webp,manual,edge is not uniformly white or transparent,other / uncertain,boundary-fill,31.0,0.0,,,,,,,,
HY-0SS,hy-0ss-latch-guard,hardware-accessories,gallery 4,/images/products/hy-0ss-latch-guard-5.webp,manual,edge is not uniformly white or transparent,other / uncertain,boundary-fill,0.0,0.0,,,,,,,,
HY006DK,hy006dk-lock-case,lock-cases,hero,/images/products/hy006dk-lock-case.webp,measured,,white,none,100.0,0.0,36.3,85.9,31.2,19.1,93.4,0.2,1,
HY006DK,hy006dk-lock-case,lock-cases,gallery 1,/images/products/hy006dk-lock-case-2.webp,measured,,white,edge-matched-clone,99.9,0.0,90.2,56.6,51.1,44.1,78.1,-0.6,1,
HY006DK,hy006dk-lock-case,lock-cases,gallery 2,/images/products/hy006dk-lock-case-3.webp,measured,,white,edge-matched-clone,100.0,0.0,85.2,46.9,39.9,24.2,80.9,1.6,2,
HY006DK,hy006dk-lock-case,lock-cases,gallery 3,/images/products/hy006dk-lock-case-4.webp,manual,known logo exclusion may touch product,white,boundary-fill,99.9,0.0,,,,,,,,
HY006DK,hy006dk-lock-case,lock-cases,gallery 4,/images/products/hy006dk-lock-case-5.webp,measured,,white,edge-matched-clone,98.0,0.0,94.5,91.0,86.0,12.0,97.7,0.0,16,
HY006DK,hy006dk-lock-case,lock-cases,gallery 5,/images/products/hy006dk-lock-case-6.webp,measured,,white,edge-matched-clone,100.0,0.0,77.3,77.0,59.5,23.4,90.2,0.0,1,
HY006DK,hy006dk-lock-case,lock-cases,gallery 6,/images/products/hy006dk-lock-case-7.webp,measured,,white,edge-matched-clone,100.0,0.0,86.7,74.6,64.7,19.4,87.5,-1.6,2,
HY006DK,hy006dk-lock-case,lock-cases,gallery 7,/images/products/hy006dk-lock-case-8.webp,measured,,white,edge-matched-clone,99.7,0.0,44.9,94.1,42.3,17.6,98.4,6.1,1,
HY006DK,hy006dk-lock-case,lock-cases,gallery 8,/images/products/hy006dk-lock-case-9.webp,manual,known logo exclusion may touch product,white,boundary-fill,100.0,0.0,,,,,,,,
HY006ET,hy006et-lock-case,lock-cases,hero,/images/products/hy006et-lock-case.webp,measured,,white,edge-matched-clone,100.0,0.0,36.3,86.3,31.4,19.4,93.4,0.2,1,
HY006ET,hy006et-lock-case,lock-cases,gallery 1,/images/products/hy006et-lock-case-2.webp,measured,,white,edge-matched-clone,100.0,0.0,48.0,85.2,40.9,21.2,94.9,2.5,1,
HY006ET,hy006et-lock-case,lock-cases,gallery 2,/images/products/hy006et-lock-case-3.webp,measured,,white,edge-matched-clone,100.0,0.0,81.6,46.1,37.6,26.1,76.2,2.5,1,high visual baseline
HY006ET,hy006et-lock-case,lock-cases,gallery 3,/images/products/hy006et-lock-case-4.webp,manual,known logo exclusion may touch product,white,boundary-fill,99.9,0.0,,,,,,,,
HY006ET,hy006et-lock-case,lock-cases,gallery 4,/images/products/hy006et-lock-case-5.webp,measured,,white,edge-matched-clone,99.8,0.0,94.5,91.0,86.0,11.9,96.9,0.4,14,
HY006ET,hy006et-lock-case,lock-cases,gallery 5,/images/products/hy006et-lock-case-6.webp,manual,edge is not uniformly white or transparent,other / uncertain,edge-matched-clone,94.6,0.0,,,,,,,,
HY006ET,hy006et-lock-case,lock-cases,gallery 6,/images/products/hy006et-lock-case-7.webp,manual,known logo exclusion may touch product,white,boundary-fill,99.9,0.0,,,,,,,,
HY006ET,hy006et-lock-case,lock-cases,gallery 7,/images/products/hy006et-lock-case-8.webp,measured,,white,edge-matched-clone,100.0,0.0,63.7,90.2,57.5,23.2,95.3,0.2,1,
HY006ET,hy006et-lock-case,lock-cases,gallery 8,/images/products/hy006et-lock-case-9.webp,manual,edge is not uniformly white or transparent,other / uncertain,boundary-fill,25.0,0.0,,,,,,,,
HY006ET,hy006et-lock-case,lock-cases,gallery 9,/images/products/hy006et-lock-case-10.webp,manual,known logo exclusion may touch product,white,boundary-fill,100.0,0.0,,,,,,,,
HY007,hy007-lock-case,lock-cases,hero,/images/products/hy007-lock-case.webp,measured,,white,edge-matched-clone,100.0,0.0,32.0,92.2,29.5,19.3,96.1,0.0,1,small bounding box
HY007,hy007-lock-case,lock-cases,gallery 1,/images/products/hy007-lock-case-2.webp,measured,,white,edge-matched-clone,99.8,0.0,86.7,82.4,71.5,24.5,95.3,2.3,3,
HY007,hy007-lock-case,lock-cases,gallery 2,/images/products/hy007-lock-case-3.webp,measured,,white,edge-matched-clone,100.0,0.0,50.0,85.2,42.6,22.8,93.0,0.8,1,
HY007,hy007-lock-case,lock-cases,gallery 3,/images/products/hy007-lock-case-4.webp,measured,,white,edge-matched-clone,100.0,0.0,42.6,89.8,38.3,23.8,96.5,1.8,1,
HY007,hy007-lock-case,lock-cases,gallery 4,/images/products/hy007-lock-case-5.webp,measured,,white,edge-matched-clone,100.0,0.0,81.3,85.9,69.8,34.5,94.1,0.4,5,
HY007,hy007-lock-case,lock-cases,gallery 5,/images/products/hy007-lock-case-6.webp,measured,,white,edge-matched-clone,100.0,0.0,82.0,85.2,69.9,32.5,93.0,-2.0,5,
HY007,hy007-lock-case,lock-cases,gallery 6,/images/products/hy007-lock-case-7.webp,manual,edge is not uniformly white or transparent,other / uncertain,none,1.3,0.0,,,,,,,,
HY007-S,hy007-s-lock-case,lock-cases,hero,/images/products/hy007-s-lock-case.webp,measured,,white,edge-matched-clone,100.0,0.0,81.3,75.0,60.9,31.5,89.5,0.0,1,
HY007-S,hy007-s-lock-case,lock-cases,gallery 1,/images/products/hy007-s-lock-case-2.webp,measured,,white,edge-matched-clone,100.0,0.0,27.3,90.2,24.7,17.1,95.3,0.0,1,small bounding box
HY007-S,hy007-s-lock-case,lock-cases,gallery 2,/images/products/hy007-s-lock-case-3.webp,manual,edge is not uniformly white or transparent,other / uncertain,edge-matched-clone,66.8,0.0,,,,,,,,
HY007-S,hy007-s-lock-case,lock-cases,gallery 3,/images/products/hy007-s-lock-case-4.webp,measured,,white,edge-matched-clone,100.0,0.0,76.6,78.1,59.8,34.5,92.6,3.9,1,
HY007-S,hy007-s-lock-case,lock-cases,gallery 4,/images/products/hy007-s-lock-case-5.webp,measured,,white,edge-matched-clone,100.0,0.0,88.7,60.9,54.0,22.0,89.8,-1.0,3,
HY007-S,hy007-s-lock-case,lock-cases,gallery 5,/images/products/hy007-s-lock-case-6.webp,measured,,white,edge-matched-clone,98.9,0.0,95.3,93.8,89.4,43.1,96.5,0.8,15,
HY007-S,hy007-s-lock-case,lock-cases,gallery 6,/images/products/hy007-s-lock-case-7.webp,manual,known logo exclusion may touch product,white,edge-matched-clone,98.9,0.0,,,,,,,,
HY007-S,hy007-s-lock-case,lock-cases,gallery 7,/images/products/hy007-s-lock-case-8.webp,manual,edge is not uniformly white or transparent,other / uncertain,boundary-fill,0.0,0.0,,,,,,,,
HY007-S,hy007-s-lock-case,lock-cases,gallery 8,/images/products/hy007-s-lock-case-9.webp,manual,edge is not uniformly white or transparent,other / uncertain,none,78.5,0.0,,,,,,,,
HY007-S,hy007-s-lock-case,lock-cases,gallery 9,/images/products/hy007-s-lock-case-10.webp,manual,edge is not uniformly white or transparent,other / uncertain,boundary-fill,77.0,0.0,,,,,,,,
HY008,hy008-lock-case,lock-cases,hero,/images/products/hy008-lock-case.webp,measured,,white,edge-matched-clone,100.0,0.0,59.0,89.1,52.5,23.2,95.3,-4.9,2,
HY008,hy008-lock-case,lock-cases,gallery 1,/images/products/hy008-lock-case-2.webp,measured,,white,edge-matched-clone,99.1,0.0,96.1,71.5,68.7,29.8,87.9,0.8,2,
HY008,hy008-lock-case,lock-cases,gallery 2,/images/products/hy008-lock-case-3.webp,measured,,white,edge-matched-clone,100.0,0.0,59.0,82.4,48.6,20.8,89.1,2.5,1,
HY008,hy008-lock-case,lock-cases,gallery 3,/images/products/hy008-lock-case-4.webp,measured,,white,edge-matched-clone,100.0,0.0,81.3,73.8,60.0,28.3,90.2,0.4,10,
HY008,hy008-lock-case,lock-cases,gallery 4,/images/products/hy008-lock-case-5.webp,manual,known logo exclusion may touch product,white,boundary-fill,100.0,0.0,,,,,,,,
HY008,hy008-lock-case,lock-cases,gallery 5,/images/products/hy008-lock-case-6.webp,measured,,white,edge-matched-clone,100.0,0.0,86.7,78.9,68.4,9.7,96.5,-0.8,9,
HY008,hy008-lock-case,lock-cases,gallery 6,/images/products/hy008-lock-case-8.webp,manual,edge is not uniformly white or transparent,other / uncertain,none,88.6,0.0,,,,,,,,
AR4-101,hyde-ar4-101-mortise-lock,lock-cases,hero,/images/products/argentina-ar4/hyde-ar4-101.webp,manual,edge is not uniformly white or transparent,other / uncertain,none,0.0,0.0,,,,,,,,
AR4-110,hyde-ar4-110-mortise-lock,lock-cases,hero,/images/products/argentina-ar4/hyde-ar4-110.webp,manual,edge is not uniformly white or transparent,other / uncertain,none,0.0,0.0,,,,,,,,
AR4-110,hyde-ar4-110-mortise-lock,lock-cases,gallery 1,/images/products/argentina-ar4/hyde-ar4-110-2.webp,manual,edge is not uniformly white or transparent,other / uncertain,none,0.0,0.0,,,,,,,,
AR4-110,hyde-ar4-110-mortise-lock,lock-cases,gallery 2,/images/products/argentina-ar4/hyde-ar4-110-3.webp,manual,edge is not uniformly white or transparent,other / uncertain,none,0.0,0.0,,,,,,,,
AR4-1121,hyde-ar4-1121-hook-bolt-lock,lock-cases,hero,/images/products/argentina-ar4/hyde-ar4-1121.webp,manual,edge is not uniformly white or transparent,other / uncertain,none,0.0,0.0,,,,,,,,
AR4-1121,hyde-ar4-1121-hook-bolt-lock,lock-cases,gallery 1,/images/products/argentina-ar4/hyde-ar4-1121-2.webp,manual,edge is not uniformly white or transparent,other / uncertain,none,0.0,0.0,,,,,,,,
AR4-140,hyde-ar4-140-mortise-lock,lock-cases,hero,/images/products/argentina-ar4/hyde-ar4-140.webp,manual,edge is not uniformly white or transparent,other / uncertain,none,0.0,0.0,,,,,,,,
IH01,ih01-brass-and-steel-hinges,brass-steel-hinges,hero,/images/products/ih01-brass-and-steel-hinges.webp,measured,,white,edge-matched-clone,100.0,0.0,58.2,79.3,46.2,24.8,90.2,0.6,1,
IH01,ih01-brass-and-steel-hinges,brass-steel-hinges,gallery 1,/images/products/ih01-brass-and-steel-hinges-2.webp,measured,,white,edge-matched-clone,100.0,0.0,86.3,86.7,74.9,24.3,93.8,-1.8,11,
IH01,ih01-brass-and-steel-hinges,brass-steel-hinges,gallery 2,/images/products/ih01-brass-and-steel-hinges-3.webp,measured,,white,edge-matched-clone,99.3,0.0,96.1,38.7,37.2,18.0,68.4,-0.4,2,high visual baseline
IH01,ih01-brass-and-steel-hinges,brass-steel-hinges,gallery 3,/images/products/ih01-brass-and-steel-hinges-4.webp,measured,,white,edge-matched-clone,100.0,0.0,91.4,65.2,59.6,17.4,81.3,-0.4,1,
IH01,ih01-brass-and-steel-hinges,brass-steel-hinges,gallery 4,/images/products/ih01-brass-and-steel-hinges-5.webp,manual,edge is not uniformly white or transparent,other / uncertain,boundary-fill,0.0,0.0,,,,,,,,
IH01,ih01-brass-and-steel-hinges,brass-steel-hinges,gallery 5,/images/products/ih01-brass-and-steel-hinges-6.webp,manual,edge is not uniformly white or transparent,other / uncertain,none,72.4,0.0,,,,,,,,
JU-051,ju-051-door-closer,door-closers,hero,/images/products/ju-051-door-closer.webp,measured,,white,none,100.0,0.0,73.0,78.9,57.6,14.1,89.8,-1.0,1,
JU-051,ju-051-door-closer,door-closers,gallery 1,/images/products/ju-051-door-closer-2.webp,manual,edge is not uniformly white or transparent,other / uncertain,none,0.2,0.0,,,,,,,,
JU-061,ju-061-door-closer,door-closers,hero,/images/products/ju-061-door-closer.webp,measured,,white,none,100.0,0.0,69.5,79.7,55.4,14.8,90.6,0.4,1,
JU-061,ju-061-door-closer,door-closers,gallery 1,/images/products/ju-061-door-closer-2.webp,measured,,white,none,100.0,0.0,80.9,85.2,68.9,26.2,92.6,-0.2,4,
JU-061,ju-061-door-closer,door-closers,gallery 2,/images/products/ju-061-door-closer-3.webp,measured,,white,none,100.0,0.0,79.3,69.5,55.1,36.4,89.5,0.6,2,
JU-061,ju-061-door-closer,door-closers,gallery 3,/images/products/ju-061-door-closer-4.webp,measured,,white,none,100.0,0.0,81.6,73.0,59.6,34.2,91.8,-0.2,2,
JU-061,ju-061-door-closer,door-closers,gallery 4,/images/products/ju-061-door-closer-5.webp,measured,,white,none,100.0,0.0,84.8,43.8,37.1,28.1,74.6,0.2,1,high visual baseline
JU-072,ju-072-door-closer,door-closers,hero,/images/products/ju-072-door-closer.webp,measured,,white,none,100.0,0.0,69.5,80.1,55.7,14.4,90.6,-0.4,1,
JU-072,ju-072-door-closer,door-closers,gallery 1,/images/products/ju-072-door-closer-2.webp,measured,,white,none,100.0,0.0,82.0,82.4,67.6,25.1,93.8,0.0,4,
JU-072,ju-072-door-closer,door-closers,gallery 2,/images/products/ju-072-door-closer-3.webp,measured,,white,none,100.0,0.0,82.0,69.5,57.0,35.7,89.8,0.4,2,
JU-072,ju-072-door-closer,door-closers,gallery 3,/images/products/ju-072-door-closer-4.webp,measured,,white,none,100.0,0.0,81.6,74.2,60.6,33.9,92.2,0.2,2,
JU-072,ju-072-door-closer,door-closers,gallery 4,/images/products/ju-072-door-closer-5.webp,measured,,white,none,100.0,0.0,85.5,44.9,38.4,28.5,74.2,0.2,1,high visual baseline
JU-073,ju-073-door-closer,door-closers,hero,/images/products/ju-073-door-closer.webp,measured,,white,none,100.0,0.0,73.8,81.6,60.3,15.7,91.0,0.2,1,
JU-088,ju-088-door-closer,door-closers,hero,/images/products/ju-088-door-closer.webp,measured,,white,none,100.0,0.0,85.5,37.9,32.4,11.6,69.1,0.2,1,high visual baseline
JU-088,ju-088-door-closer,door-closers,gallery 1,/images/products/ju-088-door-closer-2.webp,measured,,white,none,99.0,0.0,95.7,66.4,63.6,4.6,85.2,0.6,14,
JU-088,ju-088-door-closer,door-closers,gallery 2,/images/products/ju-088-door-closer-3.webp,measured,,white,none,100.0,0.0,84.4,39.1,33.0,18.7,72.7,2.0,1,high visual baseline
JU-088,ju-088-door-closer,door-closers,gallery 3,/images/products/ju-088-door-closer-4.webp,measured,,white,none,100.0,0.0,90.2,62.9,56.7,24.9,87.9,0.2,5,
JU-093,ju-093-door-closer,door-closers,hero,/images/products/ju-093-door-closer.webp,measured,,white,none,100.0,0.0,85.2,63.7,54.2,13.4,81.6,0.4,1,
Keyed Deadbolt Lock Set,keyed-deadbolt-lock-set,grip-handle-sets,hero,/images/products/ansi-grade-3-keyed-deadbolt.webp,measured,,white,edge-matched-clone,100.0,0.0,38.3,73.8,28.3,8.9,91.4,-0.8,4,small bounding box
Keyed Deadbolt Lock Set,keyed-deadbolt-lock-set,grip-handle-sets,gallery 1,/images/concepts/deadbolt-application.webp,manual,not a catalogue-source product image,,,,,,,,,,,,
L001,l001-latch,hardware-accessories,hero,/images/products/l001-latch.webp,measured,,white,none,100.0,0.0,74.6,55.5,41.4,13.6,78.9,1.8,1,
L002,l002-latch,hardware-accessories,hero,/images/products/l002-latch.webp,measured,,white,none,100.0,0.0,60.9,56.3,34.3,13.1,78.5,-0.4,1,
L003,l003-latch,hardware-accessories,hero,/images/products/l003-latch.webp,measured,,white,none,100.0,0.0,84.0,62.9,52.8,16.1,79.3,1.0,1,
L004,l004-latch,hardware-accessories,hero,/images/products/l004-latch.webp,measured,,white,none,100.0,0.0,75.0,69.1,51.9,17.5,84.8,0.0,1,
L004,l004-latch,hardware-accessories,gallery 1,/images/products/l004-latch-2.webp,measured,,white,none,100.0,0.0,59.0,66.0,38.9,14.2,83.6,-0.2,4,
L004,l004-latch,hardware-accessories,gallery 2,/images/products/l004-latch-3.webp,measured,,white,none,100.0,0.0,63.7,63.7,40.5,16.6,82.0,0.2,1,
L005,l005-latch,hardware-accessories,hero,/images/products/l005-latch.webp,measured,,white,none,100.0,0.0,79.3,66.8,53.0,15.2,82.8,0.2,1,
L006,l006-latch,hardware-accessories,hero,/images/products/l006-latch.webp,measured,,white,none,100.0,0.0,78.1,54.7,42.7,15.2,77.7,0.0,1,high visual baseline
L008,l008-latch,hardware-accessories,hero,/images/products/l008-latch.webp,measured,,white,none,100.0,0.0,73.0,50.4,36.8,14.2,79.3,-0.2,1,
L009,l009-latch,hardware-accessories,hero,/images/products/l009-latch.webp,measured,,white,none,100.0,0.0,75.4,62.1,46.8,20.4,81.3,0.2,1,
L010,l010-latch,hardware-accessories,hero,/images/products/l010-latch.webp,measured,,white,none,100.0,0.0,66.4,50.8,33.7,15.8,75.8,0.0,1,high visual baseline
L015,l015-latch,hardware-accessories,hero,/images/products/l015-latch.webp,measured,,white,none,100.0,0.0,84.0,64.8,54.5,21.5,84.0,0.2,1,
L016,l016-latch,hardware-accessories,hero,/images/products/l016-latch.webp,measured,,white,none,100.0,0.0,81.6,62.5,51.0,19.7,82.0,0.2,1,
L018,l018-latch,hardware-accessories,hero,/images/products/l018-latch.webp,measured,,white,none,100.0,0.0,80.5,58.6,47.1,19.8,80.9,0.0,1,
L018,l018-latch,hardware-accessories,gallery 1,/images/products/l018-latch-2.webp,manual,edge is not uniformly white or transparent,other / uncertain,none,1.5,0.0,,,,,,,,
L018,l018-latch,hardware-accessories,gallery 2,/images/products/l018-latch-3.webp,measured,,white,none,99.2,0.0,94.9,48.0,45.6,18.9,77.3,0.2,1,high visual baseline
L018,l018-latch,hardware-accessories,gallery 3,/images/products/l018-latch-4.webp,measured,,white,none,100.0,0.0,90.2,49.6,44.8,20.3,78.5,0.2,1,
L018,l018-latch,hardware-accessories,gallery 4,/images/products/l018-latch-5.webp,measured,,white,none,100.0,0.0,93.4,53.5,50.0,21.9,79.3,0.2,2,
L019,l019-latch,hardware-accessories,hero,/images/products/l019-latch.webp,measured,,white,none,100.0,0.0,73.0,62.1,45.4,20.0,81.3,0.2,1,
L021,l021-latch,hardware-accessories,hero,/images/products/l021-latch.webp,measured,,white,none,100.0,0.0,81.3,58.6,47.6,19.4,78.5,0.0,2,
L021,l021-latch,hardware-accessories,gallery 1,/images/products/l021-latch-2.webp,manual,edge is not uniformly white or transparent,other / uncertain,none,0.5,0.0,,,,,,,,
L021,l021-latch,hardware-accessories,gallery 2,/images/products/l021-latch-3.webp,manual,edge is not uniformly white or transparent,other / uncertain,none,8.6,0.0,,,,,,,,
L023,l023-latch,hardware-accessories,hero,/images/products/l023-latch.webp,measured,,white,none,100.0,0.0,73.0,62.9,45.9,19.5,81.6,0.2,1,
L024,l024-latch,hardware-accessories,hero,/images/products/l024-latch.webp,measured,,white,none,100.0,0.0,75.8,63.3,48.0,20.1,82.4,-0.8,2,
L025,l025-latch,hardware-accessories,hero,/images/products/l025-latch.webp,measured,,white,none,100.0,0.0,74.2,64.5,47.8,19.8,82.8,1.2,1,
L026,l026-latch,hardware-accessories,hero,/images/products/l026-latch.webp,measured,,white,none,100.0,0.0,82.4,65.2,53.8,16.5,82.8,0.2,1,
LC02 85×40mm,lc02-85-40mm-lock-case,lock-cases,hero,/images/products/lc02-85-40mm-lock-case.webp,measured,,white,edge-matched-clone,100.0,0.0,41.4,90.2,37.4,19.5,95.7,6.3,3,
LC02 85×40mm,lc02-85-40mm-lock-case,lock-cases,gallery 1,/images/products/lc02-85-40mm-lock-case-2.webp,measured,,white,edge-matched-clone,99.9,0.0,93.0,65.6,61.0,27.3,86.7,0.8,2,
LC02 85×40mm,lc02-85-40mm-lock-case,lock-cases,gallery 2,/images/products/lc02-85-40mm-lock-case-3.webp,manual,edge is not uniformly white or transparent,other / uncertain,edge-matched-clone,95.8,0.0,,,,,,,,
LC02 85×40mm,lc02-85-40mm-lock-case,lock-cases,gallery 3,/images/products/lc02-85-40mm-lock-case-4.webp,manual,edge is not uniformly white or transparent,other / uncertain,edge-matched-clone,93.1,0.0,,,,,,,,
LC02 85×40mm,lc02-85-40mm-lock-case,lock-cases,gallery 4,/images/products/lc02-85-40mm-lock-case-5.webp,manual,edge is not uniformly white or transparent,other / uncertain,edge-matched-clone,77.4,0.0,,,,,,,,
LC03 85×45mm,lc03-85-45mm-lock-case,lock-cases,hero,/images/products/lc03-85-45mm-lock-case.webp,measured,,white,none,100.0,0.0,41.0,91.0,37.3,20.3,95.7,1.8,2,
LC03 85×45mm,lc03-85-45mm-lock-case,lock-cases,gallery 1,/images/products/lc03-85-45mm-lock-case-2.webp,manual,edge is not uniformly white or transparent,other / uncertain,edge-matched-clone,96.9,0.0,,,,,,,,
LC04 85*60,lc04-85-60-lock-case,lock-cases,hero,/images/products/lc04-85-60-lock-case.webp,measured,,white,edge-matched-clone,100.0,0.0,43.4,91.8,39.8,19.9,96.5,5.7,3,
LC04 85*60,lc04-85-60-lock-case,lock-cases,gallery 1,/images/products/lc04-85-60-lock-case-2.webp,measured,,white,edge-matched-clone,100.0,0.0,73.4,91.8,67.4,30.0,96.5,-0.4,3,
LC04 85*60,lc04-85-60-lock-case,lock-cases,gallery 2,/images/products/lc04-85-60-lock-case-3.webp,manual,edge is not uniformly white or transparent,other / uncertain,edge-matched-clone,97.5,0.0,,,,,,,,
LC04 85*60,lc04-85-60-lock-case,lock-cases,gallery 3,/images/products/lc04-85-60-lock-case-4.webp,measured,,white,edge-matched-clone,100.0,0.0,44.5,91.8,40.9,21.0,95.3,-3.1,1,
LC04 85*60,lc04-85-60-lock-case,lock-cases,gallery 4,/images/products/lc04-85-60-lock-case-5.webp,measured,,white,edge-matched-clone,100.0,0.0,44.5,86.3,38.4,13.5,93.4,-3.9,1,
LC04 85*60,lc04-85-60-lock-case,lock-cases,gallery 5,/images/products/lc04-85-60-lock-case-6.webp,manual,edge is not uniformly white or transparent,other / uncertain,boundary-fill,0.0,0.0,,,,,,,,
LC04 85*70,lc04-85-70-lock-case,lock-cases,hero,/images/products/lc04-85-70-lock-case.webp,measured,,white,edge-matched-clone,100.0,0.0,44.1,85.5,37.8,16.7,92.6,5.7,3,
LC04 85*70,lc04-85-70-lock-case,lock-cases,gallery 1,/images/products/lc04-85-70-lock-case-2.webp,measured,,white,edge-matched-clone,99.9,0.0,35.2,90.6,31.9,17.2,97.3,3.1,1,
LC04 85*70,lc04-85-70-lock-case,lock-cases,gallery 2,/images/products/lc04-85-70-lock-case-3.webp,measured,,white,edge-matched-clone,100.0,0.0,84.8,69.9,59.3,23.0,88.3,2.1,5,
LC04 85*70,lc04-85-70-lock-case,lock-cases,gallery 3,/images/products/lc04-85-70-lock-case-4.webp,measured,,white,edge-matched-clone,100.0,0.0,71.5,71.5,51.1,20.9,93.4,0.2,4,
LC05 8560,lc05-8560-lock-case,lock-cases,hero,/images/products/lc05-8560-lock-case.webp,measured,,white,edge-matched-clone,100.0,0.0,39.8,90.2,36.0,20.2,95.3,5.5,4,
LC05 8560,lc05-8560-lock-case,lock-cases,gallery 1,/images/products/lc05-8560-lock-case-2.webp,measured,,white,edge-matched-clone,99.5,0.0,44.5,93.4,41.6,19.5,99.2,1.2,1,
LC05 8560,lc05-8560-lock-case,lock-cases,gallery 2,/images/products/lc05-8560-lock-case-3.webp,measured,,white,edge-matched-clone,100.0,0.0,84.8,82.4,69.9,7.5,96.1,1.0,5,
LC05 8560,lc05-8560-lock-case,lock-cases,gallery 3,/images/products/lc05-8560-lock-case-4.webp,measured,,white,edge-matched-clone,99.7,0.0,94.5,82.4,77.9,22.2,95.3,1.2,12,
LC05 8560,lc05-8560-lock-case,lock-cases,gallery 4,/images/products/lc05-8560-lock-case-5.webp,manual,edge is not uniformly white or transparent,other / uncertain,none,97.4,0.0,,,,,,,,
LC05 8560,lc05-8560-lock-case,lock-cases,gallery 5,/images/products/lc05-8560-lock-case-6.webp,measured,,white,edge-matched-clone,100.0,0.0,89.8,80.5,72.3,26.2,94.5,-0.4,2,
LC05 8560,lc05-8560-lock-case,lock-cases,gallery 6,/images/products/lc05-8560-lock-case-7.webp,measured,,white,edge-matched-clone,100.0,0.0,87.9,56.6,49.8,22.6,79.3,0.2,1,
LC05 8560,lc05-8560-lock-case,lock-cases,gallery 7,/images/products/lc05-8560-lock-case-8.webp,manual,edge is not uniformly white or transparent,other / uncertain,boundary-fill,0.0,0.0,,,,,,,,
LC06 85_50PS,lc06-85-50ps-lock-case,lock-cases,hero,/images/products/lc06-85-50ps-lock-case.webp,measured,,white,edge-matched-clone,100.0,0.0,35.2,89.1,31.3,18.0,94.5,5.5,1,
LC07 85×45mm,lc07-85-45mm-lock-case,lock-cases,hero,/images/products/lc07-85-45mm-lock-case.webp,measured,,white,edge-matched-clone,100.0,0.0,37.9,91.4,34.6,19.0,95.7,4.1,3,
LC07 85×45mm,lc07-85-45mm-lock-case,lock-cases,gallery 1,/images/products/lc07-85-45mm-lock-case-2.webp,measured,,white,edge-matched-clone,100.0,0.0,82.4,81.3,67.0,7.7,95.7,0.6,3,
LC07 85×45mm,lc07-85-45mm-lock-case,lock-cases,gallery 2,/images/products/lc07-85-45mm-lock-case-3.webp,manual,edge is not uniformly white or transparent,other / uncertain,boundary-fill,0.0,0.0,,,,,,,,
LC07 85×45mm,lc07-85-45mm-lock-case,lock-cases,gallery 3,/images/products/lc07-85-45mm-lock-case-4.webp,measured,,white,edge-matched-clone,100.0,0.0,34.0,86.7,29.5,17.1,94.5,3.7,1,small bounding box
LC07 85×45mm,lc07-85-45mm-lock-case,lock-cases,gallery 4,/images/products/lc07-85-45mm-lock-case-5.webp,manual,edge is not uniformly white or transparent,other / uncertain,boundary-fill,0.0,0.0,,,,,,,,
LC07 85×45mm,lc07-85-45mm-lock-case,lock-cases,gallery 5,/images/products/lc07-85-45mm-lock-case-6.webp,manual,known logo exclusion may touch product,white,edge-matched-clone,100.0,0.0,,,,,,,,
LC08 85×55mm,lc08-85-55mm-lock-case,lock-cases,hero,/images/products/lc08-85-55mm-lock-case.webp,measured,,white,edge-matched-clone,99.8,0.0,41.4,94.9,39.3,21.4,97.3,4.7,2,
LC08 85×55mm,lc08-85-55mm-lock-case,lock-cases,gallery 1,/images/products/lc08-85-55mm-lock-case-2.webp,manual,edge is not uniformly white or transparent,other / uncertain,edge-matched-clone,97.0,0.0,,,,,,,,
LC08 85×55mm,lc08-85-55mm-lock-case,lock-cases,gallery 2,/images/products/lc08-85-55mm-lock-case-3.webp,measured,,white,edge-matched-clone,100.0,0.0,91.0,54.3,49.4,21.2,82.0,1.4,1,
LC08 85×55mm,lc08-85-55mm-lock-case,lock-cases,gallery 3,/images/products/lc08-85-55mm-lock-case-4.webp,manual,edge is not uniformly white or transparent,other / uncertain,edge-matched-clone,97.3,0.0,,,,,,,,
LC08 85×55mm,lc08-85-55mm-lock-case,lock-cases,gallery 4,/images/products/lc08-85-55mm-lock-case-5.webp,manual,edge is not uniformly white or transparent,other / uncertain,boundary-fill,4.9,0.0,,,,,,,,
LC09 85×60mm,lc09-85-60mm-lock-case,lock-cases,hero,/images/products/lc09-85-60mm-lock-case.webp,measured,,white,edge-matched-clone,100.0,0.0,45.3,91.0,41.2,23.8,96.5,9.0,4,
LC14 85×50mm,lc14-85-50mm-lock-case,lock-cases,hero,/images/products/lc14-85-50mm-lock-case.webp,measured,,white,edge-matched-clone,100.0,0.0,31.6,89.8,28.4,15.2,94.9,5.3,1,small bounding box
LC14 85×50mm,lc14-85-50mm-lock-case,lock-cases,gallery 1,/images/products/lc14-85-50mm-lock-case-2.webp,measured,,white,edge-matched-clone,99.0,0.0,93.4,64.1,59.8,29.5,82.0,0.6,4,
LC14 85×50mm,lc14-85-50mm-lock-case,lock-cases,gallery 2,/images/products/lc14-85-50mm-lock-case-3.webp,measured,,white,edge-matched-clone,100.0,0.0,80.1,90.6,72.6,31.1,95.3,1.0,13,
LC14 85×50mm,lc14-85-50mm-lock-case,lock-cases,gallery 3,/images/products/lc14-85-50mm-lock-case-4.webp,measured,,white,edge-matched-clone,100.0,0.0,39.1,92.2,36.0,17.2,96.1,4.7,3,
LC14 85×50mm,lc14-85-50mm-lock-case,lock-cases,gallery 4,/images/products/lc14-85-50mm-lock-case-5.webp,measured,,white,edge-matched-clone,100.0,0.0,61.3,93.0,57.0,18.1,95.7,-3.3,1,
LC14 85×50mm,lc14-85-50mm-lock-case,lock-cases,gallery 5,/images/products/lc14-85-50mm-lock-case-6.webp,measured,,white,edge-matched-clone,99.5,0.0,96.9,65.6,63.6,28.6,86.7,0.0,1,
LC14 85×50mm,lc14-85-50mm-lock-case,lock-cases,gallery 6,/images/products/lc14-85-50mm-lock-case-7.webp,manual,edge is not uniformly white or transparent,other / uncertain,boundary-fill,0.0,0.0,,,,,,,,
LC15,lc15-lock-case,lock-cases,hero,/images/products/lc15-lock-case.webp,measured,,white,edge-matched-clone,100.0,0.0,30.1,90.2,27.1,14.3,95.3,-3.3,1,small bounding box
LC15,lc15-lock-case,lock-cases,gallery 1,/images/products/lc15-lock-case-2.webp,measured,,white,edge-matched-clone,100.0,0.0,91.0,76.6,69.7,8.4,88.7,0.6,6,
LC15,lc15-lock-case,lock-cases,gallery 2,/images/products/lc15-lock-case-3.webp,measured,,white,edge-matched-clone,100.0,0.0,84.8,53.9,45.7,15.8,77.7,0.2,1,high visual baseline
LC15,lc15-lock-case,lock-cases,gallery 3,/images/products/lc15-lock-case-4.webp,measured,,white,edge-matched-clone,99.3,0.0,32.0,92.2,29.5,14.0,99.2,3.5,1,small bounding box
LC15,lc15-lock-case,lock-cases,gallery 4,/images/products/lc15-lock-case-5.webp,measured,,white,edge-matched-clone,100.0,0.0,71.5,73.8,52.8,13.2,90.2,4.9,1,
LC15,lc15-lock-case,lock-cases,gallery 5,/images/products/lc15-lock-case-6.webp,manual,edge is not uniformly white or transparent,other / uncertain,edge-matched-clone,20.4,0.0,,,,,,,,
LC15,lc15-lock-case,lock-cases,gallery 6,/images/products/lc15-lock-case-7.webp,manual,edge is not uniformly white or transparent,other / uncertain,none,0.0,0.0,,,,,,,,
LC15,lc15-lock-case,lock-cases,gallery 7,/images/products/lc15-lock-case-8.webp,manual,edge is not uniformly white or transparent,other / uncertain,edge-matched-clone,33.0,0.0,,,,,,,,
LC15,lc15-lock-case,lock-cases,gallery 8,/images/products/lc15-lock-case-9.webp,measured,,white,edge-matched-clone,99.5,0.0,94.9,80.1,76.0,26.0,95.3,1.4,5,
LC17,lc17-lock-case,lock-cases,hero,/images/products/lc17-lock-case.webp,measured,,white,edge-matched-clone,100.0,0.0,27.7,85.9,23.8,11.5,93.8,-0.6,1,small bounding box
LC17,lc17-lock-case,lock-cases,gallery 1,/images/products/lc17-lock-case-2.webp,measured,,white,edge-matched-clone,98.7,0.0,36.3,93.4,33.9,15.3,100.0,4.5,1,touches canvas edge
LC17,lc17-lock-case,lock-cases,gallery 2,/images/products/lc17-lock-case-3.webp,measured,,white,edge-matched-clone,100.0,0.0,86.3,62.5,54.0,18.3,89.1,-0.2,2,
LC17,lc17-lock-case,lock-cases,gallery 3,/images/products/lc17-lock-case-4.webp,measured,,white,edge-matched-clone,100.0,0.0,91.8,82.0,75.3,8.8,95.7,0.2,4,
LC17,lc17-lock-case,lock-cases,gallery 4,/images/products/lc17-lock-case-5.webp,measured,,white,edge-matched-clone,100.0,0.0,27.0,87.9,23.7,12.8,94.1,-1.8,1,small bounding box
LC17,lc17-lock-case,lock-cases,gallery 5,/images/products/lc17-lock-case-6.webp,manual,edge is not uniformly white or transparent,other / uncertain,boundary-fill,0.0,0.0,,,,,,,,
LC17,lc17-lock-case,lock-cases,gallery 6,/images/products/lc17-lock-case-7.webp,measured,,white,edge-matched-clone,100.0,0.0,54.7,76.6,41.9,13.4,90.2,2.3,1,
LC17,lc17-lock-case,lock-cases,gallery 7,/images/products/lc17-lock-case-8.webp,measured,,white,edge-matched-clone,100.0,0.0,71.1,71.9,51.1,24.1,91.0,3.1,8,
LC18,lc18-lock-case,lock-cases,hero,/images/products/lc18-lock-case.webp,measured,,white,edge-matched-clone,100.0,0.0,23.0,80.1,18.5,12.6,91.4,-0.6,1,small bounding box
LC18,lc18-lock-case,lock-cases,gallery 1,/images/products/lc18-lock-case-2.webp,measured,,white,edge-matched-clone,100.0,0.0,32.8,82.4,27.0,15.4,92.6,3.5,1,small bounding box
LC18,lc18-lock-case,lock-cases,gallery 2,/images/products/lc18-lock-case-3.webp,measured,,white,edge-matched-clone,100.0,0.0,91.4,55.9,51.1,17.4,80.1,0.8,7,
LC18,lc18-lock-case,lock-cases,gallery 3,/images/products/lc18-lock-case-4.webp,measured,,white,edge-matched-clone,100.0,0.0,85.5,45.3,38.8,19.2,70.3,0.6,1,high visual baseline
LC18,lc18-lock-case,lock-cases,gallery 4,/images/products/lc18-lock-case-5.webp,measured,,white,edge-matched-clone,100.0,0.0,84.0,88.3,74.1,8.2,96.1,0.2,15,
LC19,lc19-lock-case,lock-cases,hero,/images/products/lc19-lock-case.webp,measured,,white,edge-matched-clone,100.0,0.0,27.0,88.3,23.8,13.0,94.5,-0.2,1,small bounding box
LC19,lc19-lock-case,lock-cases,gallery 1,/images/products/lc19-lock-case-2.webp,measured,,white,edge-matched-clone,99.2,0.0,43.0,94.9,40.8,16.6,99.6,8.2,1,touches canvas edge
LC19,lc19-lock-case,lock-cases,gallery 2,/images/products/lc19-lock-case-3.webp,measured,,white,edge-matched-clone,100.0,0.0,88.3,71.1,62.8,19.4,87.5,-2.3,7,
LC19,lc19-lock-case,lock-cases,gallery 3,/images/products/lc19-lock-case-4.webp,measured,,white,boundary-fill,99.5,0.0,67.6,89.5,60.5,7.6,98.8,0.6,13,
LC20,lc20-lock-case,lock-cases,hero,/images/products/lc20-lock-case.webp,measured,,white,edge-matched-clone,100.0,0.0,34.4,87.5,30.1,16.5,93.8,4.3,1,
LC20,lc20-lock-case,lock-cases,gallery 1,/images/products/lc20-lock-case-2.webp,measured,,white,edge-matched-clone,100.0,0.0,90.2,63.3,57.1,20.7,80.9,-1.0,6,
LC20,lc20-lock-case,lock-cases,gallery 2,/images/products/lc20-lock-case-3.webp,measured,,white,edge-matched-clone,100.0,0.0,79.3,83.6,66.3,8.2,94.1,-2.1,11,
LC20,lc20-lock-case,lock-cases,gallery 3,/images/products/lc20-lock-case-4.webp,measured,,white,edge-matched-clone,100.0,0.0,22.7,85.9,19.5,13.6,92.2,3.5,1,small bounding box
LC21 85×50mm,lc21-85-50mm-lock-case,lock-cases,hero,/images/products/lc21-85-50mm-lock-case.webp,measured,,white,edge-matched-clone,99.9,0.0,44.5,94.9,42.3,21.7,97.7,7.0,3,
LC21 85×50mm,lc21-85-50mm-lock-case,lock-cases,gallery 1,/images/products/lc21-85-50mm-lock-case-2.webp,measured,,white,edge-matched-clone,100.0,0.0,85.2,60.5,51.6,22.3,82.4,-2.7,3,
LC33-5572,lc33-5572-lock-case,lock-cases,hero,/images/products/lc33-5572-lock-case.webp,measured,,white,none,100.0,0.0,47.3,89.1,42.1,24.7,95.3,4.1,3,
LC33-5572,lc33-5572-lock-case,lock-cases,gallery 1,/images/products/lc33-5572-lock-case-2.webp,measured,,white,edge-matched-clone,100.0,0.0,30.5,89.1,27.1,20.5,94.5,4.7,1,small bounding box
LC33-5572,lc33-5572-lock-case,lock-cases,gallery 2,/images/products/lc33-5572-lock-case-3.webp,manual,edge is not uniformly white or transparent,other / uncertain,edge-matched-clone,97.2,0.0,,,,,,,,
LC34 50×72mm,lc34-50-72mm-lock-case,lock-cases,hero,/images/products/lc34-50-72mm-lock-case.webp,measured,,white,none,100.0,0.0,37.5,90.6,34.0,18.2,95.7,3.5,2,
LC34 50×72mm,lc34-50-72mm-lock-case,lock-cases,gallery 1,/images/products/lc34-50-72mm-lock-case-2.webp,measured,,white,edge-matched-clone,99.5,0.0,85.2,87.1,74.2,7.1,98.4,1.2,9,
LC35 8550,lc35-8550-lock-case,lock-cases,hero,/images/products/lc35-8550-lock-case.webp,measured,,white,edge-matched-clone,99.2,0.0,40.6,93.0,37.8,18.1,100.0,4.3,1,touches canvas edge
LC35 8550,lc35-8550-lock-case,lock-cases,gallery 1,/images/products/lc35-8550-lock-case-2.webp,measured,,white,boundary-fill,99.9,0.0,79.3,87.9,69.7,28.8,97.3,3.7,4,
LC35 8550,lc35-8550-lock-case,lock-cases,gallery 2,/images/products/lc35-8550-lock-case-3.webp,measured,,white,edge-matched-clone,99.2,0.0,97.7,60.9,59.5,23.6,84.8,0.8,3,touches canvas edge
LC35 8550,lc35-8550-lock-case,lock-cases,gallery 3,/images/products/lc35-8550-lock-case-4.webp,measured,,white,boundary-fill,99.9,0.0,84.0,84.0,70.5,31.1,97.7,-2.1,2,
LC35 8550,lc35-8550-lock-case,lock-cases,gallery 4,/images/products/lc35-8550-lock-case-5.webp,manual,edge is not uniformly white or transparent,other / uncertain,boundary-fill,0.0,0.0,,,,,,,,
LC5845,lc5845-lock-case,lock-cases,hero,/images/products/lc5845-lock-case.webp,measured,,white,edge-matched-clone,99.9,0.0,53.1,94.5,50.2,29.5,97.3,5.5,2,
LC5845,lc5845-lock-case,lock-cases,gallery 1,/images/products/lc5845-lock-case-2.webp,measured,,white,edge-matched-clone,100.0,0.0,37.9,90.2,34.2,24.0,95.3,0.2,1,
LC5845,lc5845-lock-case,lock-cases,gallery 2,/images/products/lc5845-lock-case-3.webp,measured,,white,boundary-fill,100.0,0.0,93.4,83.2,77.7,31.6,96.1,0.2,3,
LC5845,lc5845-lock-case,lock-cases,gallery 3,/images/products/lc5845-lock-case-4.webp,manual,edge is not uniformly white or transparent,other / uncertain,boundary-fill,0.0,0.0,,,,,,,,
LC5845,lc5845-lock-case,lock-cases,gallery 4,/images/products/lc5845-lock-case-5.webp,manual,edge is not uniformly white or transparent,other / uncertain,edge-matched-clone,96.3,0.0,,,,,,,,
LC6860,lc6860-lock-case,lock-cases,hero,/images/products/lc6860-lock-case.webp,measured,,white,edge-matched-clone,100.0,0.0,39.8,90.6,36.1,22.4,96.1,5.5,3,
LC6860,lc6860-lock-case,lock-cases,gallery 1,/images/products/lc6860-lock-case-2.webp,measured,,white,edge-matched-clone,98.9,0.0,48.4,89.5,43.3,21.4,97.7,4.3,1,
LC6860,lc6860-lock-case,lock-cases,gallery 2,/images/products/lc6860-lock-case-3.webp,measured,,white,edge-matched-clone,99.7,0.0,93.4,40.6,37.9,19.3,76.6,1.0,1,high visual baseline
LC6860,lc6860-lock-case,lock-cases,gallery 3,/images/products/lc6860-lock-case-4.webp,measured,,white,edge-matched-clone,100.0,0.0,71.1,78.9,56.1,24.5,92.2,3.5,1,
LC6860,lc6860-lock-case,lock-cases,gallery 4,/images/products/lc6860-lock-case-5.webp,measured,,white,edge-matched-clone,100.0,0.0,35.9,87.9,31.6,23.0,94.5,0.4,1,
LC6860,lc6860-lock-case,lock-cases,gallery 5,/images/products/lc6860-lock-case-6.webp,manual,edge is not uniformly white or transparent,other / uncertain,boundary-fill,2.2,0.0,,,,,,,,
LC7065,lc7065-lock-case,lock-cases,hero,/images/products/lc7065-lock-case.webp,measured,,white,edge-matched-clone,100.0,0.0,59.4,78.1,46.4,23.7,89.8,3.5,2,
LC7065,lc7065-lock-case,lock-cases,gallery 1,/images/products/lc7065-lock-case-2.webp,measured,,white,edge-matched-clone,99.9,0.0,93.0,54.3,50.5,22.5,76.6,0.8,3,high visual baseline
LC7065,lc7065-lock-case,lock-cases,gallery 2,/images/products/lc7065-lock-case-3.webp,manual,edge is not uniformly white or transparent,other / uncertain,edge-matched-clone,95.2,0.0,,,,,,,,
LC7065,lc7065-lock-case,lock-cases,gallery 3,/images/products/lc7065-lock-case-4.webp,manual,edge is not uniformly white or transparent,other / uncertain,boundary-fill,0.3,0.0,,,,,,,,
LC7065,lc7065-lock-case,lock-cases,gallery 4,/images/products/lc7065-lock-case-5.webp,manual,edge is not uniformly white or transparent,other / uncertain,boundary-fill,0.5,0.0,,,,,,,,
LC7065,lc7065-lock-case,lock-cases,gallery 5,/images/products/lc7065-lock-case-6.webp,manual,edge is not uniformly white or transparent,other / uncertain,boundary-fill,0.0,0.0,,,,,,,,
LC7065,lc7065-lock-case,lock-cases,gallery 6,/images/products/lc7065-lock-case-7.webp,manual,edge is not uniformly white or transparent,other / uncertain,boundary-fill,0.1,0.0,,,,,,,,
LC7065PS,lc7065ps-lock-case,lock-cases,hero,/images/products/lc7065ps-lock-case.webp,measured,,white,edge-matched-clone,100.0,0.0,80.9,71.5,57.8,26.0,89.8,-0.6,3,
LC7065S,lc7065s-lock-case,lock-cases,hero,/images/products/lc7065s-lock-case.webp,measured,,white,edge-matched-clone,100.0,0.0,77.0,71.5,55.0,25.4,89.8,1.4,4,
LC7065S,lc7065s-lock-case,lock-cases,gallery 1,/images/products/lc7065s-lock-case-2.webp,manual,edge is not uniformly white or transparent,other / uncertain,none,0.1,0.0,,,,,,,,
LC8520,lc8520-lock-case,lock-cases,hero,/images/products/lc8520-lock-case.webp,measured,,white,edge-matched-clone,100.0,0.0,27.7,85.5,23.7,10.1,93.0,3.3,2,small bounding box
LC8520B,lc8520b-lock-case,lock-cases,hero,/images/products/lc8520b-lock-case.webp,measured,,white,edge-matched-clone,100.0,0.0,23.8,90.6,21.6,12.5,96.1,1.4,1,small bounding box
LC8520PS,lc8520ps-lock-case,lock-cases,hero,/images/products/lc8520ps-lock-case.webp,measured,,white,edge-matched-clone,100.0,0.0,28.9,89.5,25.9,11.7,94.9,3.1,3,small bounding box
LC8520PS,lc8520ps-lock-case,lock-cases,gallery 1,/images/products/lc8520ps-lock-case-2.webp,measured,,white,edge-matched-clone,100.0,0.0,28.9,91.4,26.4,12.0,96.9,3.5,1,small bounding box
LC8520PS,lc8520ps-lock-case,lock-cases,gallery 2,/images/products/lc8520ps-lock-case-3.webp,measured,,white,edge-matched-clone,100.0,0.0,82.8,91.8,76.0,5.8,96.1,0.0,5,
LC8520PS,lc8520ps-lock-case,lock-cases,gallery 3,/images/products/lc8520ps-lock-case-4.webp,measured,,white,edge-matched-clone,100.0,0.0,21.5,86.7,18.6,10.5,94.5,1.0,1,small bounding box
LC8525,lc8525-lock-case,lock-cases,hero,/images/products/lc8525-lock-case.webp,measured,,white,edge-matched-clone,100.0,0.0,26.2,91.4,23.9,13.1,95.3,4.1,4,small bounding box
LC8525,lc8525-lock-case,lock-cases,gallery 1,/images/products/lc8525-lock-case-2.webp,measured,,white,edge-matched-clone,99.3,0.0,37.1,94.9,35.2,15.1,99.6,2.5,1,touches canvas edge
LC8525,lc8525-lock-case,lock-cases,gallery 2,/images/products/lc8525-lock-case-3.webp,measured,,white,edge-matched-clone,100.0,0.0,75.4,84.0,63.3,5.2,92.6,0.2,4,
LC8525,lc8525-lock-case,lock-cases,gallery 3,/images/products/lc8525-lock-case-4.webp,manual,edge is not uniformly white or transparent,other / uncertain,none,91.4,0.0,,,,,,,,
LC8525,lc8525-lock-case,lock-cases,gallery 4,/images/products/lc8525-lock-case-5.webp,manual,edge is not uniformly white or transparent,other / uncertain,boundary-fill,0.0,0.0,,,,,,,,
LC8525 PS,lc8525-ps-lock-case,lock-cases,hero,/images/products/lc8525-ps-lock-case.webp,measured,,white,edge-matched-clone,99.7,0.0,23.8,92.2,22.0,15.2,97.3,-1.0,1,small bounding box
LC8525B,lc8525b-lock-case,lock-cases,hero,/images/products/lc8525b-lock-case.webp,measured,,white,edge-matched-clone,100.0,0.0,26.6,92.2,24.5,14.2,96.1,3.1,3,small bounding box
LC8530BK,lc8530bk-lock-case,lock-cases,hero,/images/products/lc8530bk-lock-case.webp,measured,,white,edge-matched-clone,100.0,0.0,29.3,90.6,26.6,14.5,96.5,1.8,1,small bounding box
LC8530PS,lc8530ps-lock-case,lock-cases,hero,/images/products/lc8530ps-lock-case.webp,measured,,white,edge-matched-clone,100.0,0.0,33.2,88.7,29.4,14.0,95.3,5.3,2,small bounding box
LC8535,lc8535-lock-case,lock-cases,hero,/images/products/lc8535-lock-case.webp,measured,,white,edge-matched-clone,100.0,0.0,34.4,89.5,30.7,15.4,94.1,7.8,3,
LC8535,lc8535-lock-case,lock-cases,gallery 1,/images/products/lc8535-lock-case-2.webp,measured,,white,boundary-fill,100.0,0.0,79.7,79.3,63.2,7.4,92.6,2.3,7,
LC8535,lc8535-lock-case,lock-cases,gallery 2,/images/products/lc8535-lock-case-3.webp,measured,,white,edge-matched-clone,100.0,0.0,30.1,87.5,26.3,15.8,94.9,2.9,1,small bounding box
LC8535,lc8535-lock-case,lock-cases,gallery 3,/images/products/lc8535-lock-case-4.webp,manual,edge is not uniformly white or transparent,other / uncertain,boundary-fill,0.0,0.0,,,,,,,,
LC8535,lc8535-lock-case,lock-cases,gallery 4,/images/products/lc8535-lock-case-5.webp,measured,,white,edge-matched-clone,100.0,0.0,84.8,66.8,56.6,24.0,89.8,0.6,1,
LC8535B,lc8535b-lock-case,lock-cases,hero,/images/products/lc8535b-lock-case.webp,measured,,white,edge-matched-clone,100.0,0.0,29.3,86.7,25.4,12.7,94.5,5.3,3,small bounding box
LC9045,lc9045-lock-case,lock-cases,hero,/images/products/lc9045-lock-case.webp,measured,,white,edge-matched-clone,100.0,0.0,77.3,69.9,54.1,24.1,89.8,-1.6,1,
LC9045,lc9045-lock-case,lock-cases,gallery 1,/images/products/lc9045-lock-case-2.webp,manual,edge is not uniformly white or transparent,other / uncertain,none,0.1,0.0,,,,,,,,
LC9230,lc9230-lock-case,lock-cases,hero,/images/products/lc9230-lock-case.webp,measured,,white,edge-matched-clone,100.0,0.0,31.6,88.7,28.1,14.7,95.7,2.9,1,small bounding box
LH1016,lh1016-stainless-steel-handle,stainless-steel-handles,hero,/images/products/lh1016-stainless-steel-handle.webp,measured,,white,edge-matched-clone,100.0,0.0,76.2,53.5,40.8,12.3,80.9,4.5,2,
LH1016,lh1016-stainless-steel-handle,stainless-steel-handles,gallery 1,/images/products/lh1016-stainless-steel-handle-2.webp,measured,,white,edge-matched-clone,100.0,0.0,75.8,66.8,50.6,5.1,84.4,-3.9,8,
LH1016,lh1016-stainless-steel-handle,stainless-steel-handles,gallery 2,/images/products/lh1016-stainless-steel-handle-3.webp,measured,,white,edge-matched-clone,100.0,0.0,92.2,46.5,42.9,19.0,75.4,0.8,1,high visual baseline
LH1016,lh1016-stainless-steel-handle,stainless-steel-handles,gallery 3,/images/products/lh1016-stainless-steel-handle-4.webp,manual,edge is not uniformly white or transparent,other / uncertain,boundary-fill,8.1,0.0,,,,,,,,
LH1033 SS,lh1033-ss-stainless-steel-handle,stainless-steel-handles,hero,/images/products/lh1033-ss-stainless-steel-handle.webp,measured,,white,edge-matched-clone,100.0,0.0,83.6,57.0,47.7,13.6,81.3,3.9,2,
LH1033 SS,lh1033-ss-stainless-steel-handle,stainless-steel-handles,gallery 1,/images/products/lh1033-ss-stainless-steel-handle-2.webp,measured,,white,edge-matched-clone,100.0,0.0,87.9,52.0,45.7,16.4,77.7,0.6,1,high visual baseline
LH1033 SS,lh1033-ss-stainless-steel-handle,stainless-steel-handles,gallery 2,/images/products/lh1033-ss-stainless-steel-handle-3.webp,measured,,white,edge-matched-clone,99.6,0.0,87.9,69.1,60.8,24.6,85.2,0.2,3,
LH1033 SS,lh1033-ss-stainless-steel-handle,stainless-steel-handles,gallery 3,/images/products/lh1033-ss-stainless-steel-handle-4.webp,measured,,white,edge-matched-clone,99.7,0.0,94.5,85.2,80.5,4.5,95.7,1.2,9,
LH1033 SS,lh1033-ss-stainless-steel-handle,stainless-steel-handles,gallery 4,/images/products/lh1033-ss-stainless-steel-handle-5.webp,manual,edge is not uniformly white or transparent,other / uncertain,boundary-fill,1.8,0.0,,,,,,,,
LH1056 SS,lh1056-ss-stainless-steel-handle,stainless-steel-handles,hero,/images/products/lh1056-ss-stainless-steel-handle.webp,measured,,white,edge-matched-clone,100.0,0.0,73.8,55.9,41.2,14.5,82.0,4.5,2,
LH1056 SS,lh1056-ss-stainless-steel-handle,stainless-steel-handles,gallery 1,/images/products/lh1056-ss-stainless-steel-handle-2.webp,measured,,white,edge-matched-clone,100.0,0.0,90.6,60.9,55.2,18.8,83.6,1.6,2,
LH1056 SS,lh1056-ss-stainless-steel-handle,stainless-steel-handles,gallery 2,/images/products/lh1056-ss-stainless-steel-handle-3.webp,measured,,white,edge-matched-clone,99.9,0.0,89.8,74.6,67.0,24.0,90.2,2.0,2,
LH1056 SS,lh1056-ss-stainless-steel-handle,stainless-steel-handles,gallery 3,/images/products/lh1056-ss-stainless-steel-handle-4.webp,measured,,white,edge-matched-clone,100.0,0.0,74.6,62.1,46.3,12.6,87.5,3.7,1,
LH1056 SS,lh1056-ss-stainless-steel-handle,stainless-steel-handles,gallery 4,/images/products/lh1056-ss-stainless-steel-handle-5.webp,manual,edge is not uniformly white or transparent,other / uncertain,boundary-fill,12.6,0.0,,,,,,,,
LH1056 SS,lh1056-ss-stainless-steel-handle,stainless-steel-handles,gallery 5,/images/products/lh1056-ss-stainless-steel-handle-6.webp,measured,,white,edge-matched-clone,100.0,0.0,85.5,70.3,60.2,4.2,88.3,1.4,9,
LH1083 SS,lh1083-ss-stainless-steel-handle,stainless-steel-handles,hero,/images/products/lh1083-ss-stainless-steel-handle.webp,measured,,white,edge-matched-clone,100.0,0.0,74.6,58.2,43.4,10.8,84.0,1.0,2,
LH1083 SS,lh1083-ss-stainless-steel-handle,stainless-steel-handles,gallery 1,/images/products/lh1083-ss-stainless-steel-handle-2.webp,measured,,white,edge-matched-clone,100.0,0.0,86.3,43.0,37.1,12.4,71.9,-1.0,1,high visual baseline
LH1083 SS,lh1083-ss-stainless-steel-handle,stainless-steel-handles,gallery 2,/images/products/lh1083-ss-stainless-steel-handle-3.webp,measured,,white,edge-matched-clone,100.0,0.0,87.9,29.3,25.7,12.6,66.4,0.6,1,small bounding box; high visual baseline
LH1083 SS,lh1083-ss-stainless-steel-handle,stainless-steel-handles,gallery 3,/images/products/lh1083-ss-stainless-steel-handle-4.webp,manual,edge is not uniformly white or transparent,other / uncertain,boundary-fill,0.0,0.0,,,,,,,,
LH1083 SS,lh1083-ss-stainless-steel-handle,stainless-steel-handles,gallery 4,/images/products/lh1083-ss-stainless-steel-handle-5.webp,manual,edge is not uniformly white or transparent,other / uncertain,boundary-fill,0.2,0.0,,,,,,,,
LH1083,lh1083-stainless-steel-handle,stainless-steel-handles,hero,/images/products/lh1083-stainless-steel-handle.webp,measured,,white,edge-matched-clone,99.8,0.0,94.5,60.2,56.9,12.9,82.4,-0.4,2,
LH1083,lh1083-stainless-steel-handle,stainless-steel-handles,gallery 1,/images/products/lh1083-stainless-steel-handle-2.webp,measured,,white,edge-matched-clone,99.5,0.0,95.3,42.6,40.6,10.5,71.5,0.0,2,high visual baseline
LH1083,lh1083-stainless-steel-handle,stainless-steel-handles,gallery 2,/images/products/lh1083-stainless-steel-handle-3.webp,measured,,white,edge-matched-clone,100.0,0.0,59.0,73.8,43.5,9.4,90.2,11.5,1,off-center
LH1083,lh1083-stainless-steel-handle,stainless-steel-handles,gallery 3,/images/products/lh1083-stainless-steel-handle-4.webp,measured,,white,edge-matched-clone,100.0,0.0,52.7,80.1,42.2,9.7,90.2,-19.7,1,off-center
LH1083,lh1083-stainless-steel-handle,stainless-steel-handles,gallery 4,/images/products/lh1083-stainless-steel-handle-5.webp,manual,edge is not uniformly white or transparent,other / uncertain,none,5.6,0.0,,,,,,,,
LH1085 SS,lh1085-ss-stainless-steel-handle,stainless-steel-handles,hero,/images/products/lh1085-ss-stainless-steel-handle.webp,manual,edge is not uniformly white or transparent,other / uncertain,edge-matched-clone,97.0,0.0,,,,,,,,
LH1085 SS,lh1085-ss-stainless-steel-handle,stainless-steel-handles,gallery 1,/images/products/lh1085-ss-stainless-steel-handle-2.webp,measured,,white,edge-matched-clone,100.0,0.0,52.7,90.6,47.8,21.5,96.9,-13.1,1,off-center
LH1085 SS,lh1085-ss-stainless-steel-handle,stainless-steel-handles,gallery 2,/images/products/lh1085-ss-stainless-steel-handle-3.webp,manual,edge is not uniformly white or transparent,other / uncertain,boundary-fill,0.0,0.0,,,,,,,,
LH851,lh851-lever-handle,lever-handles,hero,/images/products/lh851-lever-handle.webp,measured,,white,edge-matched-clone,100.0,0.0,87.5,43.8,38.3,13.6,73.0,2.0,1,high visual baseline
LH851,lh851-lever-handle,lever-handles,gallery 1,/images/products/lh851-lever-handle-2.webp,manual,edge is not uniformly white or transparent,other / uncertain,boundary-fill,0.0,0.0,,,,,,,,
LH851,lh851-lever-handle,lever-handles,gallery 2,/images/products/lh851-lever-handle-3.webp,measured,,white,edge-matched-clone,100.0,0.0,93.8,59.0,55.3,19.8,79.3,0.0,1,
LH851,lh851-lever-handle,lever-handles,gallery 3,/images/products/lh851-lever-handle-4.webp,measured,,white,edge-matched-clone,100.0,0.0,89.5,75.4,67.4,22.1,93.8,1.4,1,
LH851,lh851-lever-handle,lever-handles,gallery 4,/images/products/lh851-lever-handle-5.webp,measured,,white,edge-matched-clone,100.0,0.0,75.0,87.9,65.9,49.0,94.1,2.7,1,
LH851,lh851-lever-handle,lever-handles,gallery 5,/images/products/lh851-lever-handle-6.webp,measured,,white,edge-matched-clone,100.0,0.0,90.6,41.4,37.5,18.5,73.0,0.0,2,high visual baseline
LH852 BNBK,lh852-bnbk-lever-handle,lever-handles,hero,/images/products/lh852-bnbk-lever-handle.webp,measured,,white,edge-matched-clone,100.0,0.0,84.4,57.0,48.1,22.7,77.3,3.5,1,high visual baseline
LH852 BNBK,lh852-bnbk-lever-handle,lever-handles,gallery 1,/images/products/lh852-bnbk-lever-handle-2.webp,manual,edge is not uniformly white or transparent,other / uncertain,boundary-fill,2.9,0.0,,,,,,,,
LH852 BNBK,lh852-bnbk-lever-handle,lever-handles,gallery 2,/images/products/lh852-bnbk-lever-handle-3.webp,measured,,white,boundary-fill,100.0,0.0,93.8,70.7,66.3,27.9,85.5,0.0,1,
LH852 BNBK,lh852-bnbk-lever-handle,lever-handles,gallery 3,/images/products/lh852-bnbk-lever-handle-4.webp,measured,,white,edge-matched-clone,100.0,0.0,90.6,76.2,69.0,18.0,92.6,0.0,11,
LH852 BNBK,lh852-bnbk-lever-handle,lever-handles,gallery 4,/images/products/lh852-bnbk-lever-handle-5.webp,measured,,white,edge-matched-clone,100.0,0.0,90.6,76.6,69.4,28.1,90.2,-1.6,1,
LH852 BNBK,lh852-bnbk-lever-handle,lever-handles,gallery 5,/images/products/lh852-bnbk-lever-handle-6.webp,measured,,white,edge-matched-clone,100.0,0.0,89.1,68.8,61.2,6.1,87.5,0.0,2,
LH852 BNBK,lh852-bnbk-lever-handle,lever-handles,gallery 6,/images/products/lh852-bnbk-lever-handle-7.webp,measured,,white,edge-matched-clone,100.0,0.0,89.5,59.8,53.5,21.4,77.7,-0.2,3,high visual baseline
LH852 BNET,lh852-bnet-lever-handle,lever-handles,hero,/images/products/lh852-bnet-lever-handle.webp,measured,,white,none,100.0,0.0,80.5,54.3,43.7,20.6,77.3,2.3,1,high visual baseline
LH852 BNET,lh852-bnet-lever-handle,lever-handles,gallery 1,/images/products/lh852-bnet-lever-handle-2.webp,measured,,white,edge-matched-clone,100.0,0.0,86.7,60.2,52.2,29.5,79.7,-1.2,1,
LH852 BNET,lh852-bnet-lever-handle,lever-handles,gallery 2,/images/products/lh852-bnet-lever-handle-3.webp,measured,,white,edge-matched-clone,100.0,0.0,85.9,64.8,55.7,20.5,85.5,0.0,1,
LH852 BNET,lh852-bnet-lever-handle,lever-handles,gallery 3,/images/products/lh852-bnet-lever-handle-4.webp,measured,,white,edge-matched-clone,99.0,0.0,89.8,87.9,79.0,30.1,97.7,0.8,9,
LH852 BNET,lh852-bnet-lever-handle,lever-handles,gallery 4,/images/products/lh852-bnet-lever-handle-5.webp,measured,,white,boundary-fill,99.6,0.0,93.0,97.3,90.4,26.9,99.6,0.4,13,touches canvas edge
LH852 BNET,lh852-bnet-lever-handle,lever-handles,gallery 5,/images/products/lh852-bnet-lever-handle-6.webp,manual,edge is not uniformly white or transparent,other / uncertain,boundary-fill,0.2,0.0,,,,,,,,
LH852 BNET,lh852-bnet-lever-handle,lever-handles,gallery 6,/images/products/lh852-bnet-lever-handle-7.webp,manual,edge is not uniformly white or transparent,other / uncertain,boundary-fill,0.0,0.0,,,,,,,,
LH852 BNPS,lh852-bnps-lever-handle,lever-handles,hero,/images/products/lh852-bnps-lever-handle.webp,measured,,white,none,100.0,0.0,80.1,54.3,43.5,20.6,77.3,2.5,1,high visual baseline
LH852 BNPS,lh852-bnps-lever-handle,lever-handles,gallery 1,/images/products/lh852-bnps-lever-handle-2.webp,manual,edge is not uniformly white or transparent,other / uncertain,boundary-fill,0.0,0.0,,,,,,,,
LH852 BNPS,lh852-bnps-lever-handle,lever-handles,gallery 2,/images/products/lh852-bnps-lever-handle-3.webp,measured,,white,edge-matched-clone,100.0,0.0,87.5,76.6,67.0,27.8,90.2,-0.4,1,
LH852 BNPS,lh852-bnps-lever-handle,lever-handles,gallery 3,/images/products/lh852-bnps-lever-handle-4.webp,measured,,white,edge-matched-clone,100.0,0.0,89.5,59.8,53.5,21.3,77.7,-0.2,3,high visual baseline
LH852 BNPS,lh852-bnps-lever-handle,lever-handles,gallery 4,/images/products/lh852-bnps-lever-handle-5.webp,manual,edge is not uniformly white or transparent,other / uncertain,edge-matched-clone,97.7,0.0,,,,,,,,
LH852 BNPS,lh852-bnps-lever-handle,lever-handles,gallery 5,/images/products/lh852-bnps-lever-handle-6.webp,measured,,white,boundary-fill,99.3,0.0,93.4,98.0,91.5,26.8,100.0,1.0,12,touches canvas edge
LH852 GMBK,lh852-gmbk-lever-handle,lever-handles,hero,/images/products/lh852-gmbk-lever-handle.webp,manual,possible separate corner logo or label,white,none,100.0,0.0,,,,,,,,
LH852 GMBK,lh852-gmbk-lever-handle,lever-handles,gallery 1,/images/products/lh852-gmbk-lever-handle-2.webp,manual,possible separate corner logo or label,white,none,99.7,0.0,,,,,,,,
LH852 GMBK,lh852-gmbk-lever-handle,lever-handles,gallery 2,/images/products/lh852-gmbk-lever-handle-3.webp,manual,edge is not uniformly white or transparent,other / uncertain,none,41.9,0.0,,,,,,,,
LH852 GMBK,lh852-gmbk-lever-handle,lever-handles,gallery 3,/images/products/lh852-gmbk-lever-handle-4.webp,manual,edge is not uniformly white or transparent,other / uncertain,none,97.5,0.0,,,,,,,,
LH852 GMBK,lh852-gmbk-lever-handle,lever-handles,gallery 4,/images/products/lh852-gmbk-lever-handle-5.webp,manual,edge is not uniformly white or transparent,other / uncertain,none,0.0,0.0,,,,,,,,
LH852 GMBK,lh852-gmbk-lever-handle,lever-handles,gallery 5,/images/products/lh852-gmbk-lever-handle-6.webp,manual,edge is not uniformly white or transparent,other / uncertain,none,0.1,0.0,,,,,,,,
LH853 CPBK,lh853-cpbk-lever-handle,lever-handles,hero,/images/products/lh853-cpbk-lever-handle.webp,measured,,white,edge-matched-clone,99.9,0.0,91.4,46.9,42.8,19.6,71.9,1.6,1,high visual baseline
LH853 CPPS,lh853-cpps-lever-handle,lever-handles,hero,/images/products/lh853-cpps-lever-handle.webp,measured,,white,edge-matched-clone,99.8,0.0,91.4,46.9,42.8,19.6,74.6,2.0,1,high visual baseline
LH853 SNBK,lh853-snbk-lever-handle,lever-handles,hero,/images/products/lh853-snbk-lever-handle.webp,measured,,white,edge-matched-clone,100.0,0.0,90.6,51.2,46.4,20.0,75.8,1.6,1,high visual baseline
LH853 SNBK,lh853-snbk-lever-handle,lever-handles,gallery 1,/images/products/lh853-snbk-lever-handle-2.webp,measured,,white,edge-matched-clone,100.0,0.0,93.8,59.4,55.7,23.3,82.8,0.4,1,
LH853 SNBK,lh853-snbk-lever-handle,lever-handles,gallery 2,/images/products/lh853-snbk-lever-handle-3.webp,measured,,white,edge-matched-clone,100.0,0.0,86.7,69.5,60.3,22.7,87.5,0.0,4,
LH853 SNBK,lh853-snbk-lever-handle,lever-handles,gallery 3,/images/products/lh853-snbk-lever-handle-4.webp,measured,,white,edge-matched-clone,100.0,0.0,91.4,80.5,73.6,8.9,94.5,0.0,6,
LH853 SNBK,lh853-snbk-lever-handle,lever-handles,gallery 4,/images/products/lh853-snbk-lever-handle-5.webp,manual,edge is not uniformly white or transparent,other / uncertain,boundary-fill,3.0,0.0,,,,,,,,
LH853 SNBK,lh853-snbk-lever-handle,lever-handles,gallery 5,/images/products/lh853-snbk-lever-handle-6.webp,measured,,white,edge-matched-clone,100.0,0.0,85.5,60.5,51.8,21.6,86.7,1.8,1,
LH853 SNET,lh853-snet-lever-handle,lever-handles,hero,/images/products/lh853-snet-lever-handle.webp,measured,,white,edge-matched-clone,100.0,0.0,91.4,51.2,46.8,20.0,75.8,1.2,1,high visual baseline
LH853 SNET,lh853-snet-lever-handle,lever-handles,gallery 1,/images/products/lh853-snet-lever-handle-2.webp,measured,,white,edge-matched-clone,100.0,0.0,93.8,59.0,55.3,23.4,79.7,0.4,1,
LH853 SNET,lh853-snet-lever-handle,lever-handles,gallery 2,/images/products/lh853-snet-lever-handle-3.webp,measured,,white,edge-matched-clone,100.0,0.0,90.6,80.1,72.6,9.6,96.5,0.0,8,
LH853 SNET,lh853-snet-lever-handle,lever-handles,gallery 3,/images/products/lh853-snet-lever-handle-4.webp,measured,,white,edge-matched-clone,100.0,0.0,91.4,69.1,63.2,25.0,87.5,-1.2,5,
LH853 SNET,lh853-snet-lever-handle,lever-handles,gallery 4,/images/products/lh853-snet-lever-handle-5.webp,manual,edge is not uniformly white or transparent,other / uncertain,boundary-fill,1.9,0.0,,,,,,,,
LH853 SNET,lh853-snet-lever-handle,lever-handles,gallery 5,/images/products/lh853-snet-lever-handle-6.webp,measured,,white,edge-matched-clone,100.0,0.0,80.1,77.0,61.6,21.2,96.9,1.8,1,
LH853 SNPS,lh853-snps-lever-handle,lever-handles,hero,/images/products/lh853-snps-lever-handle.webp,measured,,white,edge-matched-clone,100.0,0.0,90.6,51.2,46.4,20.0,75.8,1.2,1,high visual baseline
LH853 SNPS,lh853-snps-lever-handle,lever-handles,gallery 1,/images/products/lh853-snps-lever-handle-2.webp,measured,,white,edge-matched-clone,99.7,0.0,94.9,68.8,65.3,22.4,87.1,0.2,6,
LH853 SNPS,lh853-snps-lever-handle,lever-handles,gallery 2,/images/products/lh853-snps-lever-handle-3.webp,measured,,white,edge-matched-clone,100.0,0.0,93.8,59.4,55.7,23.0,83.2,-0.4,1,
LH853 SNPS,lh853-snps-lever-handle,lever-handles,gallery 3,/images/products/lh853-snps-lever-handle-4.webp,measured,,white,edge-matched-clone,100.0,0.0,89.8,79.3,71.2,9.1,95.3,0.0,7,
LH853 SNPS,lh853-snps-lever-handle,lever-handles,gallery 4,/images/products/lh853-snps-lever-handle-5.webp,manual,edge is not uniformly white or transparent,other / uncertain,boundary-fill,0.1,0.0,,,,,,,,
LH853 SNPS,lh853-snps-lever-handle,lever-handles,gallery 5,/images/products/lh853-snps-lever-handle-6.webp,measured,,white,edge-matched-clone,100.0,0.0,81.6,61.7,50.4,21.9,88.3,-0.2,1,
LH854,lh854-lever-handle,lever-handles,hero,/images/products/lh854-lever-handle.webp,measured,,white,none,100.0,0.0,88.3,49.2,43.5,19.2,74.6,0.0,1,high visual baseline
LH854,lh854-lever-handle,lever-handles,gallery 1,/images/products/lh854-lever-handle-2.webp,measured,,white,none,99.9,0.0,94.1,55.5,52.2,22.0,78.5,-0.2,1,
LH854,lh854-lever-handle,lever-handles,gallery 2,/images/products/lh854-lever-handle-3.webp,measured,,white,none,99.9,0.0,88.3,89.1,78.6,27.8,97.3,-0.4,6,
LH854,lh854-lever-handle,lever-handles,gallery 3,/images/products/lh854-lever-handle-4.webp,measured,,white,none,100.0,0.0,92.2,75.0,69.1,9.5,87.5,0.0,4,
LH854,lh854-lever-handle,lever-handles,gallery 4,/images/products/lh854-lever-handle-5.webp,manual,edge is not uniformly white or transparent,other / uncertain,none,0.0,0.0,,,,,,,,
LH854 SNET,lh854-snet-lever-handle,lever-handles,hero,/images/products/lh854-snet-lever-handle.webp,measured,,white,edge-matched-clone,100.0,0.0,87.9,49.2,43.3,19.3,74.6,2.1,1,high visual baseline
LH854 SNET,lh854-snet-lever-handle,lever-handles,gallery 1,/images/products/lh854-snet-lever-handle-2.webp,measured,,white,edge-matched-clone,99.9,0.0,94.1,55.5,52.2,22.1,78.5,-0.2,1,
LH854 SNET,lh854-snet-lever-handle,lever-handles,gallery 2,/images/products/lh854-snet-lever-handle-3.webp,manual,known logo exclusion may touch product,white,boundary-fill,99.3,0.0,,,,,,,,
LH854 SNET,lh854-snet-lever-handle,lever-handles,gallery 3,/images/products/lh854-snet-lever-handle-4.webp,measured,,white,edge-matched-clone,100.0,0.0,92.2,74.6,68.8,9.5,91.8,-0.4,6,
LH854 SNET,lh854-snet-lever-handle,lever-handles,gallery 4,/images/products/lh854-snet-lever-handle-5.webp,manual,edge is not uniformly white or transparent,other / uncertain,boundary-fill,2.0,0.0,,,,,,,,
LH854 SNET,lh854-snet-lever-handle,lever-handles,gallery 5,/images/products/lh854-snet-lever-handle-6.webp,manual,edge is not uniformly white or transparent,other / uncertain,boundary-fill,5.8,0.0,,,,,,,,
LH854 SNET,lh854-snet-lever-handle,lever-handles,gallery 6,/images/products/lh854-snet-lever-handle-7.webp,measured,,white,edge-matched-clone,100.0,0.0,88.3,75.4,66.6,21.3,93.4,0.0,1,
LH855 BNBK,lh855-bnbk-lever-handle,lever-handles,hero,/images/products/lh855-bnbk-lever-handle.webp,measured,,white,edge-matched-clone,100.0,0.0,83.6,46.5,38.9,18.5,74.2,2.0,1,high visual baseline
LH855 BNBK,lh855-bnbk-lever-handle,lever-handles,gallery 1,/images/products/lh855-bnbk-lever-handle-2.webp,measured,,white,edge-matched-clone,100.0,0.0,76.2,52.7,40.2,23.1,80.5,-2.1,1,
LH855 BNBK,lh855-bnbk-lever-handle,lever-handles,gallery 2,/images/products/lh855-bnbk-lever-handle-3.webp,measured,,white,edge-matched-clone,98.8,0.0,96.9,48.8,47.3,18.4,75.8,0.0,2,high visual baseline
LH855 BNBK,lh855-bnbk-lever-handle,lever-handles,gallery 3,/images/products/lh855-bnbk-lever-handle-4.webp,measured,,white,edge-matched-clone,99.2,0.0,97.3,77.0,74.8,19.3,92.2,0.2,6,
LH855 BNBK,lh855-bnbk-lever-handle,lever-handles,gallery 4,/images/products/lh855-bnbk-lever-handle-5.webp,measured,,white,boundary-fill,100.0,0.0,88.7,85.9,76.2,28.0,95.7,1.0,2,
LH855 BNBK,lh855-bnbk-lever-handle,lever-handles,gallery 5,/images/products/lh855-bnbk-lever-handle-6.webp,manual,edge is not uniformly white or transparent,other / uncertain,boundary-fill,0.0,0.0,,,,,,,,
LH855 BNBK,lh855-bnbk-lever-handle,lever-handles,gallery 6,/images/products/lh855-bnbk-lever-handle-7.webp,manual,edge is not uniformly white or transparent,other / uncertain,boundary-fill,0.0,0.0,,,,,,,,
LH855,lh855-lever-handle,lever-handles,hero,/images/products/lh855-lever-handle.webp,measured,,white,none,100.0,0.0,83.6,46.1,38.5,18.5,73.8,2.0,1,high visual baseline
LH855,lh855-lever-handle,lever-handles,gallery 1,/images/products/lh855-lever-handle-2.webp,manual,edge is not uniformly white or transparent,other / uncertain,none,0.0,0.0,,,,,,,,
LH855,lh855-lever-handle,lever-handles,gallery 2,/images/products/lh855-lever-handle-3.webp,manual,edge is not uniformly white or transparent,other / uncertain,none,0.1,0.0,,,,,,,,
LH855,lh855-lever-handle,lever-handles,gallery 3,/images/products/lh855-lever-handle-4.webp,measured,,white,none,100.0,0.0,76.2,52.7,40.2,23.2,80.5,-2.1,1,
LH855,lh855-lever-handle,lever-handles,gallery 4,/images/products/lh855-lever-handle-5.webp,manual,edge is not uniformly white or transparent,other / uncertain,none,0.3,0.0,,,,,,,,
LH855,lh855-lever-handle,lever-handles,gallery 5,/images/products/lh855-lever-handle-6.webp,manual,edge is not uniformly white or transparent,other / uncertain,none,4.5,0.0,,,,,,,,
LH855,lh855-lever-handle,lever-handles,gallery 6,/images/products/lh855-lever-handle-7.webp,measured,,white,none,98.9,0.0,96.9,48.8,47.3,18.4,75.8,0.0,2,high visual baseline
LH855,lh855-lever-handle,lever-handles,gallery 7,/images/products/lh855-lever-handle-8.webp,measured,,white,none,100.0,0.0,91.8,84.4,77.5,23.5,93.4,-0.6,9,
LH855 SNBK,lh855-snbk-lever-handle,lever-handles,hero,/images/products/lh855-snbk-lever-handle.webp,measured,,white,edge-matched-clone,100.0,0.0,83.6,49.2,41.1,17.3,73.4,2.3,1,high visual baseline
LH855 SNBK,lh855-snbk-lever-handle,lever-handles,gallery 1,/images/products/lh855-snbk-lever-handle-2.webp,measured,,white,edge-matched-clone,99.9,0.0,92.6,53.9,49.9,25.2,78.9,1.0,1,
LH855 SNBK,lh855-snbk-lever-handle,lever-handles,gallery 2,/images/products/lh855-snbk-lever-handle-3.webp,manual,edge is not uniformly white or transparent,other / uncertain,none,1.2,0.0,,,,,,,,
LH855 SNBK,lh855-snbk-lever-handle,lever-handles,gallery 3,/images/products/lh855-snbk-lever-handle-4.webp,manual,edge is not uniformly white or transparent,other / uncertain,none,52.1,0.0,,,,,,,,
LH855 SNBK,lh855-snbk-lever-handle,lever-handles,gallery 4,/images/products/lh855-snbk-lever-handle-5.webp,manual,edge is not uniformly white or transparent,other / uncertain,boundary-fill,0.0,0.0,,,,,,,,
LH855 SNBK,lh855-snbk-lever-handle,lever-handles,gallery 5,/images/products/lh855-snbk-lever-handle-6.webp,manual,edge is not uniformly white or transparent,other / uncertain,boundary-fill,0.0,0.0,,,,,,,,
LH855 SNET,lh855-snet-lever-handle,lever-handles,hero,/images/products/lh855-snet-lever-handle.webp,measured,,white,edge-matched-clone,100.0,0.0,83.6,49.2,41.1,17.3,74.2,1.2,1,high visual baseline
LH855 SNET,lh855-snet-lever-handle,lever-handles,gallery 1,/images/products/lh855-snet-lever-handle-2.webp,measured,,white,edge-matched-clone,100.0,0.0,91.8,84.0,77.1,23.7,93.4,-0.6,8,
LH855 SNET,lh855-snet-lever-handle,lever-handles,gallery 2,/images/products/lh855-snet-lever-handle-3.webp,measured,,white,edge-matched-clone,99.9,0.0,92.6,53.5,49.5,25.2,77.0,1.0,1,high visual baseline
LH855 SNET,lh855-snet-lever-handle,lever-handles,gallery 3,/images/products/lh855-snet-lever-handle-4.webp,manual,edge is not uniformly white or transparent,other / uncertain,none,1.2,0.0,,,,,,,,
LH855 SNET,lh855-snet-lever-handle,lever-handles,gallery 4,/images/products/lh855-snet-lever-handle-5.webp,manual,edge is not uniformly white or transparent,other / uncertain,none,51.5,0.0,,,,,,,,
LH855 SNET,lh855-snet-lever-handle,lever-handles,gallery 5,/images/products/lh855-snet-lever-handle-6.webp,manual,edge is not uniformly white or transparent,other / uncertain,boundary-fill,4.5,0.0,,,,,,,,
LH855 SNET,lh855-snet-lever-handle,lever-handles,gallery 6,/images/products/lh855-snet-lever-handle-7.webp,manual,edge is not uniformly white or transparent,other / uncertain,boundary-fill,5.2,0.0,,,,,,,,
NC013,nc013-stainless-steel-handle,stainless-steel-handles,hero,/images/products/nc013-stainless-steel-handle.webp,measured,,white,edge-matched-clone,100.0,0.0,77.0,56.6,43.6,12.2,81.6,2.9,2,
NC013,nc013-stainless-steel-handle,stainless-steel-handles,gallery 1,/images/products/nc013-stainless-steel-handle-2.webp,measured,,white,edge-matched-clone,100.0,0.0,70.3,66.8,47.0,13.7,86.3,2.3,1,
NC013,nc013-stainless-steel-handle,stainless-steel-handles,gallery 2,/images/products/nc013-stainless-steel-handle-3.webp,manual,edge is not uniformly white or transparent,other / uncertain,boundary-fill,5.0,0.0,,,,,,,,
NC013,nc013-stainless-steel-handle,stainless-steel-handles,gallery 3,/images/products/nc013-stainless-steel-handle-4.webp,measured,,white,edge-matched-clone,100.0,0.0,87.1,41.8,36.4,13.5,74.2,1.8,1,high visual baseline
NC013,nc013-stainless-steel-handle,stainless-steel-handles,gallery 4,/images/products/nc013-stainless-steel-handle-5.webp,measured,,white,edge-matched-clone,100.0,0.0,77.3,63.3,48.9,12.6,86.3,3.5,3,
NC046,nc046-stainless-steel-handle,stainless-steel-handles,hero,/images/products/nc046-stainless-steel-handle.webp,measured,,white,edge-matched-clone,100.0,0.0,75.0,57.8,43.4,13.4,84.0,4.3,2,
NC046,nc046-stainless-steel-handle,stainless-steel-handles,gallery 1,/images/products/nc046-stainless-steel-handle-2.webp,measured,,white,edge-matched-clone,100.0,0.0,78.9,55.1,43.5,15.4,79.7,1.6,1,
NC046,nc046-stainless-steel-handle,stainless-steel-handles,gallery 2,/images/products/nc046-stainless-steel-handle-3.webp,manual,edge is not uniformly white or transparent,other / uncertain,edge-matched-clone,11.5,0.0,,,,,,,,
NC046,nc046-stainless-steel-handle,stainless-steel-handles,gallery 3,/images/products/nc046-stainless-steel-handle-4.webp,measured,,white,edge-matched-clone,100.0,0.0,86.3,32.8,28.3,13.0,66.0,-0.6,1,small bounding box; high visual baseline
NC046,nc046-stainless-steel-handle,stainless-steel-handles,gallery 4,/images/products/nc046-stainless-steel-handle-5.webp,measured,,white,edge-matched-clone,100.0,0.0,75.0,64.5,48.3,13.8,84.0,4.3,3,
NC053,nc053-stainless-steel-handle,stainless-steel-handles,hero,/images/products/nc053-stainless-steel-handle.webp,measured,,white,edge-matched-clone,100.0,0.0,71.1,55.9,39.7,15.7,80.9,3.9,2,
NC053,nc053-stainless-steel-handle,stainless-steel-handles,gallery 1,/images/products/nc053-stainless-steel-handle-2.webp,measured,,white,edge-matched-clone,100.0,0.0,78.5,60.9,47.8,21.7,84.4,0.2,1,
NC053,nc053-stainless-steel-handle,stainless-steel-handles,gallery 2,/images/products/nc053-stainless-steel-handle-3.webp,measured,,white,edge-matched-clone,100.0,0.0,52.7,59.0,31.1,18.1,82.0,1.0,1,
NC053,nc053-stainless-steel-handle,stainless-steel-handles,gallery 3,/images/products/nc053-stainless-steel-handle-4.webp,manual,edge is not uniformly white or transparent,other / uncertain,boundary-fill,2.6,0.0,,,,,,,,
NC053,nc053-stainless-steel-handle,stainless-steel-handles,gallery 4,/images/products/nc053-stainless-steel-handle-5.webp,measured,,white,edge-matched-clone,100.0,0.0,71.5,64.5,46.1,16.4,86.7,3.7,3,
NC068,nc068-stainless-steel-handle,stainless-steel-handles,hero,/images/products/nc068-stainless-steel-handle.webp,measured,,white,edge-matched-clone,100.0,0.0,66.8,57.8,38.6,15.4,84.4,4.1,2,
NC068,nc068-stainless-steel-handle,stainless-steel-handles,gallery 1,/images/products/nc068-stainless-steel-handle-2.webp,measured,,white,edge-matched-clone,100.0,0.0,68.0,68.4,46.5,19.5,90.6,2.7,1,
NC068,nc068-stainless-steel-handle,stainless-steel-handles,gallery 2,/images/products/nc068-stainless-steel-handle-3.webp,manual,edge is not uniformly white or transparent,other / uncertain,boundary-fill,0.0,0.0,,,,,,,,
NC068,nc068-stainless-steel-handle,stainless-steel-handles,gallery 3,/images/products/nc068-stainless-steel-handle-4.webp,measured,,white,edge-matched-clone,100.0,0.0,67.2,64.5,43.3,16.0,86.3,3.9,3,
NC181,nc181-stainless-steel-handle,stainless-steel-handles,hero,/images/products/nc181-stainless-steel-handle.webp,measured,,white,edge-matched-clone,100.0,0.0,57.0,57.0,32.5,14.0,81.6,3.1,2,
NC181,nc181-stainless-steel-handle,stainless-steel-handles,gallery 1,/images/products/nc181-stainless-steel-handle-2.webp,measured,,white,edge-matched-clone,100.0,0.0,77.3,60.2,46.5,24.0,80.5,2.0,1,
NC181,nc181-stainless-steel-handle,stainless-steel-handles,gallery 2,/images/products/nc181-stainless-steel-handle-3.webp,manual,edge is not uniformly white or transparent,other / uncertain,boundary-fill,0.0,0.0,,,,,,,,
NC181,nc181-stainless-steel-handle,stainless-steel-handles,gallery 3,/images/products/nc181-stainless-steel-handle-4.webp,measured,,white,edge-matched-clone,100.0,0.0,57.0,62.9,35.9,14.5,84.0,5.5,3,
NC182,nc182-stainless-steel-handle,stainless-steel-handles,hero,/images/products/nc182-stainless-steel-handle.webp,measured,,white,edge-matched-clone,100.0,0.0,60.2,57.0,34.3,13.4,82.0,6.6,2,
NC182,nc182-stainless-steel-handle,stainless-steel-handles,gallery 1,/images/products/nc182-stainless-steel-handle-2.webp,measured,,white,boundary-fill,100.0,0.0,80.5,84.4,67.9,5.6,96.5,2.7,8,
NC182,nc182-stainless-steel-handle,stainless-steel-handles,gallery 2,/images/products/nc182-stainless-steel-handle-3.webp,measured,,white,edge-matched-clone,100.0,0.0,76.6,50.0,38.3,18.8,75.0,0.0,1,high visual baseline
NC182,nc182-stainless-steel-handle,stainless-steel-handles,gallery 3,/images/products/nc182-stainless-steel-handle-4.webp,manual,edge is not uniformly white or transparent,other / uncertain,boundary-fill,0.9,0.0,,,,,,,,
NCB,ncb-stainless-steel-handle,stainless-steel-handles,hero,/images/products/ncb-stainless-steel-handle.webp,measured,,white,edge-matched-clone,100.0,0.0,41.8,57.4,24.0,12.4,82.0,4.1,2,small bounding box
NCB,ncb-stainless-steel-handle,stainless-steel-handles,gallery 1,/images/products/ncb-stainless-steel-handle-2.webp,measured,,white,edge-matched-clone,100.0,0.0,36.3,67.6,24.5,18.1,88.3,1.0,1,small bounding box
NCB,ncb-stainless-steel-handle,stainless-steel-handles,gallery 2,/images/products/ncb-stainless-steel-handle-3.webp,manual,edge is not uniformly white or transparent,other / uncertain,boundary-fill,0.0,0.0,,,,,,,,
NCB,ncb-stainless-steel-handle,stainless-steel-handles,gallery 3,/images/products/ncb-stainless-steel-handle-4.webp,measured,,white,edge-matched-clone,100.0,0.0,41.8,66.4,27.8,12.9,86.7,5.7,3,small bounding box
NCD,ncd-stainless-steel-handle,stainless-steel-handles,hero,/images/products/ncd-stainless-steel-handle.webp,measured,,white,edge-matched-clone,100.0,0.0,40.2,74.2,29.9,20.0,90.6,2.9,2,small bounding box
NCD,ncd-stainless-steel-handle,stainless-steel-handles,gallery 1,/images/products/ncd-stainless-steel-handle-2.webp,measured,,white,edge-matched-clone,100.0,0.0,67.6,76.6,51.7,34.7,89.1,1.8,1,
NCD,ncd-stainless-steel-handle,stainless-steel-handles,gallery 2,/images/products/ncd-stainless-steel-handle-3.webp,manual,edge is not uniformly white or transparent,other / uncertain,boundary-fill,0.0,0.0,,,,,,,,
Night Latch & Rim Lock,night-latch-rim-lock,night-latches-rim-locks,hero,/images/products/night-latch-rim-lock.webp,measured,,white,edge-matched-clone,100.0,0.0,71.5,36.7,26.2,18.9,69.5,-0.6,2,small bounding box; high visual baseline
NO01,no01-gate-house-no,hardware-accessories,hero,/images/products/no01-gate-house-no.webp,measured,,white,none,100.0,0.0,52.0,79.7,41.4,24.8,89.8,-0.2,1,
NO01,no01-gate-house-no,hardware-accessories,gallery 1,/images/products/no01-gate-house-no-2.webp,manual,edge is not uniformly white or transparent,other / uncertain,none,94.6,0.0,,,,,,,,
NO01,no01-gate-house-no,hardware-accessories,gallery 2,/images/products/no01-gate-house-no-3.webp,manual,edge is not uniformly white or transparent,other / uncertain,none,90.0,0.0,,,,,,,,
NO01,no01-gate-house-no,hardware-accessories,gallery 3,/images/products/no01-gate-house-no-4.webp,manual,edge is not uniformly white or transparent,other / uncertain,none,87.9,0.0,,,,,,,,
NO01,no01-gate-house-no,hardware-accessories,gallery 4,/images/products/no01-gate-house-no-5.webp,measured,,white,none,100.0,0.0,85.9,71.9,61.8,22.4,85.9,0.0,5,
NO01,no01-gate-house-no,hardware-accessories,gallery 5,/images/products/no01-gate-house-no-6.webp,measured,,white,none,100.0,0.0,85.2,42.2,35.9,11.1,71.1,0.4,7,high visual baseline
NO01,no01-gate-house-no,hardware-accessories,gallery 6,/images/products/no01-gate-house-no-7.webp,measured,,white,none,100.0,0.0,83.2,59.0,49.1,23.4,80.9,0.2,2,
NO01,no01-gate-house-no,hardware-accessories,gallery 7,/images/products/no01-gate-house-no-8.webp,measured,,white,none,99.9,0.0,93.0,81.3,75.5,20.9,88.7,-0.8,20,
NO01,no01-gate-house-no,hardware-accessories,gallery 8,/images/products/no01-gate-house-no-9.webp,manual,edge is not uniformly white or transparent,other / uncertain,none,0.0,0.0,,,,,,,,
NO01,no01-gate-house-no,hardware-accessories,gallery 9,/images/products/no01-gate-house-no-10.webp,manual,edge is not uniformly white or transparent,other / uncertain,none,1.3,0.0,,,,,,,,
Piano Hinge,piano-hinge,brass-steel-hinges,hero,/images/products/piano-hinge.webp,measured,,white,none,100.0,0.0,85.5,66.4,56.8,19.4,84.8,-0.2,2,
S02 CP,s02-cp-sliding-hook-lock,sliding-hook-locks,hero,/images/products/s02-cp-sliding-hook-lock.webp,measured,,white,boundary-fill,100.0,0.0,85.9,81.3,69.8,29.0,91.4,2.0,5,
S02 CP,s02-cp-sliding-hook-lock,sliding-hook-locks,gallery 1,/images/products/s02-cp-sliding-hook-lock-2.webp,measured,,white,boundary-fill,100.0,0.0,87.5,82.0,71.8,37.7,94.5,0.4,2,
S02 CP,s02-cp-sliding-hook-lock,sliding-hook-locks,gallery 2,/images/products/s02-cp-sliding-hook-lock-3.webp,measured,,white,edge-matched-clone,100.0,0.0,70.7,70.7,50.0,44.7,91.4,2.5,4,
S02 CP,s02-cp-sliding-hook-lock,sliding-hook-locks,gallery 3,/images/products/s02-cp-sliding-hook-lock-4.webp,measured,,white,edge-matched-clone,100.0,0.0,91.8,73.4,67.4,8.1,85.5,0.2,8,
S02 CP,s02-cp-sliding-hook-lock,sliding-hook-locks,gallery 4,/images/products/s02-cp-sliding-hook-lock-5.webp,manual,edge is not uniformly white or transparent,other / uncertain,none,0.3,0.0,,,,,,,,
S02 CP,s02-cp-sliding-hook-lock,sliding-hook-locks,gallery 5,/images/products/s02-cp-sliding-hook-lock-6.webp,manual,edge is not uniformly white or transparent,other / uncertain,none,3.5,0.0,,,,,,,,
S03,s03-sliding-hook-lock,sliding-hook-locks,hero,/images/products/s03-sliding-hook-lock.webp,measured,,white,boundary-fill,100.0,0.0,86.3,81.3,70.1,30.0,90.6,-0.2,5,
S03,s03-sliding-hook-lock,sliding-hook-locks,gallery 1,/images/products/s03-sliding-hook-lock-2.webp,measured,,white,edge-matched-clone,100.0,0.0,74.2,84.4,62.6,26.6,90.2,0.8,3,
S03,s03-sliding-hook-lock,sliding-hook-locks,gallery 2,/images/products/s03-sliding-hook-lock-4.webp,measured,,white,edge-matched-clone,100.0,0.0,92.2,69.5,64.1,7.9,89.5,0.0,7,
S03,s03-sliding-hook-lock,sliding-hook-locks,gallery 3,/images/products/s03-sliding-hook-lock-5.webp,measured,,white,edge-matched-clone,100.0,0.0,71.5,71.9,51.4,38.1,90.6,1.4,4,
S03,s03-sliding-hook-lock,sliding-hook-locks,gallery 4,/images/products/s03-sliding-hook-lock-6.webp,manual,edge is not uniformly white or transparent,other / uncertain,none,0.0,0.0,,,,,,,,
S03,s03-sliding-hook-lock,sliding-hook-locks,gallery 5,/images/products/s03-sliding-hook-lock-7.webp,manual,edge is not uniformly white or transparent,other / uncertain,none,0.0,0.0,,,,,,,,
S564,s564-night-latch-and-rim-lock,night-latches-rim-locks,hero,/images/products/s564-night-latch-and-rim-lock.webp,measured,,white,none,100.0,0.0,80.9,46.1,37.3,31.3,73.4,-0.6,1,high visual baseline
S564,s564-night-latch-and-rim-lock,night-latches-rim-locks,gallery 1,/images/products/s564-night-latch-and-rim-lock-2.webp,manual,edge is not uniformly white or transparent,other / uncertain,none,1.2,0.0,,,,,,,,
S578,s578-tubular-lock,knob-locks,hero,/images/products/s578-tubular-lock.webp,measured,,white,none,100.0,0.0,78.1,57.0,44.6,27.5,78.5,0.4,1,
S578,s578-tubular-lock,knob-locks,gallery 1,/images/products/s578-tubular-lock-2.webp,measured,,white,none,99.5,0.0,95.7,84.0,80.4,36.0,94.5,1.0,5,
S578,s578-tubular-lock,knob-locks,gallery 2,/images/products/s578-tubular-lock-3.webp,manual,edge is not uniformly white or transparent,other / uncertain,none,2.0,0.0,,,,,,,,
S802 SNET,s802-snet-lever-handle,lever-handles,hero,/images/products/s802-snet-lever-handle.webp,measured,,white,edge-matched-clone,100.0,0.0,87.1,51.2,44.6,15.3,75.4,1.8,1,high visual baseline
S802 SNET,s802-snet-lever-handle,lever-handles,gallery 1,/images/products/s802-snet-lever-handle-2.webp,manual,edge is not uniformly white or transparent,other / uncertain,boundary-fill,0.0,0.0,,,,,,,,
SH01,sh01-panic-exit-device,panic-exit-devices,hero,/images/products/sh01-panic-exit-device.webp,measured,,white,edge-matched-clone,100.0,0.0,39.8,71.9,28.6,25.1,87.9,3.5,1,small bounding box
SH01,sh01-panic-exit-device,panic-exit-devices,gallery 1,/images/products/sh01-panic-exit-device-2.webp,measured,,white,edge-matched-clone,100.0,0.0,77.0,77.0,59.2,23.3,91.0,-1.4,5,
SH01,sh01-panic-exit-device,panic-exit-devices,gallery 2,/images/products/sh01-panic-exit-device-3.webp,measured,,white,edge-matched-clone,100.0,0.0,66.8,56.6,37.8,12.2,77.7,1.0,3,high visual baseline
SH01,sh01-panic-exit-device,panic-exit-devices,gallery 3,/images/products/sh01-panic-exit-device-4.webp,manual,edge is not uniformly white or transparent,other / uncertain,boundary-fill,0.0,0.0,,,,,,,,
SH01,sh01-panic-exit-device,panic-exit-devices,gallery 4,/images/products/sh01-panic-exit-device-5.webp,manual,edge is not uniformly white or transparent,other / uncertain,boundary-fill,0.8,0.0,,,,,,,,
SH01,sh01-panic-exit-device,panic-exit-devices,gallery 5,/images/products/sh01-panic-exit-device-6.webp,measured,,white,edge-matched-clone,100.0,0.0,71.1,58.6,41.7,22.7,80.1,0.8,1,
SH01,sh01-panic-exit-device,panic-exit-devices,gallery 6,/images/products/sh01-panic-exit-device-7.webp,measured,,white,edge-matched-clone,100.0,0.0,63.3,65.2,41.3,20.5,86.7,-0.8,1,
SH01,sh01-panic-exit-device,panic-exit-devices,gallery 7,/images/products/sh01-panic-exit-device-8.webp,measured,,white,edge-matched-clone,100.0,0.0,37.5,78.1,29.3,21.1,93.0,-2.0,1,small bounding box
SH01,sh01-panic-exit-device,panic-exit-devices,gallery 8,/images/products/sh01-panic-exit-device-9.webp,measured,,white,edge-matched-clone,100.0,0.0,73.8,59.8,44.1,20.9,87.9,2.1,1,
Single oval cylinder,single-oval-cylinder-lock-cylinder,lock-cylinders,hero,/images/products/single-oval-cylinder-lock-cylinder.webp,measured,,white,none,100.0,0.0,57.4,84.4,48.4,16.0,92.2,4.1,1,
Single oval cylinder,single-oval-cylinder-lock-cylinder,lock-cylinders,gallery 1,/images/products/single-oval-cylinder-lock-cylinder-2.webp,measured,,white,edge-matched-clone,99.6,0.0,33.2,95.3,31.6,9.8,98.4,2.9,5,
Single oval cylinder,single-oval-cylinder-lock-cylinder,lock-cylinders,gallery 2,/images/products/single-oval-cylinder-lock-cylinder-3.webp,measured,,white,edge-matched-clone,100.0,0.0,84.0,68.8,57.7,28.9,87.1,-4.1,4,
Single oval cylinder,single-oval-cylinder-lock-cylinder,lock-cylinders,gallery 3,/images/products/single-oval-cylinder-lock-cylinder-4.webp,measured,,white,edge-matched-clone,100.0,0.0,78.1,48.4,37.8,22.3,74.2,0.4,2,high visual baseline
Single oval cylinder,single-oval-cylinder-lock-cylinder,lock-cylinders,gallery 4,/images/products/single-oval-cylinder-lock-cylinder-5.webp,measured,,white,edge-matched-clone,100.0,0.0,47.3,44.9,21.2,17.8,77.7,0.2,1,small bounding box; high visual baseline
SS026,ss026-brass-and-steel-hinges,brass-steel-hinges,hero,/images/products/ss026-brass-and-steel-hinges.webp,measured,,white,none,100.0,0.0,43.8,77.0,33.7,30.3,89.5,0.8,1,
SS026,ss026-brass-and-steel-hinges,brass-steel-hinges,gallery 1,/images/products/ss026-brass-and-steel-hinges-2.webp,measured,,white,none,100.0,0.0,52.0,75.4,39.2,35.7,87.9,0.2,1,
SS026,ss026-brass-and-steel-hinges,brass-steel-hinges,gallery 2,/images/products/ss026-brass-and-steel-hinges-3.webp,measured,,white,none,100.0,0.0,84.8,54.3,46.0,23.7,79.7,-0.6,1,
SS026,ss026-brass-and-steel-hinges,brass-steel-hinges,gallery 3,/images/products/ss026-brass-and-steel-hinges-4.webp,measured,,white,none,100.0,0.0,41.0,67.2,27.6,24.8,82.8,-0.2,1,small bounding box
SS026,ss026-brass-and-steel-hinges,brass-steel-hinges,gallery 4,/images/products/ss026-brass-and-steel-hinges-5.webp,measured,,white,none,100.0,0.0,80.5,65.6,52.8,27.6,84.0,-0.4,2,
SS027,ss027-brass-and-steel-hinges,brass-steel-hinges,hero,/images/products/ss027-brass-and-steel-hinges.webp,measured,,white,none,100.0,0.0,55.9,74.2,41.5,36.4,87.1,0.2,1,
SSH011,ssh011-brass-and-steel-hinges,brass-steel-hinges,hero,/images/products/ssh011-brass-and-steel-hinges.webp,measured,,white,none,100.0,0.0,82.4,77.7,64.1,44.9,89.1,-0.2,1,
SSH011,ssh011-brass-and-steel-hinges,brass-steel-hinges,gallery 1,/images/products/ssh011-brass-and-steel-hinges-2.webp,measured,,white,edge-matched-clone,100.0,0.0,87.9,66.0,58.0,20.2,82.0,-0.6,4,
SSH012,ssh012-brass-and-steel-hinges,brass-steel-hinges,hero,/images/products/ssh012-brass-and-steel-hinges.webp,measured,,white,none,100.0,0.0,62.5,76.6,47.9,42.4,88.3,0.4,1,
SSH013,ssh013-brass-and-steel-hinges,brass-steel-hinges,hero,/images/products/ssh013-brass-and-steel-hinges.webp,measured,,white,edge-matched-clone,100.0,0.0,59.8,77.3,46.2,41.9,94.1,1.0,1,
SSH013,ssh013-brass-and-steel-hinges,brass-steel-hinges,gallery 1,/images/products/ssh013-brass-and-steel-hinges-2.webp,measured,,white,edge-matched-clone,100.0,0.0,62.1,66.4,41.2,35.6,86.3,1.4,1,
SSH013,ssh013-brass-and-steel-hinges,brass-steel-hinges,gallery 2,/images/products/ssh013-brass-and-steel-hinges-3.webp,manual,edge is not uniformly white or transparent,other / uncertain,edge-matched-clone,0.0,0.0,,,,,,,,
SSH013,ssh013-brass-and-steel-hinges,brass-steel-hinges,gallery 3,/images/products/ssh013-brass-and-steel-hinges-4.webp,manual,known logo exclusion may touch product,white,boundary-fill,100.0,0.0,,,,,,,,
SSH015,ssh015-brass-and-steel-hinges,brass-steel-hinges,hero,/images/products/ssh015-brass-and-steel-hinges.webp,measured,,white,none,100.0,0.0,56.6,59.4,33.6,28.4,80.1,-0.2,1,
SSH015,ssh015-brass-and-steel-hinges,brass-steel-hinges,gallery 1,/images/products/ssh015-brass-and-steel-hinges-2.webp,measured,,white,edge-matched-clone,100.0,0.0,87.9,66.0,58.0,20.2,82.0,-0.6,4,
SSH016,ssh016-brass-and-steel-hinges,brass-steel-hinges,hero,/images/products/ssh016-brass-and-steel-hinges.webp,manual,known logo exclusion may touch product,white,boundary-fill,100.0,0.0,,,,,,,,
SSH016,ssh016-brass-and-steel-hinges,brass-steel-hinges,gallery 1,/images/products/ssh016-brass-and-steel-hinges-2.webp,measured,,white,edge-matched-clone,99.9,0.0,94.5,56.6,53.5,24.8,84.4,-1.2,6,
SSH016,ssh016-brass-and-steel-hinges,brass-steel-hinges,gallery 2,/images/products/ssh016-brass-and-steel-hinges-3.webp,measured,,white,edge-matched-clone,100.0,0.0,87.1,77.0,67.0,32.4,88.3,2.1,1,
SSH016,ssh016-brass-and-steel-hinges,brass-steel-hinges,gallery 3,/images/products/ssh016-brass-and-steel-hinges-4.webp,measured,,white,edge-matched-clone,100.0,0.0,91.8,61.7,56.7,31.5,84.8,0.2,7,
SSH016,ssh016-brass-and-steel-hinges,brass-steel-hinges,gallery 4,/images/products/ssh016-brass-and-steel-hinges-5.webp,manual,edge is not uniformly white or transparent,other / uncertain,boundary-fill,0.0,0.0,,,,,,,,
SSH016,ssh016-brass-and-steel-hinges,brass-steel-hinges,gallery 5,/images/products/ssh016-brass-and-steel-hinges-6.webp,measured,,white,edge-matched-clone,99.9,0.0,94.5,45.7,43.2,19.8,73.4,-0.4,10,high visual baseline
SSH016,ssh016-brass-and-steel-hinges,brass-steel-hinges,gallery 6,/images/products/ssh016-brass-and-steel-hinges-7.webp,measured,,white,edge-matched-clone,100.0,0.0,87.9,66.0,58.0,20.2,82.0,-0.6,4,
SSH017,ssh017-brass-and-steel-hinges,brass-steel-hinges,hero,/images/products/ssh017-brass-and-steel-hinges.webp,measured,,white,none,100.0,0.0,57.4,75.0,43.1,21.1,87.5,-2.1,1,
SSH018,ssh018-brass-and-steel-hinges,brass-steel-hinges,hero,/images/products/ssh018-brass-and-steel-hinges.webp,measured,,white,none,100.0,0.0,55.9,74.6,41.7,23.9,87.5,-3.7,1,
SSH019,ssh019-brass-and-steel-hinges,brass-steel-hinges,hero,/images/products/ssh019-brass-and-steel-hinges.webp,measured,,white,none,100.0,0.0,60.2,77.0,46.3,25.8,88.7,0.4,1,
SSH020,ssh020-brass-and-steel-hinges,brass-steel-hinges,hero,/images/products/ssh020-brass-and-steel-hinges.webp,measured,,white,none,100.0,0.0,57.8,75.4,43.6,39.5,87.9,0.4,1,
SSH021,ssh021-brass-and-steel-hinges,brass-steel-hinges,hero,/images/products/ssh021-brass-and-steel-hinges.webp,measured,,white,none,100.0,0.0,59.8,70.3,42.0,23.7,85.5,0.2,1,
SSH022,ssh022-brass-and-steel-hinges,brass-steel-hinges,hero,/images/products/ssh022-brass-and-steel-hinges.webp,measured,,white,none,100.0,0.0,46.5,73.8,34.3,28.3,86.7,1.0,1,
SSH023,ssh023-brass-and-steel-hinges,brass-steel-hinges,hero,/images/products/ssh023-brass-and-steel-hinges.webp,measured,,white,edge-matched-clone,100.0,0.0,67.6,69.5,47.0,42.7,89.1,1.8,1,
SSH023,ssh023-brass-and-steel-hinges,brass-steel-hinges,gallery 1,/images/products/ssh023-brass-and-steel-hinges-2.webp,measured,,white,edge-matched-clone,99.8,0.0,96.5,56.6,54.6,24.4,86.3,-1.8,5,touches canvas edge
SSH023,ssh023-brass-and-steel-hinges,brass-steel-hinges,gallery 2,/images/products/ssh023-brass-and-steel-hinges-3.webp,measured,,white,edge-matched-clone,99.8,0.0,94.1,58.6,55.2,23.7,86.3,-2.9,5,touches canvas edge
SSH023,ssh023-brass-and-steel-hinges,brass-steel-hinges,gallery 3,/images/products/ssh023-brass-and-steel-hinges-4.webp,measured,,white,edge-matched-clone,100.0,0.0,75.0,56.3,42.2,23.3,80.9,2.0,2,
SSH023,ssh023-brass-and-steel-hinges,brass-steel-hinges,gallery 4,/images/products/ssh023-brass-and-steel-hinges-5.webp,measured,,white,edge-matched-clone,99.8,0.0,96.1,57.4,55.2,24.8,86.7,-1.2,5,
SSH023,ssh023-brass-and-steel-hinges,brass-steel-hinges,gallery 5,/images/products/ssh023-brass-and-steel-hinges-6.webp,measured,,white,edge-matched-clone,100.0,0.0,86.3,29.3,25.3,17.6,67.2,0.2,3,small bounding box; high visual baseline
SSH023,ssh023-brass-and-steel-hinges,brass-steel-hinges,gallery 6,/images/products/ssh023-brass-and-steel-hinges-7.webp,measured,,white,edge-matched-clone,100.0,0.0,87.1,82.8,72.1,26.3,96.9,0.2,25,
SSH023,ssh023-brass-and-steel-hinges,brass-steel-hinges,gallery 7,/images/products/ssh023-brass-and-steel-hinges-8.webp,measured,,white,edge-matched-clone,100.0,0.0,59.4,78.1,46.4,20.1,89.5,-5.5,1,
SSH023,ssh023-brass-and-steel-hinges,brass-steel-hinges,gallery 8,/images/products/ssh023-brass-and-steel-hinges-9.webp,manual,edge is not uniformly white or transparent,other / uncertain,edge-matched-clone,0.0,0.0,,,,,,,,
SSH023,ssh023-brass-and-steel-hinges,brass-steel-hinges,gallery 9,/images/products/ssh023-brass-and-steel-hinges-10.webp,manual,edge is not uniformly white or transparent,other / uncertain,boundary-fill,0.0,0.0,,,,,,,,
SSH031,ssh031-brass-and-steel-hinges,brass-steel-hinges,hero,/images/products/ssh031-brass-and-steel-hinges.webp,measured,,white,none,100.0,0.0,57.0,75.0,42.8,35.6,87.9,0.0,1,
SSH031,ssh031-brass-and-steel-hinges,brass-steel-hinges,gallery 1,/images/products/ssh031-brass-and-steel-hinges-2.webp,measured,,white,edge-matched-clone,99.9,0.0,92.2,60.5,55.8,21.9,81.6,1.2,2,
SSH031,ssh031-brass-and-steel-hinges,brass-steel-hinges,gallery 2,/images/products/ssh031-brass-and-steel-hinges-3.webp,measured,,white,edge-matched-clone,99.8,0.0,93.4,51.6,48.1,21.9,80.9,1.0,4,
SSH031,ssh031-brass-and-steel-hinges,brass-steel-hinges,gallery 3,/images/products/ssh031-brass-and-steel-hinges-4.webp,measured,,white,edge-matched-clone,100.0,0.0,72.3,73.4,53.1,37.4,90.2,-0.2,1,
SSH031,ssh031-brass-and-steel-hinges,brass-steel-hinges,gallery 4,/images/products/ssh031-brass-and-steel-hinges-5.webp,manual,edge is not uniformly white or transparent,other / uncertain,none,53.3,0.0,,,,,,,,
SSH031,ssh031-brass-and-steel-hinges,brass-steel-hinges,gallery 5,/images/products/ssh031-brass-and-steel-hinges-6.webp,manual,edge is not uniformly white or transparent,other / uncertain,boundary-fill,0.0,0.0,,,,,,,,
Stainless Steel Door Hinge,stainless-steel-door-hinge,brass-steel-hinges,hero,/images/products/stainless-steel-door-hinge.webp,measured,,white,edge-matched-clone,98.1,0.0,97.3,68.4,66.5,49.3,87.5,0.2,1,
Stainless Steel Flush Bolt,stainless-steel-flush-bolt,hardware-accessories,hero,/images/products/stainless-steel-flush-bolt.webp,measured,,white,edge-matched-clone,100.0,0.0,86.3,76.6,66.1,18.9,85.9,-2.5,6,
Stainless Steel Glass Door Pull Handle,stainless-steel-glass-door-pull-handle,glass-door-accessories,hero,/images/products/stainless-steel-glass-door-pull-handle.webp,measured,,white,edge-matched-clone,100.0,0.0,60.9,65.6,40.0,14.4,84.8,0.0,2,
Stainless Steel Lever Handle Lock,stainless-steel-lever-handle-lock,lever-handles,hero,/images/products/stainless-steel-lever-handle-lock.webp,measured,,white,edge-matched-clone,100.0,0.0,55.5,65.6,36.4,12.9,89.5,-3.9,1,
Stainless Steel Lever Handle Lock,stainless-steel-lever-handle-lock,lever-handles,gallery 1,/images/concepts/lever-handle-application.webp,manual,not a catalogue-source product image,,,,,,,,,,,,
Stainless Steel Wall Hook,stainless-steel-wall-hook,bathroom-accessories,hero,/images/products/stainless-steel-wall-hook.webp,measured,,white,edge-matched-clone,100.0,0.0,85.2,27.7,23.6,7.8,66.8,0.8,1,small bounding box; high visual baseline
Tubular Knob Lock,tubular-knob-lock,knob-locks,hero,/images/products/tubular-knob-lock.webp,measured,,white,edge-matched-clone,100.0,0.0,62.5,43.4,27.1,19.7,75.4,-1.2,1,small bounding box; high visual baseline
Tubular Knob Lock,tubular-knob-lock,knob-locks,gallery 1,/images/concepts/smart-lock-residential-application.webp,manual,not a catalogue-source product image,,,,,,,,,,,,
Wooden Door Floor Hinge,wooden-door-floor-hinge,door-closers,hero,/images/products/wooden-door-floor-hinge.webp,measured,,white,edge-matched-clone,100.0,0.0,75.0,63.3,47.5,23.4,82.8,1.6,4,
X2,x2-panic-exit-device-trim,panic-exit-devices,hero,/images/products/x2-panic-exit-device-trim.webp,measured,,white,edge-matched-clone,100.0,0.0,85.5,39.8,34.1,11.7,69.5,-1.0,2,high visual baseline
XF-1,xf-1-lock-cylinder,lock-cylinders,hero,/images/products/xf-1-lock-cylinder.webp,measured,,white,edge-matched-clone,100.0,0.0,85.2,37.9,32.3,25.1,73.4,0.0,1,high visual baseline
XF-1,xf-1-lock-cylinder,lock-cylinders,gallery 1,/images/products/xf-1-lock-cylinder-2.webp,measured,,white,edge-matched-clone,99.7,0.0,96.1,63.7,61.2,20.1,84.4,0.0,6,
XF-1,xf-1-lock-cylinder,lock-cylinders,gallery 2,/images/products/xf-1-lock-cylinder-3.webp,measured,,white,edge-matched-clone,100.0,0.0,90.2,54.3,49.0,30.4,79.3,1.0,3,
XF-1,xf-1-lock-cylinder,lock-cylinders,gallery 3,/images/products/xf-1-lock-cylinder-4.webp,manual,edge is not uniformly white or transparent,other / uncertain,boundary-fill,12.6,0.0,,,,,,,,
XF-1,xf-1-lock-cylinder,lock-cylinders,gallery 4,/images/products/xf-1-lock-cylinder-5.webp,manual,edge is not uniformly white or transparent,other / uncertain,edge-matched-clone,91.3,0.0,,,,,,,,
XF-1,xf-1-lock-cylinder,lock-cylinders,gallery 5,/images/products/xf-1-lock-cylinder-6.webp,measured,,white,edge-matched-clone,100.0,0.0,88.7,80.9,71.7,23.5,96.5,-0.6,6,
