Path,Host,Requests
/pt/contact/,cantonlock.com,461
/,cantonlock.com,148
/news/fitting-a-euro-cylinder/,cantonlock.com,61
/es/contact/,cantonlock.com,56
/api/.env,auth.cantonlock.com,39
/guides/door-hardware-hs-codes-2026/,cantonlock.com,34
/_next/static/chunks/3gylmvz_v6_4w.css,cantonlock.com,31
/.ssh/authorized_keys,auth.cantonlock.com,30
/products/,cantonlock.com,29
/conf/.env,auth.cantonlock.com,27
/.env,auth.cantonlock.com:8443,27
/values.yaml,auth.cantonlock.com,27
/debug/pprof,auth.cantonlock.com:8443,27
/localhost.key,auth.cantonlock.com:8443,27
/pi.php,auth.cantonlock.com:8443,27
/api/designer/v1/file-content,cantonlock.com,27
/localhost.key,auth.cantonlock.com,27
/.idea/WebServers.xml,auth.cantonlock.com:8443,24
/es/news/fitting-a-euro-cylinder/,cantonlock.com,22
/api/sysConfig/getAll,auth.cantonlock.com,21
/config/storage.yml,auth.cantonlock.com,21
/.bash_profile,cantonlock.com,20
/_next/static/chunks/36b_fuzc7uyob.js,cantonlock.com,19
/_next/static/chunks/0dt1trawwiq2v.js,cantonlock.com,19
/_next/static/chunks/33t46atd3n2zd.js,cantonlock.com,19
/guides/euro-cylinder-size-chart-2026/,cantonlock.com,19
/_next/static/chunks/2ey_icn33wsjp.js,cantonlock.com,18
/proc/self/cmdline,cantonlock.com,18
/_next/static/chunks/2yo1y05f4ex9f.js,cantonlock.com,18
/api/config,cantonlock.com,18
/_next/static/chunks/3azcunjvogq90.css,cantonlock.com,18
/_next/static/chunks/1attaky7thwr-.js,cantonlock.com,18
/compare/lock-cases/,cantonlock.com,17
/_next/static/chunks/0p71n9ww20ry3.js,cantonlock.com,16
/Index.php,cantonlock.com,16
/_next/static/chunks/1nkjr1cbieopt.css,cantonlock.com,16
/_next/static/chunks/turbopack-0r7jr9j3wpvhb.js,cantonlock.com,16
/news/master-key-systems-how-many-levels-you-need/,cantonlock.com,16
/_next/static/chunks/3bpq6up_k1bma.js,cantonlock.com,16
/dist../.env,auth.cantonlock.com,16
/_next/static/chunks/0fl2dfjh6z70p.js,cantonlock.com,15
/api/inngest,cantonlock.com,15
/_next/static/chunks/1l39wmfdj2aaz.js,cantonlock.com,15
/_next/static/chunks/2eg0ks0feyohg.js,cantonlock.com,15
/_next/static/chunks/turbopack-288rme5q05axf.js,cantonlock.com,15
/_image,cantonlock.com,14
/_next/static/chunks/0jvhpaew_uadu.js,cantonlock.com,14
/_next/static/chunks/3fntmmi971322.js,cantonlock.com,14
/_next/static/chunks/1f5ust74o0qp9.js,cantonlock.com,14
/.env.staging,cantonlock.com,14
/m7b5luhm94joyndqo2ns,cantonlock.com,14
/_next/static/chunks/11_b-g1pb-5zf.js,cantonlock.com,13
/docker-compose.yml,auth.cantonlock.com,13
/_next/static/chunks/1g3lr30go2myx.js,cantonlock.com,13
/index.php,cantonlock.com,13
/_next/static/chunks/36lm--m0zwqtj.js,cantonlock.com,13
/contact/,cantonlock.com,13
/_next/static/chunks/2nglzmfxu-36_.css,cantonlock.com,12
/old/.env,auth.cantonlock.com,12
/.env.docker,auth.cantonlock.com,12
/pkg/.env,auth.cantonlock.com,12
/@fs/proc/self/cwd/.env,www.cantonlock.com,12
/events/,cantonlock.com,11
/glossary/,cantonlock.com,11
/company/,cantonlock.com,11
/_next/static/chunks/0hyqqna0knhj2.js,cantonlock.com,10
/userfiles,auth.cantonlock.com,10
/packages/.env,cantonlock.com,10
/.git/HEAD,cantonlock.com,10
/_next/static/chunks/1w0re7pshb2c8.js,cantonlock.com,9
/.env.production,cantonlock.com,9
/guides/fire-door-hardware-what-must-be-rated-2026/,cantonlock.com,9
/index.php,www.cantonlock.com,9
/_next/static/chunks/0-oou992wjqqz.css,cantonlock.com,9
/cmd/.env,cantonlock.com,8
/.dockerenv,www.cantonlock.com,8
/Index.php,www.cantonlock.com,8
/config.json,cantonlock.com,8
/debug/pprof,cantonlock.com,8
/test.php,cantonlock.com,8
/@fs/app/.env,cantonlock.com,8
/api/account,cantonlock.com,8
/api/designer/v1/file-content,www.cantonlock.com,8
/@fs/proc/self/cwd/.env,cantonlock.com,8
/_next/static/chunks/34z_-ctw7wx4m.js,cantonlock.com,7
/_next/static/chunks/2v5az93i3u7xc.css,cantonlock.com,7
/.env,cantonlock.com,7
/es/products/,cantonlock.com,7
/env.old,auth.cantonlock.com,7
/functionRouter,cantonlock.com,7
/config/gcp-credentials.json,www.cantonlock.com,7
/static//app/.env,www.cantonlock.com,6
/_next/static/chunks/33_-rm_dt2tjo.js,cantonlock.com,6
/guides/,cantonlock.com,6
/product-finder/,cantonlock.com,6
/news/mortise-lock-backset-and-centre-distance-guide/,cantonlock.com,6
/guides/material-traceability-mill-certs-2026/,cantonlock.com,6
/static/.env,auth.cantonlock.com,6
/_next/static/chunks/3obcl3f6bwtwf.js,cantonlock.com,6
/nginx_status,auth.cantonlock.com:8443,6
/config.json,auth.cantonlock.com:8080,6
/_next/static/chunks/3wukl5eaga485.js,cantonlock.com,6
/.env.save,cantonlock.com,6
/.ssh/id_dsa,auth.cantonlock.com:8080,6
/news/,cantonlock.com,6
/pt/products/lever-handles/,cantonlock.com,6
/_next/static/chunks/1w25um03yxhaw.js,cantonlock.com,6
/.env.local,cantonlock.com,6
/faq/,cantonlock.com,6
/_next/static/chunks/turbopack-3c66lelpirvbu.js,cantonlock.com,5
/_next/static/chunks/34tf82isn3xyz.js,cantonlock.com,5
/_next/static/chunks/1aej9t8vsmoz5.js,cantonlock.com,5
/_next/static/chunks/1frq25rxp_u8a.js,cantonlock.com,5
/newsletter/,cantonlock.com,5
/_next/static/chunks/431bw722fec3m.js,cantonlock.com,5
/_next/static/chunks/29kes_bnwutpl.js,cantonlock.com,5
/_next/static/chunks/39b4a6b8tw5m9.css,cantonlock.com,5
/_next/static/chunks/0if-vqkhyn-zc.js,cantonlock.com,5
/guides/spindle-sizes-and-length-2026/,cantonlock.com,5
/pt/products/knob-locks/607-ssbk-tubular-lock/,cantonlock.com,5
/guides/key-blanks-and-restricted-profiles-2026/,cantonlock.com,5
/guides/submittal-package-contents-2026/,cantonlock.com,4
/videos/products/836-snet-lever-handle.mp4,cantonlock.com,4
/guides/lever-return-and-en-1906-2026/,cantonlock.com,4
/key.pem,cantonlock.com,4
/pt/products/stainless-steel-handles/9020s-stainless-steel-handle/,cantonlock.com,4
/videos/products/hy006dk-lock-case.mp4,cantonlock.com,4
/pt/products/stainless-steel-handles/9014-sset-stainless-steel-handle/,cantonlock.com,4
/api/templates/preview,auth.cantonlock.com:8080,4
/_next/static/chunks/13vd_z3r63c_v.js,cantonlock.com,4
/_next/static/chunks/1m1fsg3f3gva3.js,cantonlock.com,4
/_next/static/chunks/3dghx63ytj9-r.js,cantonlock.com,4
/model-lookup/,cantonlock.com,4
/_next/static/chunks/27hbtt6_ap4pu.css,cantonlock.com,4
/_next/static/chunks/053cx_jd3_fom.js,cantonlock.com,4
/guides/corrosion-resistance-en-1670-2026/,cantonlock.com,4
/_next/static/chunks/40waphfrdfgiu.js,cantonlock.com,4
/_next/static/chunks/1r2ehkeg8ga11.js,cantonlock.com,4
/_next/static/chunks/1tou4t0mumix9.js,cantonlock.com,4
/api/templates/preview,cantonlock.com,4
/@fs/../.env,auth.cantonlock.com:8080,4
/_next/static/chunks/2869vf68jump8.js,cantonlock.com,4
/_next/static/chunks/3bpzcqu59u5s0.js,cantonlock.com,4
/@fs/app/.env,auth.cantonlock.com:8080,4
/pt/product-finder/,cantonlock.com,4
/_next/static/chunks/2fs76fh9m3-vh.js,cantonlock.com,4
/userfiles/x,cantonlock.com,4
/pt/products/stainless-steel-handles/9007s-stainless-steel-handle/,cantonlock.com,4
/userfiles,auth.cantonlock.com:8080,4
/_next/static/chunks/2q6fk_d7m_79z.css,cantonlock.com,4
/_next/static/chunks/245i6cqdab9g8.css,cantonlock.com,4
/_next/static/chunks/19ouh9baqk3yr.js,cantonlock.com,4
/videos/products/309-s-s-panic-exit-device.mp4,cantonlock.com,4
/_next/static/chunks/13f8b7yo6-iwy.js,cantonlock.com,4
/pt/products/brass-steel-hinges/bl031-brass-and-steel-hinges/,cantonlock.com,4
/es/guides/door-hardware-hs-codes-2026/,cantonlock.com,4
/_next/static/chunks/2pfp_tn2pxpog.js,cantonlock.com,4
/_next/static/chunks/0t-i5d2x79r19.css,cantonlock.com,4
/.ssh/id_ecdsa,auth.cantonlock.com:8080,4
/downloads/,cantonlock.com,3
/pt/products/hardware-accessories/fb017-door-flush-bolt/,cantonlock.com,3
/pt/products/lock-cylinders/70snkt-cp-anti-theft-lock-cylinder/,cantonlock.com,3
/pt/products/lock-cases/lc6860-lock-case/,cantonlock.com,3
/pt/products/hardware-accessories/ds011-door-stopper/,cantonlock.com,3
/projects/,cantonlock.com,3
/pt/products/glass-door-accessories/,cantonlock.com,3
/videos/products/316-d-panic-exit-device.mp4,cantonlock.com,3
/pt/products/deadbolts/d101-dspb-deadbolts/,cantonlock.com,3
/.env.stage,auth.cantonlock.com:8080,3
/pt/products/,cantonlock.com,3
/pt/guides/key-blanks-and-restricted-profiles-2026/,cantonlock.com,3
/pt/products/door-closers/,cantonlock.com,3
/@fs/..%252f..%252f..%252f..%252f..%252froot/.env,auth.cantonlock.com:8080,3
/products/panic-exit-devices/,cantonlock.com,3
/pt/products/lock-cylinders/90-mbkt-cp-lock-cylinder/,cantonlock.com,3
/guides/door-preparation-161-and-86-2026/,cantonlock.com,3
/pt/products/deadbolts/d101-ss-deadbolts/,cantonlock.com,3
/pt/products/stainless-steel-handles/9003e-stainless-steel-handle/,cantonlock.com,3
/pt/products/night-latches-rim-locks/260-night-latch-and-rim-lock/,cantonlock.com,3
/_next/static/chunks/1-g97v6zuzed2.js,cantonlock.com,3
/pt/products/panic-exit-devices/,cantonlock.com,3
/pt/products/hardware-accessories/dv09-door-viewer/,cantonlock.com,3
/pt/products/lock-cylinders/70-snkt-bk-lock-cylinder/,cantonlock.com,3
/pt/products/hardware-accessories/no01-gate-house-no/,cantonlock.com,3
/guides/strike-plates-and-keeps-2026/,cantonlock.com,3
/_next/static/chunks/3246j74egfte5.js,cantonlock.com,3
/_next/static/chunks/22xjlxeogun7u.js,cantonlock.com,3
/pt/products/bathroom-accessories/bh55-bathroom-accessories/,cantonlock.com,3
/pt/products/hardware-accessories/l023-latch/,cantonlock.com,3
/products/lock-cases/lc14-8550-four-bolt-mortise-lock-case/,cantonlock.com,3
/_next/static/chunks/26mhcrjy8kcsq.js,cantonlock.com,3
/pt/compare/lock-cases/,cantonlock.com,3
/pt/products/knob-locks/578-sset-light-duty-cylindrical-lock/,cantonlock.com,3
/pt/products/hardware-accessories/fb013-door-flush-bolt/,cantonlock.com,3
/pt/products/glass-door-accessories/f113-glass-door-patch-fittings/,cantonlock.com,3
/products/lock-cases/lc14-85-50mm-lock-case/,cantonlock.com,3
/pt/products/bathroom-accessories/,cantonlock.com,3
/pt/products/brass-steel-hinges/ss026-brass-and-steel-hinges/,cantonlock.com,3
/products/panic-exit-devices/311-panic-exit-device/,cantonlock.com,3
/collections/panic-exit-devices-special-applications/,cantonlock.com,3
/products/door-closers/ju-088-door-closer/,cantonlock.com,3
/pt/products/lock-cases/,cantonlock.com,3
/pt/products/hardware-accessories/dv07-door-viewer/,cantonlock.com,3
/_next/static/chunks/27wldya0b09-s.js,cantonlock.com,3
/pt/products/knob-locks/5831-90mm-chrome-tubular-lock/,cantonlock.com,3
/index.php,auth.cantonlock.com,3
/infra/.env,auth.cantonlock.com:8080,3
/guides/exit-device-comparison-2026/,cantonlock.com,3
/pt/products/glass-door-accessories/f123-glass-door-patch-fittings/,cantonlock.com,3
/es/news/mortise-lock-backset-and-centre-distance-guide/,cantonlock.com,3
/pt/products/lever-handles/lh855-lever-handle/,cantonlock.com,3
/pt/products/lock-cases/lc06-85-50ps-lock-case/,cantonlock.com,3
/static../.env,www.cantonlock.com,3
/products/panic-exit-devices/307-panic-exit-device/,cantonlock.com,3
/pt/products/hardware-accessories/l025-latch/,cantonlock.com,3
/videos/products/5831-90mm-black-tubular-lock.mp4,cantonlock.com,3
/products/night-latches-rim-locks/,cantonlock.com,3
/pt/products/lock-cases/lc34-50-72mm-lock-case/,cantonlock.com,3
/pt/products/knob-locks/5870-snet-tubular-lock/,cantonlock.com,3
/.env.backup,cantonlock.com,3
/pt/products/hardware-accessories/l026-latch/,cantonlock.com,3
/pt/products/lock-cases/lc8520ps-lock-case/,cantonlock.com,3
/pt/products/hardware-accessories/,cantonlock.com,3
/pt/products/knob-locks/5831-90mm-grey-tubular-lock/,cantonlock.com,3
/products/knob-locks/,cantonlock.com,3
/.git/HEAD,auth.cantonlock.com:8443,3
/es/,cantonlock.com,3
/pt/products/stainless-steel-handles/,cantonlock.com,3
/pt/products/stainless-steel-handles/069-stainless-steel-handle/,cantonlock.com,3
/pt/products/glass-door-accessories/f112-glass-door-patch-fittings/,cantonlock.com,3
/pt/products/night-latches-rim-locks/,cantonlock.com,3
/pt/products/night-latches-rim-locks/556-night-latch-and-rim-lock/,cantonlock.com,3
/pt/products/lock-cases/lc08-85-55mm-lock-case/,cantonlock.com,3
/pt/products/knob-locks/,cantonlock.com,3
/pt/products/hardware-accessories/fb015-door-flush-bolt/,cantonlock.com,3
/pt/products/glass-door-accessories/f101-glass-door-patch-fittings/,cantonlock.com,3
/pt/products/lever-handles/lh851-lever-handle/,cantonlock.com,3
/pt/products/lock-cases/lc7065-lock-case/,cantonlock.com,3
/pt/products/lever-handles/816-pbet-lever-handle/,cantonlock.com,3
/pt/products/hardware-accessories/fb001-door-flush-bolt/,cantonlock.com,3
/services/,cantonlock.com,3
/pt/products/grip-handle-sets/70900-mbbk-grip-handle-set/,cantonlock.com,3
/pt/products/hardware-accessories/dv06-door-viewer/,cantonlock.com,3
/pt/products/hardware-accessories/ds01-door-stopper/,cantonlock.com,3
/pt/products/hardware-accessories/f005-security-door-guard/,cantonlock.com,3
/products/lever-handles/stainless-steel-lever-handle-lock/,cantonlock.com,3
/pt/products/night-latches-rim-locks/5688-night-latch-and-rim-lock/,cantonlock.com,3
/pt/products/lock-cylinders/70sndk-cp-anti-theft-lock-cylinder/,cantonlock.com,3
/guides/finish-code-reference-2026/,cantonlock.com,3
/_next/static/chunks/0tq75of0qxfki.css,cantonlock.com,3
/_next/static/chunks/1y8xc3827av_1.js,cantonlock.com,3
/pt/products/hardware-accessories/l024-latch/,cantonlock.com,3
/pt/compare/lock-cylinders/,cantonlock.com,2
/pt/collections/panic-exit-devices-special-applications/,cantonlock.com,2
/pt/products/lever-handles/eh01-lever-handle/,cantonlock.com,2
/pt/products/lock-cylinders/70-snkt-1-lock-cylinder/,cantonlock.com,2
/pt/products/knob-locks/5870-sset-heavy-duty-cylindrical-lock/,cantonlock.com,2
/collections/hardware-accessories-latches/,cantonlock.com,2
/pt/products/glass-door-accessories/g130-glass-door-handle/,cantonlock.com,2
/pt/products/stainless-steel-handles/9006s-stainless-steel-handle/,cantonlock.com,2
/pt/products/bathroom-accessories/bh53-bathroom-accessories/,cantonlock.com,2
/images/editorial-hyde/responsive/hyde-hero-lockcase-960w.webp,cantonlock.com,2
/products/glass-door-accessories/stainless-steel-glass-door-pull-handle/,cantonlock.com,2
/pt/products/glass-door-accessories/109-glass-door-handle/,cantonlock.com,2
/pt/products/lock-cylinders/,cantonlock.com,2
/products/glass-door-accessories/,cantonlock.com,2
/pt/products/night-latches-rim-locks/5834-night-latch-and-rim-lock/,cantonlock.com,2
/pt/products/knob-locks/575-abet-tubular-lock/,cantonlock.com,2
/pt/products/bathroom-accessories/bh56-bathroom-accessories/,cantonlock.com,2
/pt/products/hardware-accessories/l001-latch/,cantonlock.com,2
/pt/products/knob-locks/5807-ssr-commercial-lock/,cantonlock.com,2
/guides/cylindrical-and-tubular-lock-comparison-2026/,cantonlock.com,2
/collections/knob-locks-commercial-locks/,cantonlock.com,2
/pt/products/knob-locks/598-snbk-tubular-lock/,cantonlock.com,2
/pt/products/glass-door-accessories/stainless-steel-glass-door-pull-handle/,cantonlock.com,2
/pt/products/hardware-accessories/ds02-door-stopper/,cantonlock.com,2
/guides/door-closer-power-size-2026/,cantonlock.com,2
/pt/products/grip-handle-sets/dh02-pb-grip-handle-set/,cantonlock.com,2
/pt/products/panic-exit-devices/023-ps-panic-exit-device-trim/,cantonlock.com,2
/pt/products/lock-cylinders/65sn-lock-cylinder/,cantonlock.com,2
/pt/products/lock-cases/hyde-ar4-1121-hook-bolt-lock/,cantonlock.com,2
/pt/products/panic-exit-devices/039-panic-exit-device-trim/,cantonlock.com,2
/pt/products/deadbolts/d101-ab-deadbolts/,cantonlock.com,2
/pt/product-studies/,cantonlock.com,2
/pt/products/stainless-steel-handles/9008e-stainless-steel-handle/,cantonlock.com,2
/pt/products/night-latches-rim-locks/5683-night-latch-and-rim-lock/,cantonlock.com,2
/videos/products/lh855-bnbk-lever-handle.mp4,cantonlock.com,2
/pt/products/hardware-accessories/fb014-door-flush-bolt/,cantonlock.com,2
/pt/products/lock-cases/7066-lock-case/,cantonlock.com,2
/pt/products/lever-handles/807-abbk-lever-handle/,cantonlock.com,2
/pt/products/night-latches-rim-locks/5835-night-latch-and-rim-lock/,cantonlock.com,2
/pt/products/lock-cases/lc04-85-60-lock-case/,cantonlock.com,2
/pt/products/lock-cylinders/54-dk-lock-cylinder/,cantonlock.com,2
/pt/products/knob-locks/578-acet-light-duty-cylindrical-lock/,cantonlock.com,2
/es/products/bathroom-accessories/bh36-coat-and-hat-hook/,cantonlock.com,2
/products/lock-cases/hyde-ar4-110-mortise-lock/,cantonlock.com,2
/pt/products/hardware-accessories/l008-latch/,cantonlock.com,2
/products/brass-steel-hinges/ssh023-brass-and-steel-hinges/,cantonlock.com,2
/pt/products/knob-locks/598-snet-tubular-lock/,cantonlock.com,2
/pt/products/lever-handles/lh854-snet-lever-handle/,cantonlock.com,2
/pt/products/knob-locks/cylindrical-knob-lock/,cantonlock.com,2
/products/deadbolts/,cantonlock.com,2
/pt/products/night-latches-rim-locks/1073d-night-latch-and-rim-lock/,cantonlock.com,2
/collections/hardware-accessories-door-viewers/,cantonlock.com,2
/products/lock-cylinders/,cantonlock.com,2
/pt/products/lever-handles/836-lever-handle/,cantonlock.com,2
/pt/products/knob-locks/587-pbet-light-duty-cylindrical-lock/,cantonlock.com,2
/collections/glass-door-accessories-glass-door-handles/,cantonlock.com,2
/pt/products/lock-cases/lc8525-lock-case/,cantonlock.com,2
/videos/products/026-panic-exit-device.mp4,cantonlock.com,2
/videos/products/313-panic-exit-device.mp4,cantonlock.com,2
/pt/guides/door-hardware-hs-codes-2026/,cantonlock.com,2
/collections/knob-locks-heavy-duty-cylindrical-locks/,cantonlock.com,2
/pt/products/lock-cases/lc03-85-45mm-lock-case/,cantonlock.com,2
/pt/products/lock-cylinders/70bk-lock-cylinder/,cantonlock.com,2
/pt/products/lock-cylinders/70-sndk-lock-cylinder/,cantonlock.com,2
/pt/products/stainless-steel-handles/9001-stainless-steel-handle/,cantonlock.com,2
/_next/static/chunks/2u7pde0dsf6s2.js,cantonlock.com,2
/videos/products/607-acbk-tubular-lock.mp4,cantonlock.com,2
/pt/products/grip-handle-sets/ansi-grade-3-keyed-deadbolt-lock-set/,cantonlock.com,2
/products/brass-steel-hinges/stainless-steel-door-hinge/,cantonlock.com,2
/pt/products/stainless-steel-handles/nc181-stainless-steel-handle/,cantonlock.com,2
/pt/products/knob-locks/598-sset-tubular-lock/,cantonlock.com,2
/pt/products/lock-cylinders/60-sndk-lock-cylinder/,cantonlock.com,2
/projects/hospitality-residential-door-package/,cantonlock.com,2
/pt/news/mortise-lock-backset-and-centre-distance-guide/,cantonlock.com,2
/pt/products/hardware-accessories/l003-latch/,cantonlock.com,2
/pt/products/knob-locks/9210-sset-tubular-lock/,cantonlock.com,2
/products/lever-handles/853-snbk-lever-handle/,cantonlock.com,2
/pt/products/lock-cases/lc09-85-60mm-lock-case/,cantonlock.com,2
/pt/products/lever-handles/8803-snbk-lever-handle/,cantonlock.com,2
/pt/products/knob-locks/595-acet-tubular-lock/,cantonlock.com,2
/pt/products/hardware-accessories/ds09-door-stopper/,cantonlock.com,2
/pt/products/panic-exit-devices/316-d-panic-exit-device/,cantonlock.com,2
/pt/products/knob-locks/5831-90mm-black-tubular-lock/,cantonlock.com,2
/pt/products/lock-cylinders/45bn-lock-cylinder/,cantonlock.com,2
/pt/products/door-closers/ju-073-door-closer/,cantonlock.com,2
/pt/products/lock-cases/hyde-ar4-140-mortise-lock/,cantonlock.com,2
/pt/products/brass-steel-hinges/ssh031-brass-and-steel-hinges/,cantonlock.com,2
/pt/products/glass-door-accessories/107-glass-door-handle/,cantonlock.com,2
/pt/products/knob-locks/598-tubular-lock/,cantonlock.com,2
/pt/products/knob-locks/607-pbbk-tubular-lock/,cantonlock.com,2
/pt/products/lever-handles/eh03-lever-handle/,cantonlock.com,2
/pt/products/panic-exit-devices/023-et-panic-exit-device-trim/,cantonlock.com,2
/pt/products/lock-cylinders/60-pbkt-lock-cylinder/,cantonlock.com,2
/pt/products/glass-door-accessories/112-glass-door-handle/,cantonlock.com,2
/videos/products/3431-sset-lever-handle.mp4,cantonlock.com,2
/pt/products/knob-locks/578-snet-light-duty-cylindrical-lock/,cantonlock.com,2
/pt/products/lever-handles/lh855-snbk-lever-handle/,cantonlock.com,2
/config.toml,auth.cantonlock.com,2
/pt/products/lock-cases/6068-mortise-lever-handle-lock/,cantonlock.com,2
/pt/products/stainless-steel-handles/ncd-stainless-steel-handle/,cantonlock.com,2
/pt/compare/glass-door-accessories/,cantonlock.com,2
/request/price-list/,cantonlock.com,2
/es/products/bathroom-accessories/bh06-hook-rail/,cantonlock.com,2
/pt/products/panic-exit-devices/026-panic-exit-device-trim/,cantonlock.com,2
/pt/products/lock-cases/lc18-lock-case/,cantonlock.com,2
/pt/products/stainless-steel-handles/9014s-stainless-steel-handle/,cantonlock.com,2
/pt/products/stainless-steel-handles/9008s-stainless-steel-handle/,cantonlock.com,2
/pt/products/panic-exit-devices/303-panic-exit-device/,cantonlock.com,2
/pt/products/lock-cylinders/80-pbkt-lock-cylinder/,cantonlock.com,2
/pt/compare/knob-locks/,cantonlock.com,2
/pt/products/lock-cases/hy-0ss-lock-case/,cantonlock.com,2
/products/hardware-accessories/stainless-steel-flush-bolt/,cantonlock.com,2
/pt/products/panic-exit-devices/320-two-point-locking-exit-device/,cantonlock.com,2
/pt/products/lock-cylinders/70-abkt-cp-lock-cylinder/,cantonlock.com,2
/pt/products/hardware-accessories/fb016-door-flush-bolt/,cantonlock.com,2
/pt/downloads/,cantonlock.com,2
/products/door-closers/ju-093-door-closer/,cantonlock.com,2
/pt/products/panic-exit-devices/dsl02-panic-exit-device/,cantonlock.com,2
/pt/products/panic-exit-devices/035-panic-exit-device-trim/,cantonlock.com,2
/pt/collections/hardware-accessories-house-numbers/,cantonlock.com,2
/pt/products/grip-handle-sets/70900-mbet-grip-handle-set/,cantonlock.com,2
/products/argentina-ar4/,cantonlock.com,2
/pt/products/door-closers/ju-051-door-closer/,cantonlock.com,2
/guides/door-thickness-to-cylinder-length-2026/,cantonlock.com,2
/pt/products/deadbolts/d101-pb-deadbolts/,cantonlock.com,2
/pt/products/glass-door-accessories/102-glass-door-handle/,cantonlock.com,2
/pt/products/lock-cases/hyde-ar4-101-mortise-lock/,cantonlock.com,2
/pt/products/hardware-accessories/dust-proof-01-door-viewer/,cantonlock.com,2
/pt/products/stainless-steel-handles/ncb-stainless-steel-handle/,cantonlock.com,2
/collections/hardware-accessories-power-transfer-devices/,cantonlock.com,2
/pt/products/lever-handles/stainless-steel-lever-handle-lock/,cantonlock.com,2
/mcp,www.cantonlock.com,2
/pt/products/bathroom-accessories/bh51-shower-shelf/,cantonlock.com,2
/pt/products/knob-locks/5807-sscl-commercial-lock/,cantonlock.com,2
/collections/hardware-accessories-indicators/,cantonlock.com,2
/guides/specification-section-08-71-00-2026/,cantonlock.com,2
/api/templates/preview,www.cantonlock.com,2
/pt/products/hardware-accessories/dv11-door-viewer/,cantonlock.com,2
/pt/products/bathroom-accessories/bh58-bathroom-accessories/,cantonlock.com,2
/pt/products/panic-exit-devices/015-panic-exit-device-trim/,cantonlock.com,2
/pt/products/glass-door-accessories/108-glass-door-handle/,cantonlock.com,2
/pt/products/bathroom-accessories/bh15-80mm-bathroom-accessories/,cantonlock.com,2
/pt/products/lever-handles/8828-lever-handle/,cantonlock.com,2
/pt/products/lever-handles/8803-snet-lever-handle/,cantonlock.com,2
/_next/static/chunks/1qtgck0rhamlq.css,cantonlock.com,2
/products/door-closers/ju-072-door-closer/,cantonlock.com,2
/pt/products/knob-locks/5874-acet-heavy-duty-cylindrical-lock/,cantonlock.com,2
/pt/products/sliding-hook-locks/s02-cp-sliding-hook-lock/,cantonlock.com,2
/pt/products/lever-handles/black-tubular-lever-lock-set/,cantonlock.com,2
/pt/products/lock-cylinders/45-snik-lock-cylinder/,cantonlock.com,2
/es/products/bathroom-accessories/bh38-robe-hook/,cantonlock.com,2
/pt/products/glass-door-accessories/f110-glass-door-patch-fittings/,cantonlock.com,2
/pt/products/stainless-steel-handles/9014-stainless-steel-handle/,cantonlock.com,2
/pt/products/glass-door-accessories/f132-glass-door-patch-fittings/,cantonlock.com,2
/pt/products/lock-cases/ai8530-lock-case/,cantonlock.com,2
/pt/products/lock-cylinders/70-mbdk-cp-lock-cylinder/,cantonlock.com,2
/pt/products/grip-handle-sets/,cantonlock.com,2
/es/guides/,cantonlock.com,2
/pt/products/lock-cylinders/56-sn-lock-cylinder/,cantonlock.com,2
/pt/products/lock-cases/lc8525b-lock-case/,cantonlock.com,2
/products/lever-handles/,cantonlock.com,2
/videos/products/5874-acet-heavy-duty-cylindrical-lock.mp4,cantonlock.com,2
/pt/products/lock-cases/lc45-85-lock-case/,cantonlock.com,2
/pt/products/lock-cases/lc19-lock-case/,cantonlock.com,2
/_next/static/chunks/2dcx8xnmyoztc.js,cantonlock.com,2
/pt/products/brass-steel-hinges/ssh017-brass-and-steel-hinges/,cantonlock.com,2
/docker/.env,www.cantonlock.com,2
/pt/products/hardware-accessories/ds022-door-stopper/,cantonlock.com,2
/pt/products/stainless-steel-handles/9087-ss-stainless-steel-handle/,cantonlock.com,2
/pt/products/panic-exit-devices/307-panic-exit-device/,cantonlock.com,2
/pt/products/grip-handle-sets/70610-ab-grip-handle-set/,cantonlock.com,2
/videos/products/5870-sset-heavy-duty-cylindrical-lock.mp4,cantonlock.com,2
/pt/products/stainless-steel-handles/9015-stainless-steel-handle/,cantonlock.com,2
/pt/products/lever-handles/lh854-lever-handle/,cantonlock.com,2
/pt/products/knob-locks/607-acbk-tubular-lock/,cantonlock.com,2
/pt/products/lever-handles/8826-snbk-lever-handle/,cantonlock.com,2
/_next/static/chunks/0uxhu4z4v3_eo.js,cantonlock.com,2
/pt/products/grip-handle-sets/70722-dc-grip-handle-set/,cantonlock.com,2
/pt/collections/hardware-accessories-door-stoppers/,cantonlock.com,2
/pt/products/knob-locks/5831-sset-heavy-duty-cylindrical-lock/,cantonlock.com,2
/videos/products/5835-night-latch-and-rim-lock.mp4,cantonlock.com,2
/pt/products/lever-handles/3431-snet-lever-handle/,cantonlock.com,2
/pt/products/hardware-accessories/l019-latch/,cantonlock.com,2
/pt/products/panic-exit-devices/301-panic-exit-device/,cantonlock.com,2
/pt/products/lock-cylinders/54-sndk-lock-cylinder/,cantonlock.com,2
/pt/collections/panic-exit-devices-alarmed/,cantonlock.com,2
/pt/products/glass-door-accessories/f111-glass-door-patch-fittings/,cantonlock.com,2
/pt/products/lock-cylinders/45-bnik-lock-cylinder/,cantonlock.com,2
/products/knob-locks/5807-ssr-commercial-lock/,cantonlock.com,2
/pt/products/lever-handles/853-snbk-lever-handle/,cantonlock.com,2
/pt/products/hardware-accessories/f001-security-door-guard/,cantonlock.com,2
/pt/products/stainless-steel-handles/9007e-stainless-steel-handle/,cantonlock.com,2
/pt/products/lever-handles/lh853-cpbk-lever-handle/,cantonlock.com,2
/es/product-studies/,cantonlock.com,2
/collections/panic-exit-devices-exterior-trim/,cantonlock.com,2
/pt/products/brass-steel-hinges/bl027-brass-and-steel-hinges/,cantonlock.com,2
/build/.env,www.cantonlock.com,2
/pt/products/lock-cases/140-lock-case/,cantonlock.com,2
/pt/products/night-latches-rim-locks/5681-night-latch-and-rim-lock/,cantonlock.com,2
/api/.env,cantonlock.com,2
/pt/collections/hardware-accessories-indicators/,cantonlock.com,2
/pt/products/stainless-steel-handles/9004s-stainless-steel-handle/,cantonlock.com,2
/pt/products/brass-steel-hinges/ssh023-brass-and-steel-hinges/,cantonlock.com,2
/products/hardware-accessories/fb001-ac-door-flush-bolt/,cantonlock.com,2
/pt/compare/panic-exit-devices/,cantonlock.com,2
/pt/products/panic-exit-devices/072-panic-exit-device-lock-case/,cantonlock.com,2
/videos/products/609-sset-tubular-lock.mp4,cantonlock.com,2
/pt/products/night-latches-rim-locks/558-night-latch-and-rim-lock/,cantonlock.com,2
/pt/products/glass-door-accessories/105-glass-door-handle/,cantonlock.com,2
/pt/products/stainless-steel-handles/9010e-stainless-steel-handle/,cantonlock.com,2
/pt/products/hardware-accessories/ds013-door-stopper/,cantonlock.com,2
/pt/products/lever-handles/8806-sset-lever-handle/,cantonlock.com,2
/pt/products/lock-cases/lc04-85-70-lock-case/,cantonlock.com,2
/pt/products/lock-cases/1121-lock-case/,cantonlock.com,2
/guides/hinge-grades-and-count-2026/,cantonlock.com,2
/pt/products/lock-cases/lc7065s-lock-case/,cantonlock.com,2
/products/door-closers/ju-051-door-closer/,cantonlock.com,2
/pt/products/knob-locks/575-acet-tubular-lock/,cantonlock.com,2
/pt/products/knob-locks/592-sset-tubular-lock/,cantonlock.com,2
/pt/products/lock-cases/lc02-85-40mm-lock-case/,cantonlock.com,2
/tr/,cantonlock.com,2
/pt/products/lever-handles/8806-ssbk-lever-handle/,cantonlock.com,2
/pt/products/lock-cylinders/60-snkt-lock-cylinder/,cantonlock.com,2
/pt/products/lever-handles/lh852-bnps-lever-handle/,cantonlock.com,2
/pt/collections/glass-door-accessories-glass-door-handles/,cantonlock.com,2
/_astro/pages/index.astro.mjs.map,auth.cantonlock.com:8080,2
/contact/,www.cantonlock.com,2
/pt/products/hardware-accessories/500-indicator/,cantonlock.com,2
/pt/products/lock-cases/lc33-5572-lock-case/,cantonlock.com,2
/pt/products/knob-locks/tubular-knob-lock/,cantonlock.com,2
/pt/products/night-latches-rim-locks/5682-night-latch-and-rim-lock/,cantonlock.com,2
/pt/products/lock-cylinders/single-oval-cylinder-lock-cylinder/,cantonlock.com,2
/pt/products/night-latches-rim-locks/5687-night-latch-and-rim-lock/,cantonlock.com,2
/pt/products/lever-handles/lh853-snet-lever-handle/,cantonlock.com,2
/products/door-closers/ju-073-door-closer/,cantonlock.com,2
/_next/static/chunks/3ea8ukm9q40mn.js,cantonlock.com,2
/pt/,cantonlock.com,2
/pt/products/lock-cylinders/70pb-anti-theft-lock-cylinder/,cantonlock.com,2
/pt/products/lever-handles/lh852-bnet-lever-handle/,cantonlock.com,2
/pt/news/fitting-a-euro-cylinder/,cantonlock.com,2
/pt/products/stainless-steel-handles/lh1085-ss-stainless-steel-handle/,cantonlock.com,2
/pt/products/lock-cases/hy007-lock-case/,cantonlock.com,2
/pt/products/panic-exit-devices/023-etan-anti-pick-panic-exit-device/,cantonlock.com,2
/pt/products/panic-exit-devices/317-cold-room-push-bar-exit-device/,cantonlock.com,2
/pt/products/bathroom-accessories/bh35-bathroom-accessories/,cantonlock.com,2
/products/panic-exit-devices/308-panic-exit-device/,cantonlock.com,2
/credentials.json,www.cantonlock.com,2
/collections/hardware-accessories-door-flush-bolts/,cantonlock.com,2
/pt/products/hardware-accessories/l005-latch/,cantonlock.com,2
/pt/products/lever-handles/803-pbet-lever-handle/,cantonlock.com,2
/pt/collections/panic-exit-devices-multi-point/,cantonlock.com,2
/pt/products/knob-locks/587-pbps-light-duty-cylindrical-lock/,cantonlock.com,2
/pt/products/brass-steel-hinges/ssh011-brass-and-steel-hinges/,cantonlock.com,2
/pt/products/lever-handles/816-snet-lever-handle/,cantonlock.com,2
/pt/products/brass-steel-hinges/ssh013-brass-and-steel-hinges/,cantonlock.com,2
/pt/products/hardware-accessories/dc02-door-coordinator/,cantonlock.com,2
/pt/products/panic-exit-devices/330-panic-exit-device/,cantonlock.com,2
/products/lock-cases/hyde-ar4-101-mortise-lock/,cantonlock.com,2
/pt/products/stainless-steel-handles/600-concealed-sliding-door-handle/,cantonlock.com,2
/pt/products/lock-cylinders/70-bsdk-lock-cylinder/,cantonlock.com,2
/pt/products/hardware-accessories/dv04-door-viewer/,cantonlock.com,2
/pt/products/lock-cylinders/90-bskt-lock-cylinder/,cantonlock.com,2
/products/door-closers/ju-061-door-closer/,cantonlock.com,2
/pt/products/lever-handles/lh853-cpps-lever-handle/,cantonlock.com,2
/pt/products/knob-locks/575-sset-tubular-lock/,cantonlock.com,2
/pt/products/knob-locks/587-sspt-tubular-lock/,cantonlock.com,2
/pt/products/lock-cases/hy007-s-lock-case/,cantonlock.com,2
/pt/products/panic-exit-devices/sh01-panic-exit-device/,cantonlock.com,2
/pt/collections/hardware-accessories-power-transfer-devices/,cantonlock.com,2
/pt/products/panic-exit-devices/305-fire-door-panic-exit-device/,cantonlock.com,2
/es/model-lookup/,cantonlock.com,2
/images/responsive/products/564-night-latch-and-rim-lock-840w.webp,cantonlock.com,2
/products/panic-exit-devices/306-d-panic-exit-device/,cantonlock.com,2
/pt/products/stainless-steel-handles/9004-stainless-steel-handle/,cantonlock.com,2
/pt/products/panic-exit-devices/308-panic-exit-device/,cantonlock.com,2
/pt/products/panic-exit-devices/302-panic-exit-device/,cantonlock.com,2
/videos/products/6491-snet-lever-handle.mp4,cantonlock.com,2
/pt/products/panic-exit-devices/309-s-s-panic-exit-device/,cantonlock.com,2
/pt/products/glass-door-accessories/410-glass-door-handle/,cantonlock.com,2
/pt/collections/knob-locks-light-duty-cylindrical-locks/,cantonlock.com,2
/pt/products/knob-locks/587-mbet-light-duty-cylindrical-lock/,cantonlock.com,2
/pt/collections/hardware-accessories-door-viewers/,cantonlock.com,2
/news/euro-cylinder-range-45-to-90/,cantonlock.com,2
/.env.prod,www.cantonlock.com,2
/pt/products/brass-steel-hinges/,cantonlock.com,2
/videos/products/lh853-snps-lever-handle.mp4,cantonlock.com,2
/pt/products/hardware-accessories/fb005-ac-door-flush-bolt/,cantonlock.com,2
/pt/products/night-latches-rim-locks/h101-night-latch-and-rim-lock/,cantonlock.com,2
/pt/products/night-latches-rim-locks/5836-night-latch-and-rim-lock/,cantonlock.com,2
/pt/products/hardware-accessories/ds010-door-stopper/,cantonlock.com,2
/pt/products/knob-locks/587-sset-light-duty-cylindrical-lock/,cantonlock.com,2
/pt/products/hardware-accessories/l016-latch/,cantonlock.com,2
/pt/products/lock-cases/lc8520-lock-case/,cantonlock.com,2
/id_ed25519,auth.cantonlock.com:8080,2
/Dockerfile,www.cantonlock.com,2
/collections/knob-locks-light-duty-cylindrical-locks/,cantonlock.com,2
/pt/collections/hardware-accessories-latches/,cantonlock.com,2
/pt/compare/door-closers/,cantonlock.com,2
/pt/products/hardware-accessories/l009-latch/,cantonlock.com,2
/.gitlab-ci.yml,www.cantonlock.com,2
/pt/products/brass-steel-hinges/bl029-brass-and-steel-hinges/,cantonlock.com,2
/pt/products/lock-cases/lc14-85-50mm-lock-case/,cantonlock.com,2
/pt/products/sliding-hook-locks/881-ss-sliding-hook-lock/,cantonlock.com,2
/@fs/proc/self/cmdline,cantonlock.com,2
/pt/products/door-closers/ju-088-door-closer/,cantonlock.com,2
/pt/products/panic-exit-devices/315-pry-latch/,cantonlock.com,2
/.env,cantonlock.com:8080,2
/userfiles,www.cantonlock.com,2
/news/choosing-a-cylindrical-lock-entrance-privacy-passage/,cantonlock.com,2
/finishes/,cantonlock.com,2
/pt/products/lock-cases/hy006et-lock-case/,cantonlock.com,2
/guides/en-ansi-bhma-cross-reference-2026/,cantonlock.com,2
/pt/products/hardware-accessories/l021-latch/,cantonlock.com,2
/pt/products/lock-cylinders/60-bskt-lock-cylinder/,cantonlock.com,2
/pt/products/door-closers/ju-072-door-closer/,cantonlock.com,2
/pt/products/lock-cylinders/70snkt-3-lock-cylinder/,cantonlock.com,2
/products/stainless-steel-handles/lh1056-ss-stainless-steel-handle/,cantonlock.com,2
/pt/products/panic-exit-devices/308-d-d-panic-exit-device/,cantonlock.com,2
/products/panic-exit-devices/320-two-point-locking-exit-device/,cantonlock.com,2
/es/collections/care-grab-bars-flip-up-grab-bars/,cantonlock.com,2
/pt/products/hardware-accessories/f002-security-door-guard/,cantonlock.com,2
/pt/products/stainless-steel-handles/9002e-stainless-steel-handle/,cantonlock.com,2
/products/knob-locks/607-sset-tubular-lock/,cantonlock.com,2
/pt/products/lock-cylinders/80-sndk-cp-lock-cylinder/,cantonlock.com,2
/pt/products/bathroom-accessories/bh43-bathroom-accessories/,cantonlock.com,2
/pt/products/night-latches-rim-locks/night-latch-rim-lock/,cantonlock.com,2
/pt/products/lock-cases/lc8530bk-lock-case/,cantonlock.com,2
/pt/products/panic-exit-devices/311-panic-exit-device/,cantonlock.com,2
/pt/compare/hardware-accessories/,cantonlock.com,2
/pt/products/lock-cases/hy006dk-lock-case/,cantonlock.com,2
/pt/collections/glass-door-accessories-glass-door-patch-fittings/,cantonlock.com,2
/pt/products/brass-steel-hinges/ch01-brass-and-steel-hinges/,cantonlock.com,2
/certifications/,cantonlock.com,2
/pt/products/knob-locks/575-cpet-tubular-lock/,cantonlock.com,2
/pt/products/brass-steel-hinges/ssh018-brass-and-steel-hinges/,cantonlock.com,2
/videos/products/dc01-panic-exit-device.mp4,cantonlock.com,2
/collections/knob-locks-tubular-locks/,cantonlock.com,2
/products/stainless-steel-handles/9001-stainless-steel-handle/,cantonlock.com,2
/pt/products/panic-exit-devices/313-panic-exit-device/,cantonlock.com,2
/pt/products/knob-locks/9210-pbet-tubular-lock/,cantonlock.com,2
/pt/products/knob-locks/587-pbbk-light-duty-cylindrical-lock/,cantonlock.com,2
/pt/products/panic-exit-devices/312-panic-exit-device/,cantonlock.com,2
/pt/configurator/,cantonlock.com,2
/pt/guides/,cantonlock.com,2
/pt/products/panic-exit-devices/037-panic-exit-device-trim/,cantonlock.com,2
/products/bathroom-accessories/,cantonlock.com,2
/pt/products/brass-steel-hinges/aah024-brass-and-steel-hinges/,cantonlock.com,2
/pt/products/panic-exit-devices/300-panic-exit-device/,cantonlock.com,2
/pt/products/lock-cases/lc05-8560-lock-case/,cantonlock.com,2
/pt/products/stainless-steel-handles/9005s-stainless-steel-handle/,cantonlock.com,2
/pt/products/stainless-steel-handles/lh1083-ss-stainless-steel-handle/,cantonlock.com,2
/news/door-coordinator-double-fire-door/,cantonlock.com,2
/collections/hardware-accessories-house-numbers/,cantonlock.com,2
/pt/products/lock-cylinders/70anti-theft-lock-cylinder/,cantonlock.com,2
/de/products/,cantonlock.com,2
/pt/products/stainless-steel-handles/9007-stainless-steel-handle/,cantonlock.com,2
/pt/compare/stainless-steel-handles/,cantonlock.com,2
/pt/products/stainless-steel-handles/9012e-stainless-steel-handle/,cantonlock.com,2
/pt/products/night-latches-rim-locks/1073s-night-latch-and-rim-lock/,cantonlock.com,2
/pt/products/panic-exit-devices/027-panic-exit-device-trim/,cantonlock.com,2
/pt/products/lock-cases/hy008-lock-case/,cantonlock.com,2
/pt/products/knob-locks/592-pbps-tubular-lock/,cantonlock.com,2
/pt/products/knob-locks/609-sset-tubular-lock/,cantonlock.com,2
/pt/products/glass-door-accessories/19-130mm-glass-door-handle/,cantonlock.com,2
/api/.env/public/.env,cantonlock.com,2
/pt/products/stainless-steel-handles/9021-stainless-steel-handle/,cantonlock.com,2
/products/lock-cases/6068-mortise-lever-handle-lock/,cantonlock.com,2
/pt/products/lock-cylinders/65-snkt-lock-cylinder/,cantonlock.com,2
/pt/products/panic-exit-devices/309-d-double-door-panic-exit-device/,cantonlock.com,2
/fr/,cantonlock.com,2
/pt/products/hardware-accessories/dv10-door-viewer/,cantonlock.com,2
/pt/products/glass-door-accessories/106-glass-door-handle/,cantonlock.com,2
/pt/products/hardware-accessories/dv12-b-door-viewer/,cantonlock.com,2
/pt/products/knob-locks/607-spet-tubular-lock/,cantonlock.com,2
/pt/products/door-closers/ju-061-door-closer/,cantonlock.com,2
/pt/products/lock-cases/hyde-ar4-110-mortise-lock/,cantonlock.com,2
/pt/products/glass-door-accessories/glass-door-patch-fitting-set/,cantonlock.com,2
/pt/faq/,cantonlock.com,2
/pt/news/,cantonlock.com,2
/pt/products/care-grab-bars/bh56-flip-up-grab-bar/,cantonlock.com,2
/products/bathroom-accessories/bh06-hook-rail/,cantonlock.com,2
/pt/products/lock-cases/lc7065ps-lock-case/,cantonlock.com,2
/pt/products/grip-handle-sets/70710-sn-grip-handle-set/,cantonlock.com,2
/secrets.json,cantonlock.com,2
/8mjnxvvmmxjeu94dqp9t,cantonlock.com,2
/products/bathroom-accessories/bh23-toilet-roll-holder-with-shelf/,cantonlock.com,2
/pt/products/lever-handles/3431-sset-lever-handle/,cantonlock.com,2
/collections/panic-exit-devices-multi-point/,cantonlock.com,2
/images../.env,auth.cantonlock.com:8080,2
/pt/products/lock-cylinders/70sn-lock-cylinder/,cantonlock.com,2
/pt/products/glass-door-accessories/104-glass-door-handle/,cantonlock.com,2
/pt/products/hardware-accessories/dv08-door-viewer/,cantonlock.com,2
/pt/collections/knob-locks-tubular-locks/,cantonlock.com,2
/api/w/default/jobs_u/get_log_file/../../../../proc/self/environ,auth.cantonlock.com:8080,2
/videos/products/lh852-bnet-lever-handle.mp4,cantonlock.com,2
/pt/products/panic-exit-devices/9080e-panic-exit-device-trim/,cantonlock.com,2
/pt/products/lock-cases/lc9045-lock-case/,cantonlock.com,2
/userfiles,cantonlock.com,2
/pt/products/knob-locks/609-pbet-tubular-lock/,cantonlock.com,2
/pt/products/night-latches-rim-locks/g559-night-latch-and-rim-lock/,cantonlock.com,2
/pt/products/lever-handles/812-sset-lever-handle/,cantonlock.com,2
/pt/products/panic-exit-devices/dc01-panic-exit-device/,cantonlock.com,2
/pt/products/stainless-steel-handles/nc046-stainless-steel-handle/,cantonlock.com,2
/pt/products/hardware-accessories/l018-latch/,cantonlock.com,2
/pt/products/lever-handles/lh853-snps-lever-handle/,cantonlock.com,2
/es/products/bathroom-accessories/bh27-wire-soap-dish/,cantonlock.com,2
/pt/products/lock-cases/lc8525-ps-lock-case/,cantonlock.com,2
/pt/products/bathroom-accessories/stainless-steel-wall-hook/,cantonlock.com,2
/pt/products/lever-handles/8826-snet-lever-handle/,cantonlock.com,2
/pt/products/hardware-accessories/fb005-door-flush-bolt/,cantonlock.com,2
/conf/.env,auth.cantonlock.com:8080,2
/pt/products/brass-steel-hinges/ssh015-brass-and-steel-hinges/,cantonlock.com,2
/collections/hardware-accessories-security-door-guards/,cantonlock.com,2
/pt/products/lock-cylinders/60-cpdk-lock-cylinder/,cantonlock.com,2
/pt/products/lever-handles/s802-snet-lever-handle/,cantonlock.com,2
/pt/products/lock-cases/lc9230-lock-case/,cantonlock.com,2
/pt/products/panic-exit-devices/028-panic-exit-device-trim/,cantonlock.com,2
/settings.json,auth.cantonlock.com:8080,2
/_next/static/chunks/3d195a1d85d6-.css,cantonlock.com,2
/products/sliding-hook-locks/,cantonlock.com,2
/pt/products/brass-steel-hinges/f100-ss-door-hinge/,cantonlock.com,2
/pt/products/deadbolts/d101-bs-deadbolts/,cantonlock.com,2
/pt/products/lock-cases/lc35-8550-lock-case/,cantonlock.com,2
/pt/products/lock-cylinders/80sn-lock-cylinder/,cantonlock.com,2
/images/responsive/products/ssh016-brass-and-steel-hinges-480w.webp,cantonlock.com,2
/pt/products/night-latches-rim-locks/5833-night-latch-and-rim-lock/,cantonlock.com,2
/service-account.json,cantonlock.com,2
/pt/products/door-closers/wooden-door-floor-hinge/,cantonlock.com,2
/pt/products/lever-handles/836-snet-lever-handle/,cantonlock.com,2
/collections/panic-exit-devices-alarmed/,cantonlock.com,2
/videos/products/310-panic-exit-device.mp4,cantonlock.com,2
/pt/products/panic-exit-devices/316-s-panic-exit-device/,cantonlock.com,2
/pt/products/deadbolts/d102-ss-deadbolts/,cantonlock.com,2
/pt/products/panic-exit-devices/310-panic-exit-device/,cantonlock.com,2
/pt/products/lock-cylinders/70-ackt-bk-lock-cylinder/,cantonlock.com,2
/pt/products/stainless-steel-handles/9005e-stainless-steel-handle/,cantonlock.com,2
/pt/products/glass-door-accessories/100-glass-door-handle/,cantonlock.com,2
/api/v1/config,auth.cantonlock.com:8080,2
/pt/products/night-latches-rim-locks/s564-night-latch-and-rim-lock/,cantonlock.com,2
/pt/products/lock-cylinders/90-sndk-lock-cylinder/,cantonlock.com,2
/pt/products/lock-cases/lc8530ps-lock-case/,cantonlock.com,2
/pt/products/knob-locks/607-pbet-tubular-lock/,cantonlock.com,2
/images/products-hyde/bh57-double-flip-up-grab-bar.webp,cantonlock.com,2
/pt/products/knob-locks/5807-sscr-commercial-lock/,cantonlock.com,2
/pt/products/lock-cases/lc20-lock-case/,cantonlock.com,2
/pt/collections/knob-locks-heavy-duty-cylindrical-locks/,cantonlock.com,2
/pt/certifications/,cantonlock.com,2
/documents/,cantonlock.com,2
/pt/products/brass-steel-hinges/ssh012-brass-and-steel-hinges/,cantonlock.com,2
/pt/products/bathroom-accessories/bh51-bathroom-accessories/,cantonlock.com,2
/pt/products/lever-handles/lh855-bnbk-lever-handle/,cantonlock.com,2
/products/stainless-steel-handles/,cantonlock.com,2
/products/hardware-accessories/,cantonlock.com,2
/pt/products/hardware-accessories/ds05-door-stopper/,cantonlock.com,2
/pt/products/lock-cases/lc21-85-50mm-lock-case/,cantonlock.com,2
/products/panic-exit-devices/306-ps-panic-exit-device/,cantonlock.com,2
/products/lock-cases/hyde-ar4-1121-hook-bolt-lock/,cantonlock.com,2
/pt/products/grip-handle-sets/70710-pb-grip-handle-set/,cantonlock.com,2
/products/lock-cases/,cantonlock.com,2
/pt/products/lever-handles/6491-snet-lever-handle/,cantonlock.com,2
/pt/products/stainless-steel-handles/lh1033-ss-stainless-steel-handle/,cantonlock.com,2
/pt/products/panic-exit-devices/036-panic-exit-device/,cantonlock.com,2
/pt/products/deadbolts/,cantonlock.com,2
/pt/products/hardware-accessories/f006-security-door-guard/,cantonlock.com,2
/products/knob-locks/5874-acet-heavy-duty-cylindrical-lock/,cantonlock.com,2
/pt/products/bathroom-accessories/bh01-bathroom-accessories/,cantonlock.com,2
/pt/products/stainless-steel-handles/lh1016-stainless-steel-handle/,cantonlock.com,2
/es/guides/key-blanks-and-restricted-profiles-2026/,cantonlock.com,2
/pt/collections/hardware-accessories-door-flush-bolts/,cantonlock.com,2
/es/products/bathroom-accessories/bh21-toilet-roll-holder/,cantonlock.com,2
/pt/products/lock-cases/lc8520b-lock-case/,cantonlock.com,2
/pt/products/panic-exit-devices/x2-panic-exit-device-trim/,cantonlock.com,2
/pt/products/stainless-steel-handles/nc182-stainless-steel-handle/,cantonlock.com,2
/pt/products/lock-cases/lc8535-lock-case/,cantonlock.com,2
/pt/products/lever-handles/808-mbet-lever-handle/,cantonlock.com,2
/pt/products/panic-exit-devices/033-panic-exit-device-trim/,cantonlock.com,2
/pt/collections/panic-exit-devices-fire-door/,cantonlock.com,2
/pt/products/lock-cylinders/47bsik-lock-cylinder/,cantonlock.com,2
/_next/static/chunks/3ajfzgs0f052x.js,cantonlock.com,2
/videos/products/807-abbk-lever-handle.mp4,cantonlock.com,2
/pt/projects/,cantonlock.com,2
/pt/products/hardware-accessories/dust-proof-02-door-viewer/,cantonlock.com,2
/pt/products/lock-cases/lc5845-lock-case/,cantonlock.com,2
/pt/products/door-closers/ju-093-door-closer/,cantonlock.com,2
/pt/products/stainless-steel-handles/nc013-stainless-steel-handle/,cantonlock.com,2
/products/knob-locks/5807-sscl-commercial-lock/,cantonlock.com,2
/pt/products/night-latches-rim-locks/1073d-mb-night-latch-and-rim-lock/,cantonlock.com,2
/collections/panic-exit-devices-fire-door/,cantonlock.com,2
/pt/products/deadbolts/d103-ac-deadbolts/,cantonlock.com,2
/pt/products/lever-handles/lh852-bnbk-lever-handle/,cantonlock.com,2
/pt/products/lock-cases/lc07-85-45mm-lock-case/,cantonlock.com,2
/pt/products/lock-cylinders/70-sndk-cp-lock-cylinder/,cantonlock.com,2
/pt/products/brass-steel-hinges/b024-brass-and-steel-hinges/,cantonlock.com,2
/pt/products/bathroom-accessories/bh05-bathroom-accessories/,cantonlock.com,2
/pt/products/knob-locks/587-ssbk-light-duty-cylindrical-lock/,cantonlock.com,2
/pt/products/night-latches-rim-locks/f102-night-latch-and-rim-lock/,cantonlock.com,2
/products/lock-cylinders/single-oval-cylinder-lock-cylinder/,cantonlock.com,1
/pt/products/lock-cylinders/80-bskt-lock-cylinder/,cantonlock.com,1
/images/products-hyde/bh52-two-tier-corner-shower-shelf.webp,cantonlock.com,1
/api/uploads/%2e%2e%2f%2e%2e%2f.env,cantonlock.com:8080,1
/admin/.env,www.cantonlock.com,1
/products/grip-handle-sets/70610-ab-grip-handle-set/,cantonlock.com,1
/pt/products/bathroom-accessories/bh08-bathroom-accessories/,cantonlock.com,1
/images/products-hyde/bh56-flip-up-grab-bar-5.webp,cantonlock.com,1
/images/editorial/responsive/news-mortise-lock-inspection-960w.webp,cantonlock.com,1
/pt/collections/panic-exit-devices-exterior-trim/,cantonlock.com,1
/pt/products/night-latches-rim-locks/h102-night-latch-and-rim-lock/,cantonlock.com,1
/guides/technical-drawings-what-to-expect-2026/,cantonlock.com,1
/images/products-hyde/bh23-toilet-roll-holder-with-shelf-2.webp,cantonlock.com,1
/pt/products/glass-door-accessories/f114-glass-door-patch-fittings/,cantonlock.com,1
/images/products-hyde/bh51-shower-shelf-4.webp,cantonlock.com,1
/products/bathroom-accessories/bh20-toilet-roll-holder-with-cover/,cantonlock.com,1
/images/products-hyde/bh22-toilet-roll-holder.webp,cantonlock.com,1
/products/lock-cylinders/70pb-anti-theft-lock-cylinder/,cantonlock.com,1
/pt/compare/sliding-hook-locks/,cantonlock.com,1
/pt/products/stainless-steel-handles/9014-ssbk-stainless-steel-handle/,cantonlock.com,1
/ar/,cantonlock.com,1
/es/products/lever-handles/819-pbet-lever-handle/,cantonlock.com,1
/pt/products/bathroom-accessories/bh50-bathroom-accessories/,cantonlock.com,1
/images/editorial/responsive/dc02-door-coordinator-3x2-800w.webp,cantonlock.com,1
/images/products-hyde/bh18-towel-ring-5.webp,cantonlock.com,1
/images/editorial/responsive/project-glass-entrance-1440w.webp,cantonlock.com,1
/ssl/server.key,cantonlock.com:8080,1
/es/products/care-grab-bars/bh01-grab-bar/,cantonlock.com,1
/products/brass-steel-hinges/ss027-brass-and-steel-hinges/,cantonlock.com,1
/images/products-hyde/bh30-two-tier-corner-shower-basket-3.webp,cantonlock.com,1
/images/products-hyde/bh17-spring-latch.webp,cantonlock.com,1
/videos/products/587-sset-light-duty-cylindrical-lock.mp4,cantonlock.com,1
/images/products-hyde/bh28-shower-basket-2.webp,cantonlock.com,1
/products/grip-handle-sets/,cantonlock.com,1
/images/drawings/1073d-night-latch-and-rim-lock.svg,cantonlock.com,1
/images/products-hyde/bh11-robe-hook-3.webp,cantonlock.com,1
/videos/products/bl027-brass-and-steel-hinges.mp4,cantonlock.com,1
/images/products-hyde/bh06-hook-rail-6.webp,cantonlock.com,1
/es/products/bathroom-accessories/bh51-shower-shelf/,cantonlock.com,1
/products/knob-locks/5870-acet-heavy-duty-cylindrical-lock/,cantonlock.com,1
/products/lock-cylinders/45bn-lock-cylinder/,cantonlock.com,1
/images/editorial-hyde/responsive/polishing-line-960w.webp,cantonlock.com,1
/pt/products/lock-cylinders/xf-1-lock-cylinder/,cantonlock.com,1
/ko/products/,cantonlock.com,1
/pt/products/brass-steel-hinges/6-3-3mm-brass-and-steel-hinges/,cantonlock.com,1
/api/.env,cantonlock.com:8080,1
/products/lock-cases/lc07-85-45mm-lock-case/,cantonlock.com,1
/uploads/allimg/20240524/2-240524164622360.jpg,cantonlock.com,1
/guides/door-closer-mounting-positions-2026/,cantonlock.com,1
/products/brass-steel-hinges/ssh015-brass-and-steel-hinges/,cantonlock.com,1
/images/responsive/products/hyde-ar4-110-640w.webp,cantonlock.com,1
/es/products/night-latches-rim-locks/5834-night-latch-and-rim-lock/,cantonlock.com,1
/products/lock-cases/lc45-85-lock-case/,cantonlock.com,1
/products/bathroom-accessories/bh29-corner-shower-basket/,cantonlock.com,1
/document.php,auth.cantonlock.com:8080,1
/images/products-hyde/bh55-fold-down-shower-seat-video.webp,cantonlock.com,1
/images/products-hyde/bh17-spring-latch-2.webp,cantonlock.com,1
/products/bathroom-accessories/bh12-robe-hook/,cantonlock.com,1
/pt/products/lock-cylinders/70pbdk-cp-anti-theft-lock-cylinder/,cantonlock.com,1
/products/lever-handles/836-lever-handle/,cantonlock.com,1
/images/responsive/products/stainless-steel-flush-bolt-320w.webp,cantonlock.com,1
/images/products-hyde/bh14-robe-hook-4.webp,cantonlock.com,1
/images/products-hyde/bh02-knurled-grab-bar-2.webp,cantonlock.com,1
/products/knob-locks/575-cpet-tubular-lock/,cantonlock.com,1
/images/products-hyde/bh55-fold-down-shower-seat-2.webp,cantonlock.com,1
/images/responsive/products/307-panic-exit-device-480w.webp,cantonlock.com,1
/products/lock-cases/lc21-85-50mm-lock-case/,cantonlock.com,1
/images/products-hyde/bh30-two-tier-corner-shower-basket-5.webp,cantonlock.com,1
/es/products/panic-exit-devices/030-panic-exit-device-trim/,cantonlock.com,1
/mcp,cantonlock.com:8080,1
/products/lock-cases/lc16-lock-case/,cantonlock.com,1
/pt/products/bathroom-accessories/bh21-toilet-roll-holder/,cantonlock.com,1
/products/stainless-steel-handles/nc046-stainless-steel-handle/,cantonlock.com,1
/pt/products/bathroom-accessories/bh17-bathroom-accessories/,cantonlock.com,1
/images/products-hyde/bh18-towel-ring.webp,cantonlock.com,1
/secrets.yml,cantonlock.com:8080,1
/es/products/panic-exit-devices/306-ps-panic-exit-device/,cantonlock.com,1
/pt/products/brass-steel-hinges/b025-brass-and-steel-hinges/,cantonlock.com,1
/products/panic-exit-devices/310-panic-exit-device/,cantonlock.com,1
/api/v1/.env,cantonlock.com:8080,1
/ko/company/,cantonlock.com,1
/_next/static/chunks/2lci7pkqh6zqt.js,cantonlock.com,1
/products/stainless-steel-handles/9011e-stainless-steel-handle/,cantonlock.com,1
/seo/og-default.png,cantonlock.com,1
/images/products-hyde/bh06-hook-rail-3.webp,cantonlock.com,1
/products/lock-cases/hy008-lock-case/,cantonlock.com,1
/images/responsive/products/9014s-stainless-steel-handle-840w.webp,cantonlock.com,1
/pt/products/stainless-steel-handles/9011e-stainless-steel-handle/,cantonlock.com,1
/ru/faq/,cantonlock.com,1
/products/bathroom-accessories/bh19-toilet-roll-holder/,cantonlock.com,1
/_next/static/chunks/24_hnjpk3mop4.js,cantonlock.com,1
/videos/products/316-s-panic-exit-device.mp4,cantonlock.com,1
/products/lock-cases/ai8530-lock-case/,cantonlock.com,1
/images/products-hyde/bh24-paper-towel-dispenser.webp,cantonlock.com,1
/pt/products/brass-steel-hinges/brass-piano-hinge-brass-and-steel-hinges/,cantonlock.com,1
/pt/products/panic-exit-devices/306-ps-panic-exit-device/,cantonlock.com,1
/pt/news/master-key-systems-how-many-levels-you-need/,cantonlock.com,1
/uploads/allimg/20220926/2-22092616023N31.jpg,cantonlock.com,1
/products/brass-steel-hinges/ss026-brass-and-steel-hinges/,cantonlock.com,1
/products/night-latches-rim-locks/564-night-latch-and-rim-lock/,cantonlock.com,1
/_next/static/chunks/1o8rparc69jsm.js,cantonlock.com,1
/products/brass-steel-hinges/ssh016-brass-and-steel-hinges/,cantonlock.com,1
/images/products-hyde/bh09-hook-rail-2.webp,cantonlock.com,1
/images/editorial-hyde/responsive/hyde-real-hinge-plate-960w.webp,cantonlock.com,1
/products/stainless-steel-handles/9005e-stainless-steel-handle/,cantonlock.com,1
/es/products/bathroom-accessories/bh22-toilet-roll-holder/,cantonlock.com,1
/pt/products/lever-handles/8828-sset-lever-handle/,cantonlock.com,1
/es/finishes/,cantonlock.com,1
/products/panic-exit-devices/030-panic-exit-device/,cantonlock.com,1
/guides/hardware-warranty-what-it-covers-2026/,cantonlock.com,1
/images/editorial/guides-reference-desk-960.webp,cantonlock.com,1
/read-document,www.cantonlock.com,1
/es/documents/,cantonlock.com,1
/cmd/.env,cantonlock.com:8080,1
/pt/products/bathroom-accessories/bh54-double-robe-hook/,cantonlock.com,1
/pt/products/bathroom-accessories/bh52-bathroom-accessories/,cantonlock.com,1
/images/products-hyde/bh09-hook-rail.webp,cantonlock.com,1
/_next/static/chunks/32afafoyi5epb.js,cantonlock.com,1
/tr/company/,cantonlock.com,1
/images/editorial-hyde/responsive/hyde-real-lever-set-dark-800w.webp,cantonlock.com,1
/api/templates/preview,auth.cantonlock.com,1
/pt/products/bathroom-accessories/bh12-robe-hook/,cantonlock.com,1
/images/products-hyde/bh12-robe-hook-4.webp,cantonlock.com,1
/images/products-hyde/bh32-towel-shelf-with-hooks-5.webp,cantonlock.com,1
/pt/products/lock-cases/lc17-lock-case/,cantonlock.com,1
/es/products/panic-exit-devices/x2-panic-exit-device-trim/,cantonlock.com,1
/uploads/allimg/20250509/2-2505091J911936.jpg,www.cantonlock.com,1
/products/knob-locks/607-pbbk-tubular-lock/,cantonlock.com,1
/images/products-hyde/bh58-flip-up-grab-bar-5.webp,cantonlock.com,1
/_next/static/chunks/0g24r9bdcbim8.js,cantonlock.com,1
/images/editorial-hyde/responsive/hyde-real-cylinder-dark-400w.webp,cantonlock.com,1
/products/panic-exit-devices/027-panic-exit-device/,cantonlock.com,1
/products/deadbolts/d101-ac-deadbolts/,cantonlock.com,1
/pt/products/brass-steel-hinges/ssh021-brass-and-steel-hinges/,cantonlock.com,1
/products/bathroom-accessories/bh01-bathroom-accessories/,cantonlock.com,1
/es/products/bathroom-accessories/bh39-robe-hook/,cantonlock.com,1
/images/products-hyde/bh26-soap-dish-5.webp,cantonlock.com,1
/products/lever-handles/8826-snbk-lever-handle/,cantonlock.com,1
/images/editorial-hyde/responsive/hyde-real-lever-plate-480w.webp,cantonlock.com,1
/images/products-hyde/bh14-robe-hook.webp,cantonlock.com,1
/images/products-hyde/bh26-soap-dish-3.webp,cantonlock.com,1
/videos/products/bl029-brass-and-steel-hinges.mp4,cantonlock.com,1
/images/editorial/guides/door-hardware-hs-codes.webp,cantonlock.com,1
/videos/products/ds011-door-stopper.mp4,cantonlock.com,1
/es/products/hardware-accessories/bh15-100mm-barrel-bolt/,cantonlock.com,1
/images/products-hyde/bh28-shower-basket-4.webp,cantonlock.com,1
/images/products-hyde/bh07-hook-rail-2.webp,cantonlock.com,1
/pt/products/grip-handle-sets/70720-sm-grip-handle-set/,cantonlock.com,1
/images/products-hyde/bh27-wire-soap-dish-2.webp,cantonlock.com,1
/images/products-hyde/bh02-knurled-grab-bar-4.webp,cantonlock.com,1
/serviceAccountKey.json,cantonlock.com:8080,1
/products/hardware-accessories/ds011-door-flush-bolt/,cantonlock.com,1
/products/bathroom-accessories/bh07-hook-rail/,cantonlock.com,1
/pt/products/bathroom-accessories/bh21-bathroom-accessories/,cantonlock.com,1
/images/products-hyde/bh33-towel-shelf-3.webp,cantonlock.com,1
/images/products-hyde/bh18-towel-ring-3.webp,cantonlock.com,1
/pt/products/hardware-accessories/fb001-ss-door-flush-bolt/,cantonlock.com,1
/_next/static/chunks/1jp_507vduovv.js,cantonlock.com,1
/products/glass-door-accessories/f123-glass-door-patch-fittings/,cantonlock.com,1
/images/products-hyde/bh31-two-tier-corner-shower-basket-5.webp,cantonlock.com,1
/swagger.json,cantonlock.com:8080,1
/pt/products/bathroom-accessories/bh06-bathroom-accessories/,cantonlock.com,1
/images/responsive/products/311-panic-exit-device-320w.webp,cantonlock.com,1
/images/products-hyde/bh41-robe-hook.webp,cantonlock.com,1
/images/products-hyde/bh55-fold-down-shower-seat-7.webp,cantonlock.com,1
/products/stainless-steel-handles/600-concealed-sliding-door-handle/,cantonlock.com,1
/products/bathroom-accessories/bh38-robe-hook/,cantonlock.com,1
/es/products/bathroom-accessories/bh51-bathroom-accessories/,cantonlock.com,1
/products/knob-locks/5807-sscr-commercial-lock/,cantonlock.com,1
/pt/products/bathroom-accessories/bh27-bathroom-accessories/,cantonlock.com,1
/images/products-hyde/bh40-robe-hook-4.webp,cantonlock.com,1
/pt/products/bathroom-accessories/bh35-soap-dispenser/,cantonlock.com,1
/images/products-hyde/bh31-two-tier-corner-shower-basket-2.webp,cantonlock.com,1
/images/products-hyde/bh33-towel-shelf-2.webp,cantonlock.com,1
/products/lock-cases/lc17-lock-case/,cantonlock.com,1
/products/bathroom-accessories/bh28-shower-basket/,cantonlock.com,1
/es/products/panic-exit-devices/306-d-panic-exit-device/,cantonlock.com,1
/_next/static/chunks/3-g43q2jbn562.js,cantonlock.com,1
/products/hardware-accessories/dv11-door-viewer/,cantonlock.com,1
/pt/products/bathroom-accessories/bh33-bathroom-accessories/,cantonlock.com,1
/projects/commercial-fire-egress-hardware/,cantonlock.com,1
/es/products/lock-cases/6068-mortise-lever-handle-lock/,cantonlock.com,1
/products/brass-steel-hinges/ssh017-brass-and-steel-hinges/,cantonlock.com,1
/pt/products/knob-locks/5870-acet-heavy-duty-cylindrical-lock/,cantonlock.com,1
/images/products-hyde/bh41-robe-hook-3.webp,cantonlock.com,1
/products/night-latches-rim-locks/g559-night-latch-and-rim-lock/,cantonlock.com,1
/pt/products/bathroom-accessories/bh38-robe-hook/,cantonlock.com,1
/products/knob-locks/587-wlet-light-duty-cylindrical-lock/,cantonlock.com,1
/products/knob-locks/tubular-knob-lock/,cantonlock.com,1
/images/products-hyde/bh10-robe-hook-4.webp,cantonlock.com,1
/images/responsive/products/600-concealed-sliding-door-handle-320w.webp,cantonlock.com,1
/images/products-hyde/bh54-double-robe-hook.webp,cantonlock.com,1
/images/products-hyde/bh09-hook-rail-4.webp,cantonlock.com,1
/images/editorial-hyde/responsive/hyde-real-pull-plate-480w.webp,cantonlock.com,1
/news/euro-cylinder-length-and-split/,cantonlock.com,1
/products/brass-steel-hinges/bl031-brass-and-steel-hinges/,cantonlock.com,1
/ko/contact/,cantonlock.com,1
/images/products-hyde/bh20-toilet-roll-holder-with-cover.webp,cantonlock.com,1
/images/editorial/responsive/project-commercial-egress-480w.webp,cantonlock.com,1
/server-status,cantonlock.com:8080,1
/es/products/care-grab-bars/bh02-knurled-grab-bar/,cantonlock.com,1
/pt/products/bathroom-accessories/bh41-robe-hook/,cantonlock.com,1
/de/services/,cantonlock.com,1
/images/products-hyde/bh30-two-tier-corner-shower-basket-2.webp,cantonlock.com,1
/pt/products/night-latches-rim-locks/5689-night-latch-and-rim-lock/,cantonlock.com,1
/images/products-hyde/bh33-towel-shelf.webp,cantonlock.com,1
/guides/powder-coating-and-ral-2026/,cantonlock.com,1
/pt/products/bathroom-accessories/bh37-coat-and-hat-hook/,cantonlock.com,1
/products/glass-door-accessories/gl125-ss-glass-door-patch-fittings/,cantonlock.com,1
/products/lock-cylinders/56-sn-lock-cylinder/,cantonlock.com,1
/images/editorial/guides-reference-desk-1600.webp,cantonlock.com,1
/images/products-hyde/bh19-toilet-roll-holder-6.webp,cantonlock.com,1
/pt/products/hardware-accessories/stainless-steel-flush-bolt/,cantonlock.com,1
/products/bathroom-accessories/bh38-bathroom-accessories/,cantonlock.com,1
/es/products/bathroom-accessories/bh53-bathroom-accessories/,cantonlock.com,1
/images/products-hyde/bh31-two-tier-corner-shower-basket.webp,cantonlock.com,1
/images/responsive/products/nc046-stainless-steel-handle-840w.webp,cantonlock.com,1
/products/knob-locks/9217-bnac-heavy-duty-cylindrical-lock/,cantonlock.com,1
/images/products-hyde/bh40-robe-hook.webp,cantonlock.com,1
/ru/products/,cantonlock.com,1
/images/products-hyde/bh54-double-robe-hook-4.webp,cantonlock.com,1
/products/stainless-steel-handles/9002e-stainless-steel-handle/,cantonlock.com,1
/pt/products/night-latches-rim-locks/564-night-latch-and-rim-lock/,cantonlock.com,1
/_next/static/chunks/07oy1hlc1nakh.js,cantonlock.com,1
/es/products/bathroom-accessories/bh08-hook-rail/,cantonlock.com,1
/es/products/bathroom-accessories/bh54-double-robe-hook/,cantonlock.com,1
/products/lock-cases/hyde-ar4-140-mortise-lock/,cantonlock.com,1
/@fs/proc/self/cwd/.env,cantonlock.com:8080,1
/ja/,cantonlock.com,1
/images/products-hyde/bh25-jumbo-roll-dispenser-3.webp,cantonlock.com,1
/images/products-hyde/bh53-corner-shower-shelf-3.webp,cantonlock.com,1
/pt/products/panic-exit-devices/030-panic-exit-device-trim/,cantonlock.com,1
/products/stainless-steel-handles/hd03-stainless-steel-handle/,cantonlock.com,1
/images/editorial-hyde/responsive/hyde-real-cylinder-plate-480w.webp,cantonlock.com,1
/pt/products/bathroom-accessories/bh20-bathroom-accessories/,cantonlock.com,1
/images/products-hyde/bh39-robe-hook-4.webp,cantonlock.com,1
/images/products-hyde/bh27-wire-soap-dish-4.webp,cantonlock.com,1
/products/night-latches-rim-locks/5836-night-latch-and-rim-lock/,cantonlock.com,1
/dashboard%2F.env,auth.cantonlock.com:8080,1
/config.yml,cantonlock.com,1
/products/hardware-accessories/bh15-80mm-barrel-bolt/,cantonlock.com,1
/images/responsive/products/stainless-steel-flush-bolt-840w.webp,cantonlock.com,1
/de/certifications/,cantonlock.com,1
/pt/products/bathroom-accessories/bh34-bathroom-accessories/,cantonlock.com,1
/products/panic-exit-devices/035-panic-exit-device/,cantonlock.com,1
/products/night-latches-rim-locks/h102-night-latch-and-rim-lock/,cantonlock.com,1
/pt/company/,cantonlock.com,1
/products/lever-handles/lh853-snet-lever-handle/,cantonlock.com,1
/products/bathroom-accessories/bh09-hook-rail/,cantonlock.com,1
/products/grip-handle-sets/70720-sm-grip-handle-set/,cantonlock.com,1
/products/deadbolts/d101-dspb-deadbolts/,cantonlock.com,1
/products/panic-exit-devices/310-panic-exit-device,cantonlock.com,1
/es/products/bathroom-accessories/bh29-corner-shower-basket/,cantonlock.com,1
/es/products/bathroom-accessories/bh07-hook-rail/,cantonlock.com,1
/pt/compare/lever-handles/,cantonlock.com,1
/products/stainless-steel-handles/9004s-stainless-steel-handle/,cantonlock.com,1
/products/lock-cylinders/70anti-theft-lock-cylinder/,cantonlock.com,1
/pt/compare/care-grab-bars/,cantonlock.com,1
/pt/products/bathroom-accessories/bh40-bathroom-accessories/,cantonlock.com,1
/images/editorial-hyde/responsive/hyde-real-control-plate-960w.webp,cantonlock.com,1
/_next/static/chunks/0w5wv0d5wh9y3.css,cantonlock.com,1
/products/hardware-accessories/f002-security-door-guard/,cantonlock.com,1
/pt/products/care-grab-bars/bh01-grab-bar/,cantonlock.com,1
/ar/services/,cantonlock.com,1
/products/stainless-steel-handles/9088-ss-stainless-steel-handle/,cantonlock.com,1
/images/products-hyde/bh36-coat-and-hat-hook-2.webp,cantonlock.com,1
/es/products/bathroom-accessories/bh23-toilet-roll-holder-with-shelf/,cantonlock.com,1
/pt/news/euro-cylinder-range-45-to-90/,cantonlock.com,1
/products/stainless-steel-handles/9021-stainless-steel-handle/,cantonlock.com,1
/images/products-hyde/bh54-double-robe-hook-3.webp,cantonlock.com,1
/images/products-hyde/bh30-two-tier-corner-shower-basket-4.webp,cantonlock.com,1
/pt/products/hardware-accessories/l002-latch/,cantonlock.com,1
/videos/products/303-panic-exit-device.mp4,cantonlock.com,1
/es/products/bathroom-accessories/bh40-robe-hook/,cantonlock.com,1
/es/products/hardware-accessories/l026-latch/,cantonlock.com,1
/videos/products/8803-snbk-lever-handle.mp4,cantonlock.com,1
/pt/products/panic-exit-devices/314-alarm-panic-bar-exit-device/,cantonlock.com,1
/products/knob-locks/578-sset-light-duty-cylindrical-lock/,cantonlock.com,1
/pt/guides/stainless-grade-selection-201-304-316-2026/,cantonlock.com,1
/products/hardware-accessories/l015-latch/,cantonlock.com,1
/es/products/lock-cases/lc8520-lock-case/,cantonlock.com,1
/pt/products/hardware-accessories/bh15-100mm-barrel-bolt/,cantonlock.com,1
/uploads/allimg/20240524/2-240524164622360.jpg,www.cantonlock.com,1
/pt/products/bathroom-accessories/bh54-bathroom-accessories/,cantonlock.com,1
/pt/products/lock-cylinders/70mb-lock-cylinder/,cantonlock.com,1
/es/products/care-grab-bars/bh55-fold-down-shower-seat/,cantonlock.com,1
/ai/.env,cantonlock.com:8080,1
/pt/collections/care-grab-bars-flip-up-grab-bars/,cantonlock.com,1
/products/brass-steel-hinges/brass-piano-hinge-brass-and-steel-hinges/,cantonlock.com,1
/products/lever-handles/lh852-bnbk-lever-handle/,cantonlock.com,1
/images/products-hyde/bh14-robe-hook-6.webp,cantonlock.com,1
/products/glass-door-accessories/f132-glass-door-patch-fittings/,cantonlock.com,1
/products/knob-locks/575-sset-tubular-lock/,cantonlock.com,1
/images/products-hyde/bh14-robe-hook-2.webp,cantonlock.com,1
/pt/products/bathroom-accessories/bh39-robe-hook/,cantonlock.com,1
/products/care-grab-bars/bh55-fold-down-shower-seat/,cantonlock.com,1
/news/door-hardware-schedule-guide/,cantonlock.com,1
/products/bathroom-accessories/bh10-robe-hook/,cantonlock.com,1
/pt/products/bathroom-accessories/bh36-coat-and-hat-hook/,cantonlock.com,1
/images/products-hyde/bh20-toilet-roll-holder-with-cover-2.webp,cantonlock.com,1
/es/products/care-grab-bars/bh57-double-flip-up-grab-bar/,cantonlock.com,1
/images/products-hyde/bh08-hook-rail-4.webp,cantonlock.com,1
/pt/products/bathroom-accessories/bh19-toilet-roll-holder/,cantonlock.com,1
/videos/products/305-fire-door-panic-exit-device.mp4,cantonlock.com,1
/internal/.env,cantonlock.com:8080,1
/products/panic-exit-devices/037-panic-exit-device/,cantonlock.com,1
/images/products-hyde/bh56-flip-up-grab-bar-4.webp,cantonlock.com,1
/pt/products/lock-cylinders/80-bsdk-lock-cylinder/,cantonlock.com,1
/tr/certifications/,cantonlock.com,1
/es/products/bathroom-accessories/bh37-coat-and-hat-hook/,cantonlock.com,1
/products/sliding-hook-locks/s02-cp-sliding-hook-lock/,cantonlock.com,1
/pt/products/lock-cases/lc8535b-lock-case/,cantonlock.com,1
/products/lock-cases/hy006et-lock-case/,cantonlock.com,1
/images/products-hyde/bh29-corner-shower-basket-3.webp,cantonlock.com,1
/collections/care-grab-bars-fixed-grab-bars/,cantonlock.com,1
/images/products-hyde/bh35-soap-dispenser-4.webp,cantonlock.com,1
/products/glass-door-accessories/f110-glass-door-patch-fittings/,cantonlock.com,1
/images/products-hyde/bh42-robe-hook-2.webp,cantonlock.com,1
/images/products-hyde/bh14-robe-hook-3.webp,cantonlock.com,1
/images/editorial-hyde/responsive/hyde-real-application-detail-480w.webp,cantonlock.com,1
/images/products-hyde/bh25-jumbo-roll-dispenser-4.webp,cantonlock.com,1
/images/products-hyde/bh23-toilet-roll-holder-with-shelf-4.webp,cantonlock.com,1
/images/products-hyde/bh32-towel-shelf-with-hooks-3.webp,cantonlock.com,1
/pt/products/knob-locks/592-pbet-tubular-lock/,cantonlock.com,1
/videos/products/bh58-flip-up-grab-bar.mp4,cantonlock.com,1
/products/brass-steel-hinges/ssh018-brass-and-steel-hinges/,cantonlock.com,1
/pt/products/bathroom-accessories/bh26-bathroom-accessories/,cantonlock.com,1
/es/guides/brass-alloys-and-dezincification-2026/,cantonlock.com,1
/configurator/,cantonlock.com,1
/videos/products/023-et-panic-exit-device.mp4,cantonlock.com,1
/products/grip-handle-sets/ansi-grade-3-keyed-deadbolt-lock-set/,cantonlock.com,1
/pt/products/bathroom-accessories/bh07-bathroom-accessories/,cantonlock.com,1
/images/responsive/products/600-concealed-sliding-door-handle-480w.webp,cantonlock.com,1
/guides/key-blanks-and-restricted-profiles-2026,cantonlock.com,1
/products/bathroom-accessories/bh51-shower-shelf/,cantonlock.com,1
/products/grip-handle-sets/70900-et-grip-handle-set/,cantonlock.com,1
/images/products-hyde/bh58-flip-up-grab-bar-4.webp,cantonlock.com,1
/es/products/bathroom-accessories/bh35-soap-dispenser/,cantonlock.com,1
/pt/products/bathroom-accessories/bh10-robe-hook/,cantonlock.com,1
/pt/products/stainless-steel-handles/9082e-stainless-steel-handle/,cantonlock.com,1
/products/lever-handles/812-sset-lever-handle/,cantonlock.com,1
/products/lever-handles/816-snet-lever-handle/,cantonlock.com,1
/products/lever-handles/804-pbet-lever-handle/,cantonlock.com,1
/products/panic-exit-devices/023-etan-anti-pick-panic-exit-device/,cantonlock.com,1
/images/products-hyde/bh16-flat-slide-bolt-2.webp,cantonlock.com,1
/es/products/bathroom-accessories/bh31-two-tier-corner-shower-basket/,cantonlock.com,1
/products/hardware-accessories/ept01-door-power-transfer-devices/,cantonlock.com,1
/products/bathroom-accessories/bh43-toilet-roll-holder/,cantonlock.com,1
/images/products-hyde/bh52-two-tier-corner-shower-shelf-4.webp,cantonlock.com,1
/products/hardware-accessories/dv05-door-viewer/,cantonlock.com,1
/images/products-hyde/bh11-robe-hook.webp,cantonlock.com,1
/pt/products/care-grab-bars/bh03-angled-grab-bar/,cantonlock.com,1
/products/lever-handles/lh853-ps-lever-handle/,cantonlock.com,1
/de/company/,cantonlock.com,1
/pt/products/bathroom-accessories/bh22-toilet-roll-holder/,cantonlock.com,1
/images/products-hyde/bh02-knurled-grab-bar-3.webp,cantonlock.com,1
/pt/products/grip-handle-sets/70610-sc-grip-handle-set/,cantonlock.com,1
/es/products/bathroom-accessories/bh09-hook-rail/,cantonlock.com,1
/uploads/allimg/20221019/2-221019155623Q0.jpg,www.cantonlock.com,1
/pt/products/lock-cases/110-lock-case/,cantonlock.com,1
/products/glass-door-accessories/100-30mm-glass-door-handle/,cantonlock.com,1
/videos/products/ssh016-brass-and-steel-hinges.mp4,cantonlock.com,1
/products/lock-cases/hy-0ss-lock-case/,cantonlock.com,1
/.env.local,www.cantonlock.com,1
/firebase-credentials.json,cantonlock.com,1
/.env.local,auth.cantonlock.com:8080,1
/guides/zinc-alloy-die-cast-hardware-2026/,cantonlock.com,1
/_next/static/chunks/3a8r_dvrrvsv9.js,cantonlock.com,1
/uploads/allimg/20220926/2-2209261GU5351.jpg,cantonlock.com,1
/ru/company/,cantonlock.com,1
/pt/products/bathroom-accessories/bh12-bathroom-accessories/,cantonlock.com,1
/.ssh/known_hosts,cantonlock.com:8443,1
/ko/services/,cantonlock.com,1
/images/products-hyde/bh55-fold-down-shower-seat-4.webp,cantonlock.com,1
/pt/guides/euro-cylinder-size-chart-2026/,cantonlock.com,1
/products/lever-handles/808-snet-lever-handle/,cantonlock.com,1
/es/products/bathroom-accessories/bh56-bathroom-accessories/,cantonlock.com,1
/images/products-hyde/bh27-wire-soap-dish-3.webp,cantonlock.com,1
/pt/products/night-latches-rim-locks/559-night-latch-and-rim-lock/,cantonlock.com,1
/guides/master-key-hierarchy-planning-2026,cantonlock.com,1
/images/products-hyde/bh02-knurled-grab-bar-5.webp,cantonlock.com,1
/images/products-hyde/bh34-towel-bar-2.webp,cantonlock.com,1
/images/products-hyde/bh15-80mm-barrel-bolt-3.webp,cantonlock.com,1
/videos/products/598-snet-tubular-lock.mp4,cantonlock.com,1
/es/products/bathroom-accessories/bh40-bathroom-accessories/,cantonlock.com,1
/images/responsive/products/stainless-steel-flush-bolt-480w.webp,cantonlock.com,1
/products/brass-steel-hinges/f100-ss-door-hinge/,cantonlock.com,1
/pt/products/knob-locks/598-acet-tubular-lock/,cantonlock.com,1
/images/products-hyde/bh57-double-flip-up-grab-bar-4.webp,cantonlock.com,1
/firebase-admin.json,www.cantonlock.com,1
/es/products/care-grab-bars/bh58-flip-up-grab-bar/,cantonlock.com,1
/de/,cantonlock.com,1
/images/products-hyde/bh42-robe-hook.webp,cantonlock.com,1
/products/bathroom-accessories/bh05-hook-rail/,cantonlock.com,1
/pt/products/bathroom-accessories/bh27-wire-soap-dish/,cantonlock.com,1
/icon.svg,cantonlock.com,1
/es/products/bathroom-accessories/bh43-bathroom-accessories/,cantonlock.com,1
/images/products-hyde/bh39-robe-hook.webp,cantonlock.com,1
/images/products-hyde/bh40-robe-hook-3.webp,cantonlock.com,1
/pt/products/bathroom-accessories/bh28-bathroom-accessories/,cantonlock.com,1
/products/lever-handles/8827-sset-lever-handle/,cantonlock.com,1
/products/knob-locks/607-pbps-tubular-lock/,cantonlock.com,1
/videos/products/lh854-snet-lever-handle.mp4,cantonlock.com,1
/products/bathroom-accessories/bh33-towel-shelf/,cantonlock.com,1
/pt/products/bathroom-accessories/bh25-bathroom-accessories/,cantonlock.com,1
/products/night-latches-rim-locks/night-latch-rim-lock/,cantonlock.com,1
/products/hardware-accessories/fb001-ss-door-flush-bolt/,cantonlock.com,1
/es/products/bathroom-accessories/bh26-soap-dish/,cantonlock.com,1
/products/care-grab-bars/bh01-grab-bar/,cantonlock.com,1
/pt/products/hardware-accessories/l015-latch/,cantonlock.com,1
/videos/products/587-mbbk-light-duty-cylindrical-lock.mp4,cantonlock.com,1
/images/products-hyde/bh19-toilet-roll-holder-2.webp,cantonlock.com,1
/products/knob-locks/587-mbet-light-duty-cylindrical-lock/,cantonlock.com,1
/pt/products/bathroom-accessories/bh24-bathroom-accessories/,cantonlock.com,1
/ru/contact/,cantonlock.com,1
/products/night-latches-rim-locks/1073d-night-latch-and-rim-lock/,cantonlock.com,1
/pt/products/lever-handles/853-ssbk-lever-handle/,cantonlock.com,1
/pt/products/knob-locks/607-ssps-tubular-lock/,cantonlock.com,1
/images/products-hyde/bh36-coat-and-hat-hook-3.webp,cantonlock.com,1
/es/products/panic-exit-devices/306-s-panic-exit-device/,cantonlock.com,1
/pt/products/knob-locks/9210-ssbk-tubular-lock/,cantonlock.com,1
/css../.env,cantonlock.com:8080,1
/images/products-hyde/bh15-100mm-barrel-bolt.webp,cantonlock.com,1
/images/products-hyde/bh13-robe-hook.webp,cantonlock.com,1
/products/grip-handle-sets/70900-bk-grip-handle-set/,cantonlock.com,1
/images/products-hyde/bh08-hook-rail-2.webp,cantonlock.com,1
/products/hardware-accessories/l021-latch/,cantonlock.com,1
/products/stainless-steel-handles/lh1016-stainless-steel-handle/,cantonlock.com,1
/images/products-hyde/bh15-100mm-barrel-bolt-2.webp,cantonlock.com,1
/products/bathroom-accessories/bh22-bathroom-accessories/,cantonlock.com,1
/products/knob-locks/587-pbps-light-duty-cylindrical-lock/,cantonlock.com,1
/products/bathroom-accessories/bh13-robe-hook/,cantonlock.com,1
/pt/products/knob-locks/s578-tubular-lock/,cantonlock.com,1
/fr/services/,cantonlock.com,1
/firebase-admin.json,cantonlock.com,1
/images/products-hyde/bh33-towel-shelf-5.webp,cantonlock.com,1
/pt/products/hardware-accessories/dv05-door-viewer/,cantonlock.com,1
/pt/products/hardware-accessories/l006-latch/,cantonlock.com,1
/products/panic-exit-devices/dsl02-panic-exit-device/,cantonlock.com,1
/products/knob-locks/5870-abet-heavy-duty-cylindrical-lock/,cantonlock.com,1
/products/bathroom-accessories/bh09-bathroom-accessories/,cantonlock.com,1
/products/lock-cases/lc06-85-50mm-ps-lock-case/,cantonlock.com,1
/_next/static/chunks/1a07vw21yfu3p.css,cantonlock.com,1
/products/bathroom-accessories/bh39-robe-hook/,cantonlock.com,1
/pt/products/panic-exit-devices/306-s-panic-exit-device/,cantonlock.com,1
/images/products-hyde/bh58-flip-up-grab-bar.webp,cantonlock.com,1
/_next/static/chunks/12q-ysdvrlix8.css,cantonlock.com,1
/images/products-hyde/bh30-two-tier-corner-shower-basket.webp,cantonlock.com,1
/products/glass-door-accessories/107-glass-door-handle/,cantonlock.com,1
/pt/guides/mortise-lock-case-comparison-2026/,cantonlock.com,1
/images/products-hyde/bh30-two-tier-corner-shower-basket-7.webp,cantonlock.com,1
/images/products-hyde/bh56-flip-up-grab-bar-3.webp,cantonlock.com,1
/products/panic-exit-devices/035-panic-exit-device-trim/,cantonlock.com,1
/functionRouter,www.cantonlock.com,1
/products/lever-handles/lh853-bnbk-lever-handle/,cantonlock.com,1
/videos/products/bh57-double-flip-up-grab-bar.mp4,cantonlock.com,1
/images/products-hyde/bh43-toilet-roll-holder-2.webp,cantonlock.com,1
/images/products-hyde/bh21-toilet-roll-holder-4.webp,cantonlock.com,1
/products/stainless-steel-handles/9007s-stainless-steel-handle/,cantonlock.com,1
/pt/products/knob-locks/592-bset-tubular-lock/,cantonlock.com,1
/products/panic-exit-devices/001-panic-exit-device/,cantonlock.com,1
/ja/faq/,cantonlock.com,1
/images/responsive/products/026-panic-exit-device-trim-840w.webp,cantonlock.com,1
/products/lever-handles/lh853-bk-lever-handle/,cantonlock.com,1
/products/door-closers/ju-088a-door-closer/,cantonlock.com,1
/products/knob-locks/9211-bnac-heavy-duty-cylindrical-lock/,cantonlock.com,1
/products/bathroom-accessories/bh50-two-tier-shower-shelf/,cantonlock.com,1
/pt/products/bathroom-accessories/bh22-bathroom-accessories/,cantonlock.com,1
/products/door-closers/ju-071-door-closer/,cantonlock.com,1
/images/products-hyde/bh01-grab-bar-video.webp,cantonlock.com,1
/pt/guides/material-traceability-mill-certs-2026/,cantonlock.com,1
/images/products-hyde/bh34-towel-bar-4.webp,cantonlock.com,1
/_next/static/chunks/3fsrv16g70ph4.js,cantonlock.com,1
/pt/products/bathroom-accessories/bh11-robe-hook/,cantonlock.com,1
/products/bathroom-accessories/bh29-bathroom-accessories/,cantonlock.com,1
/_next/static/chunks/3zp3ole03cbx8.js,cantonlock.com,1
/pt/compare/brass-steel-hinges/,cantonlock.com,1
/__next.!KGVuKQ.__PAGE__.txt,cantonlock.com,1
/images/products-hyde/bh19-toilet-roll-holder-5.webp,cantonlock.com,1
/debug/pprof,cantonlock.com:8080,1
/products/glass-door-accessories/f112-glass-door-patch-fittings/,cantonlock.com,1
/images/products-hyde/bh53-corner-shower-shelf-2.webp,cantonlock.com,1
/news/push-bar-or-touch-bar-panic-exit-devices/,cantonlock.com,1
/pt/products/panic-exit-devices/001-panic-exit-device-trim/,cantonlock.com,1
/images/responsive/products/311-panic-exit-device-480w.webp,cantonlock.com,1
/products/knob-locks/587-ssbk-light-duty-cylindrical-lock/,cantonlock.com,1
/pt/products/bathroom-accessories/bh38-bathroom-accessories/,cantonlock.com,1
/products/bathroom-accessories/bh40-robe-hook/,cantonlock.com,1
/images/responsive/products/102-glass-door-handle-840w.webp,cantonlock.com,1
/images/products-hyde/bh38-robe-hook-3.webp,cantonlock.com,1
/pt/products/knob-locks/5807-ssel-commercial-lock/,cantonlock.com,1
/images/editorial-hyde/responsive/hyde-real-hinge-plate-480w.webp,cantonlock.com,1
/ar/company/,cantonlock.com,1
/images/products-hyde/bh06-hook-rail-2.webp,cantonlock.com,1
/guides/stainless-grade-selection-201-304-316-2026/,cantonlock.com,1
/pt/products/bathroom-accessories/bh18-towel-ring/,cantonlock.com,1
/products/care-grab-bars/bh03-angled-grab-bar/,cantonlock.com,1
/products/brass-steel-hinges/ih01-brass-and-steel-hinges/,cantonlock.com,1
/pt/products/brass-steel-hinges/ssh016-brass-and-steel-hinges/,cantonlock.com,1
/images/products-hyde/bh32-towel-shelf-with-hooks-4.webp,cantonlock.com,1
/pt/products/bathroom-accessories/bh23-bathroom-accessories/,cantonlock.com,1
/config.json.js,cantonlock.com:8080,1
/images/products-hyde/bh05-hook-rail-2.webp,cantonlock.com,1
/pt/compare/grip-handle-sets/,cantonlock.com,1
/.env.production,www.cantonlock.com,1
/products/bathroom-accessories/bh25-jumbo-roll-dispenser/,cantonlock.com,1
/images/editorial/responsive/project-glass-entrance-480w.webp,cantonlock.com,1
/products/bathroom-accessories/bh11-robe-hook/,cantonlock.com,1
/images/products-hyde/bh56-flip-up-grab-bar-video.webp,cantonlock.com,1
/products/grip-handle-sets/70710-sn-grip-handle-set/,cantonlock.com,1
/images/products-hyde/bh23-toilet-roll-holder-with-shelf-3.webp,cantonlock.com,1
/images/products-hyde/bh53-corner-shower-shelf-4.webp,cantonlock.com,1
/collections/hardware-accessories-door-stoppers/,cantonlock.com,1
/pt/products/deadbolts/d101-ac-deadbolts/,cantonlock.com,1
/images/products-hyde/bh33-towel-shelf-6.webp,cantonlock.com,1
/elmah.axd,auth.cantonlock.com:8080,1
/uploads/allimg/20220926/2-2209261GU5351.jpg,www.cantonlock.com,1
/images/products-hyde/bh03-angled-grab-bar-2.webp,cantonlock.com,1
/.env,www.cantonlock.com,1
/images/products-hyde/bh25-jumbo-roll-dispenser-2.webp,cantonlock.com,1
/_next/static/chunks/0o1elcg23ko25.js,cantonlock.com,1
/fr/contact/,cantonlock.com,1
/pt/products/lock-cylinders/90-snkt-lock-cylinder/,cantonlock.com,1
/products/hardware-accessories/l018-latch/,cantonlock.com,1
/images/products-hyde/bh19-toilet-roll-holder-3.webp,cantonlock.com,1
/products/bathroom-accessories/bh18-towel-ring/,cantonlock.com,1
/images/products-hyde/bh17-spring-latch-4.webp,cantonlock.com,1
/es/products/care-grab-bars/,cantonlock.com,1
/images/products-hyde/bh19-toilet-roll-holder-4.webp,cantonlock.com,1
/es/products/bathroom-accessories/bh32-towel-shelf-with-hooks/,cantonlock.com,1
/pt/products/bathroom-accessories/bh20-toilet-roll-holder-with-cover/,cantonlock.com,1
/products/stainless-steel-handles/9012e-stainless-steel-handle/,cantonlock.com,1
/products/knob-locks/592-pbbk-tubular-lock/,cantonlock.com,1
/_next/static/chunks/06z-vae9yqapk.js,cantonlock.com,1
/products/bathroom-accessories/bh32-towel-shelf-with-hooks/,cantonlock.com,1
/_next/static/chunks/3gpvfhl9ee9fx.js,cantonlock.com,1
/.env.example,www.cantonlock.com,1
/pt/products/bathroom-accessories/bh08-hook-rail/,cantonlock.com,1
/shop/.env,cantonlock.com:8080,1
/images/products-hyde/bh57-double-flip-up-grab-bar-3.webp,cantonlock.com,1
/products/stainless-steel-handles/9005s-stainless-steel-handle/,cantonlock.com,1
/_next/static/chunks/3tlguxqrtqb21.js,cantonlock.com,1
/pt/products/sliding-hook-locks/s03-sliding-hook-lock/,cantonlock.com,1
/products/hardware-accessories/ds01-door-stopper/,cantonlock.com,1
/products/night-latches-rim-locks/5835-night-latch-and-rim-lock/,cantonlock.com,1
/images/products-hyde/bh16-flat-slide-bolt-3.webp,cantonlock.com,1
/products/grip-handle-sets/70722-dc-grip-handle-set/,cantonlock.com,1
/pt/compare/deadbolts/,cantonlock.com,1
/deploy/.env,cantonlock.com:8080,1
/products/bathroom-accessories/bh41-robe-hook/,cantonlock.com,1
/images/products-hyde/bh06-hook-rail-5.webp,cantonlock.com,1
/products/lever-handles/809-pbet-lever-handle/,cantonlock.com,1
/products/care-grab-bars/bh04-angled-grab-bar/,cantonlock.com,1
/pt/products/bathroom-accessories/bh28-shower-basket/,cantonlock.com,1
/products/care-grab-bars/,cantonlock.com,1
/products/care-grab-bars/bh57-double-flip-up-grab-bar/,cantonlock.com,1
/pt/products/bathroom-accessories/bh30-two-tier-corner-shower-basket/,cantonlock.com,1
/products/bathroom-accessories/bh08-bathroom-accessories/,cantonlock.com,1
/pt/products/deadbolts/d01-ab-deadbolts/,cantonlock.com,1
/images/products-hyde/bh21-toilet-roll-holder-2.webp,cantonlock.com,1
/products/lock-cases/lc5845-lock-case/,cantonlock.com,1
/videos/products/bh56-flip-up-grab-bar.mp4,cantonlock.com,1
/products/care-grab-bars/bh02-knurled-grab-bar/,cantonlock.com,1
/es/products/panic-exit-devices/039-panic-exit-device-trim/,cantonlock.com,1
/products/glass-door-accessories/f114-glass-door-patch-fittings/,cantonlock.com,1
/products/stainless-steel-handles/ncd-stainless-steel-handle/,cantonlock.com,1
/pt/products/bathroom-accessories/bh34-towel-bar/,cantonlock.com,1
/userfiles/x,cantonlock.com:8443,1
/images/products-hyde/bh26-soap-dish-4.webp,cantonlock.com,1
/pt/products/hardware-accessories/bh17-spring-latch/,cantonlock.com,1
/.env.example,cantonlock.com,1
/@fs/src/.env,cantonlock.com:8080,1
/products/stainless-steel-handles/9008e-stainless-steel-handle/,cantonlock.com,1
/pt/products/hardware-accessories/ept01-door-power-transfer-devices/,cantonlock.com,1
/images/editorial-hyde/responsive/hyde-client-lc04-selection-960w.webp,cantonlock.com,1
/images/products-hyde/bh29-corner-shower-basket-4.webp,cantonlock.com,1
/pt/products/lever-handles/808-snet-lever-handle/,cantonlock.com,1
/es/products/bathroom-accessories/bh57-bathroom-accessories/,cantonlock.com,1
/pt/products/bathroom-accessories/bh24-paper-towel-dispenser/,cantonlock.com,1
/images/products-hyde/bh55-fold-down-shower-seat-5.webp,cantonlock.com,1
/products/knob-locks/607-bnet-tubular-lock/,cantonlock.com,1
/pt/products/bathroom-accessories/bh40-robe-hook/,cantonlock.com,1
/products/knob-locks/609-pbet-tubular-lock/,cantonlock.com,1
/images/products-hyde/bh56-flip-up-grab-bar.webp,cantonlock.com,1
/pt/products/brass-steel-hinges/ih01-brass-and-steel-hinges/,cantonlock.com,1
/products/lever-handles/3431-snet-lever-handle/,cantonlock.com,1
/products/stainless-steel-handles/nc181-stainless-steel-handle/,cantonlock.com,1
/de/faq/,cantonlock.com,1
/images/responsive/products/9007e-stainless-steel-handle-480w.webp,cantonlock.com,1
/products/lever-handles/805pbet-lever-handle/,cantonlock.com,1
/service-account.json,www.cantonlock.com,1
/products/bathroom-accessories/bh53-corner-shower-shelf/,cantonlock.com,1
/images/products-hyde/bh01-grab-bar.webp,cantonlock.com,1
/pt/products/bathroom-accessories/bh32-towel-shelf-with-hooks/,cantonlock.com,1
/products/bathroom-accessories/stainless-steel-wall-hook/,cantonlock.com,1
/uploads/allimg/20220926/2-2209261214402P.jpg,cantonlock.com,1
/lib/terminal-xhr.php,cantonlock.com,1
/images/products-hyde/bh22-toilet-roll-holder-2.webp,cantonlock.com,1
/pt/products/grip-handle-sets/70750-pb-grip-handle-set/,cantonlock.com,1
/videos/products/hy-0ss-lock-case.mp4,cantonlock.com,1
/uploads/allimg/20220926/2-2209261214402P.jpg,www.cantonlock.com,1
/images/products-hyde/bh55-fold-down-shower-seat-3.webp,cantonlock.com,1
/images/products-hyde/bh41-robe-hook-2.webp,cantonlock.com,1
/api/graphql,cantonlock.com:8080,1
/images/products-hyde/bh52-two-tier-corner-shower-shelf-2.webp,cantonlock.com,1
/images/products-hyde/bh40-robe-hook-2.webp,cantonlock.com,1
/pt/products/lever-handles/8827-lever-handle/,cantonlock.com,1
/products/bathroom-accessories/bh08-hook-rail/,cantonlock.com,1
/images/products-hyde/bh04-angled-grab-bar-3.webp,cantonlock.com,1
/images/products-hyde/bh08-hook-rail.webp,cantonlock.com,1
/products/night-latches-rim-locks/5682-night-latch-and-rim-lock/,cantonlock.com,1
/pt/products/bathroom-accessories/bh26-soap-dish/,cantonlock.com,1
/images/products-hyde/bh15-80mm-barrel-bolt-4.webp,cantonlock.com,1
/products/hardware-accessories/f004-security-door-guard/,cantonlock.com,1
/images/products-hyde/bh16-flat-slide-bolt-4.webp,cantonlock.com,1
/products/brass-steel-hinges/ssh011-brass-and-steel-hinges/,cantonlock.com,1
/images/products-hyde/bh57-double-flip-up-grab-bar-video.webp,cantonlock.com,1
/pt/products/knob-locks/5871-sset-heavy-duty-cylindrical-lock/,cantonlock.com,1
/products/bathroom-accessories/bh27-wire-soap-dish/,cantonlock.com,1
/images/products-hyde/bh12-robe-hook.webp,cantonlock.com,1
/products/grip-handle-sets/70610-sc-grip-handle-set/,cantonlock.com,1
/products/brass-steel-hinges/b024-brass-and-steel-hinges/,cantonlock.com,1
/pipeline/.env,cantonlock.com:8080,1
/pt/products/lever-handles/803-sbet-lever-handle/,cantonlock.com,1
/images/editorial-hyde/responsive/hyde-real-lock-plate-960w.webp,cantonlock.com,1
/products/bathroom-accessories/bh52-two-tier-corner-shower-shelf/,cantonlock.com,1
/products/glass-door-accessories/glass-door-patch-fitting-set/,cantonlock.com,1
/videos/products/bh55-fold-down-shower-seat.mp4,cantonlock.com,1
/pt/products/bathroom-accessories/bh41-bathroom-accessories/,cantonlock.com,1
/pt/products/brass-steel-hinges/ssh022-brass-and-steel-hinges/,cantonlock.com,1
/pt/products/care-grab-bars/,cantonlock.com,1
/products/stainless-steel-handles/9008s-stainless-steel-handle/,cantonlock.com,1
/es/products/hardware-accessories/l016-latch/,cantonlock.com,1
/products/knob-locks/587-pbet-light-duty-cylindrical-lock/,cantonlock.com,1
/images/responsive/products/9007e-stainless-steel-handle-840w.webp,cantonlock.com,1
/pt/products/deadbolts/d102-ac-deadbolts/,cantonlock.com,1
/_next/static/chunks/19-z1ct2wfi_q.js,cantonlock.com,1
/images/products-hyde/bh43-toilet-roll-holder-3.webp,cantonlock.com,1
/images/products-hyde/bh07-hook-rail-4.webp,cantonlock.com,1
/products/lever-handles/lh855-snet-lever-handle/,cantonlock.com,1
/es/news/euro-cylinder-range-45-to-90/,cantonlock.com,1
/images/products-hyde/bh21-toilet-roll-holder.webp,cantonlock.com,1
/ja/certifications/,cantonlock.com,1
/images/editorial-hyde/responsive/hyde-real-lock-plate-480w.webp,cantonlock.com,1
/pt/products/stainless-steel-handles/9088-ss-stainless-steel-handle/,cantonlock.com,1
/pt/products/bathroom-accessories/bh31-two-tier-corner-shower-basket/,cantonlock.com,1
/videos/products/317-cold-room-push-bar-exit-device.mp4,cantonlock.com,1
/es/products/bathroom-accessories/bh34-towel-bar/,cantonlock.com,1
/pt/products/hardware-accessories/l004-latch/,cantonlock.com,1
/images/products-hyde/bh30-two-tier-corner-shower-basket-6.webp,cantonlock.com,1
/images/products-hyde/bh33-towel-shelf-4.webp,cantonlock.com,1
/images/responsive/products/f101-glass-door-patch-fittings-480w.webp,cantonlock.com,1
/images/products-hyde/bh05-hook-rail.webp,cantonlock.com,1
/_next/static/chunks/0rcjecmicii2y.js,cantonlock.com,1
/config/.env,cantonlock.com,1
/pt/products/bathroom-accessories/bh06-hook-rail/,cantonlock.com,1
/ja/services/,cantonlock.com,1
/guides/universal-vs-handed-hardware-2026/,cantonlock.com,1
/_next/static/chunks/2xe6o_12q-x0g.js,cantonlock.com,1
/images/products-hyde/bh15-100mm-barrel-bolt-3.webp,cantonlock.com,1
/__next._tree.txt,cantonlock.com,1
/es/products/bathroom-accessories/bh55-bathroom-accessories/,cantonlock.com,1
/pt/products/bathroom-accessories/bh07-hook-rail/,cantonlock.com,1
/packages/.env,cantonlock.com:8080,1
/pt/products/care-grab-bars/bh57-double-flip-up-grab-bar/,cantonlock.com,1
/public../.env,cantonlock.com:8080,1
/products/brass-steel-hinges/ch01-brass-and-steel-hinges/,cantonlock.com,1
/images/editorial-hyde/responsive/assembly-line-960w.webp,cantonlock.com,1
/products/stainless-steel-handles/9014-stainless-steel-handle/,cantonlock.com,1
/images/products-hyde/bh54-double-robe-hook-2.webp,cantonlock.com,1
/pt/products/lever-handles/6491abet-lever-handle/,cantonlock.com,1
/ja/company/,cantonlock.com,1
/es/products/care-grab-bars/bh03-angled-grab-bar/,cantonlock.com,1
/images/products-hyde/bh05-hook-rail-3.webp,cantonlock.com,1
/products/stainless-steel-handles/9007-stainless-steel-handle/,cantonlock.com,1
/images/products-hyde/bh06-hook-rail.webp,cantonlock.com,1
/images/products-hyde/bh03-angled-grab-bar-5.webp,cantonlock.com,1
/images/products-hyde/bh16-flat-slide-bolt.webp,cantonlock.com,1
/products/stainless-steel-handles/nc013-stainless-steel-handle/,cantonlock.com,1
/pt/products/lock-cases/lc15-lock-case/,cantonlock.com,1
/images/editorial-hyde/responsive/hyde-real-pull-plate-960w.webp,cantonlock.com,1
/guides/glass-door-thickness-and-cutouts-2026/,cantonlock.com,1
/uploads/allimg/20220921/2-2209211FT4192.jpg,cantonlock.com,1
/pt/products/bathroom-accessories/bh33-towel-shelf/,cantonlock.com,1
/tr/contact/,cantonlock.com,1
/pt/products/bathroom-accessories/bh31-bathroom-accessories/,cantonlock.com,1
/_next/static/chunks/2ywcsaddccp4s.js,cantonlock.com,1
/images/products-hyde/bh04-angled-grab-bar.webp,cantonlock.com,1
/images/products-hyde/bh26-soap-dish-2.webp,cantonlock.com,1
/fr/faq/,cantonlock.com,1
/images/products-hyde/bh22-toilet-roll-holder-4.webp,cantonlock.com,1
/products/bathroom-accessories/bh36-coat-and-hat-hook/,cantonlock.com,1
/guides/cycle-testing-durability-grades-2026,cantonlock.com,1
/pt/products/lever-handles/lh853-snbk-lever-handle/,cantonlock.com,1
/pt/products/night-latches-rim-locks/564-mb-night-latch-and-rim-lock/,cantonlock.com,1
/images/products-hyde/bh36-coat-and-hat-hook.webp,cantonlock.com,1
/tr/faq/,cantonlock.com,1
/products/bathroom-accessories/bh24-paper-towel-dispenser/,cantonlock.com,1
/images/products-hyde/bh28-shower-basket-3.webp,cantonlock.com,1
/products/lever-handles/6491abet-lever-handle/,cantonlock.com,1
/images/editorial-hyde/responsive/hyde-real-lever-plate-960w.webp,cantonlock.com,1
/products/lever-handles/8826-snet-lever-handle/,cantonlock.com,1
/pt/products/brass-steel-hinges/ssh020-brass-and-steel-hinges/,cantonlock.com,1
/environment.js,cantonlock.com:8080,1
/videos/products/853-ssbk-lever-handle.mp4,cantonlock.com,1
/images/products-hyde/bh03-angled-grab-bar-3.webp,cantonlock.com,1
/pt/products/grip-handle-sets/70720-pb-grip-handle-set/,cantonlock.com,1
/images/products-hyde/bh43-toilet-roll-holder.webp,cantonlock.com,1
/pt/products/knob-locks/5831-90mm-white-tubular-lock/,cantonlock.com,1
/pt/products/knob-locks/595-acbk-tubular-lock/,cantonlock.com,1
/pt/products/bathroom-accessories/bh39-bathroom-accessories/,cantonlock.com,1
/es/guides/lever-return-and-en-1906-2026/,cantonlock.com,1
/images/products-hyde/bh04-angled-grab-bar-2.webp,cantonlock.com,1
/products/night-latches-rim-locks/556-night-latch-and-rim-lock/,cantonlock.com,1
/compare/care-grab-bars/,cantonlock.com,1
/products/stainless-steel-handles/hd02-stainless-steel-handle/,cantonlock.com,1
/products/hardware-accessories/bh17-spring-latch/,cantonlock.com,1
/pt/products/brass-steel-hinges/stainless-steel-door-hinge/,cantonlock.com,1
/images/products-hyde/bh53-corner-shower-shelf-5.webp,cantonlock.com,1
/_next/static/chunks/1muat3alebwi8.js,cantonlock.com,1
/pt/products/knob-locks/578-snbk-light-duty-cylindrical-lock/,cantonlock.com,1
/de/contact/,cantonlock.com,1
/products/bathroom-accessories/bh35-soap-dispenser/,cantonlock.com,1
/products/door-closers/,cantonlock.com,1
/images/products-hyde/bh20-toilet-roll-holder-with-cover-6.webp,cantonlock.com,1
/images/products-hyde/bh05-hook-rail-5.webp,cantonlock.com,1
/,www.cantonlock.com,1
/uploads/allimg/20220921/2-2209211FT4192.jpg,www.cantonlock.com,1
/images/editorial/responsive/home-panic-exit-bars-480w.webp,cantonlock.com,1
/products/hardware-accessories/bh15-100mm-barrel-bolt/,cantonlock.com,1
/phpinfo.php,cantonlock.com:8080,1
/images/editorial-hyde/responsive/hyde-real-cylinder-plate-960w.webp,cantonlock.com,1
/es/products/bathroom-accessories/bh20-toilet-roll-holder-with-cover/,cantonlock.com,1
/images/products-hyde/bh05-hook-rail-8.webp,cantonlock.com,1
/images/editorial-hyde/responsive/hyde-client-black-hinge-960w.webp,cantonlock.com,1
/__vite_rsc_findSourceMapURL,cantonlock.com:8080,1
/images/editorial-hyde/responsive/hyde-real-cylinder-dark-800w.webp,cantonlock.com,1
/es/guides/hinge-grades-and-count-2026/,cantonlock.com,1
/@fs/app/.env.local,cantonlock.com:8080,1
/pt/products/knob-locks/587-mbbk-light-duty-cylindrical-lock/,cantonlock.com,1
/images/responsive/products/305-fire-door-panic-exit-device-480w.webp,cantonlock.com,1
/images/products-hyde/bh27-wire-soap-dish-5.webp,cantonlock.com,1
/images/products-hyde/bh03-angled-grab-bar.webp,cantonlock.com,1
/products/bathroom-accessories/bh52-bathroom-accessories/,cantonlock.com,1
/images/products-hyde/bh22-toilet-roll-holder-3.webp,cantonlock.com,1
/products/lever-handles/lh852-sset-lever-handle/,cantonlock.com,1
/products/stainless-steel-handles/nc053-stainless-steel-handle/,cantonlock.com,1
/images/products-hyde/bh07-hook-rail-3.webp,cantonlock.com,1
/pt/products/lever-handles/808-abet-lever-handle/,cantonlock.com,1
/images/products-hyde/bh04-angled-grab-bar-4.webp,cantonlock.com,1
/pt/products/bathroom-accessories/bh36-bathroom-accessories/,cantonlock.com,1
/products/grip-handle-sets/70710-pb-grip-handle-set/,cantonlock.com,1
/_next/static/chunks/1wd534isgegiz.js,cantonlock.com,1
/es/products/bathroom-accessories/bh53-corner-shower-shelf/,cantonlock.com,1
/ja/products/,cantonlock.com,1
/__/firebase/init.json,cantonlock.com:8443,1
/es/products/hardware-accessories/bh17-spring-latch/,cantonlock.com,1
/products/bathroom-accessories/bh54-double-robe-hook/,cantonlock.com,1
/images/products-hyde/bh51-shower-shelf-2.webp,cantonlock.com,1
/pt/products/glass-door-accessories/gl125-ss-glass-door-patch-fittings/,cantonlock.com,1
/guides/exit-device-outside-trim-functions-2026/,cantonlock.com,1
/images/products-hyde/bh07-hook-rail-6.webp,cantonlock.com,1
/products/panic-exit-devices/305-fire-door-panic-exit-device/,cantonlock.com,1
/credentials.json,cantonlock.com:8080,1
/images/products-hyde/bh11-robe-hook-4.webp,cantonlock.com,1
/pt/products/bathroom-accessories/bh32-bathroom-accessories/,cantonlock.com,1
/images/responsive/products/311-panic-exit-device-840w.webp,cantonlock.com,1
/pt/products/lock-cylinders/80-snkt-lock-cylinder/,cantonlock.com,1
/pt/products/lock-cylinders/70-snkt-cp-lock-cylinder/,cantonlock.com,1
/images/products-hyde/bh03-angled-grab-bar-6.webp,cantonlock.com,1
/products/panic-exit-devices/039-panic-exit-device/,cantonlock.com,1
/ar/products/,cantonlock.com,1
/es/products/bathroom-accessories/bh05-hook-rail/,cantonlock.com,1
/products/lock-cases/lc02-85-40mm-lock-case/,cantonlock.com,1
/compare/door-closers/,cantonlock.com,1
/es/products/hardware-accessories/l024-latch/,cantonlock.com,1
/products/stainless-steel-handles/9082e-stainless-steel-handle/,cantonlock.com,1
/videos/products/023-etan-anti-pick-panic-exit-device.mp4,cantonlock.com,1
/es/products/hardware-accessories/bh16-flat-slide-bolt/,cantonlock.com,1
/products/brass-steel-hinges/bl028-brass-and-steel-hinges/,cantonlock.com,1
/images/products-hyde/bh13-robe-hook-3.webp,cantonlock.com,1
/pt/products/hardware-accessories/dv08-sn-door-viewer/,cantonlock.com,1
/pt/products/lever-handles/819-pbet-lever-handle/,cantonlock.com,1
/images/products-hyde/bh42-robe-hook-3.webp,cantonlock.com,1
/images/products-hyde/bh51-shower-shelf-3.webp,cantonlock.com,1
/pt/products/knob-locks/607-sset-tubular-lock/,cantonlock.com,1
/images/products-hyde/bh32-towel-shelf-with-hooks-2.webp,cantonlock.com,1
/images/responsive/products/102-glass-door-handle-480w.webp,cantonlock.com,1
/es/products/hardware-accessories/l010-latch/,cantonlock.com,1
/ko/certifications/,cantonlock.com,1
/collections/glass-door-accessories-glass-door-patch-fittings/,cantonlock.com,1
/images/products-hyde/bh15-80mm-barrel-bolt-2.webp,cantonlock.com,1
/images/products-hyde/bh23-toilet-roll-holder-with-shelf.webp,cantonlock.com,1
/images/products-hyde/bh38-robe-hook-2.webp,cantonlock.com,1
/admin/.env,cantonlock.com,1
/images/products-hyde/bh15-80mm-barrel-bolt.webp,cantonlock.com,1
/images/products-hyde/bh22-toilet-roll-holder-5.webp,cantonlock.com,1
/products/night-latches-rim-locks/5683-night-latch-and-rim-lock/,cantonlock.com,1
/images/products-hyde/bh37-coat-and-hat-hook.webp,cantonlock.com,1
/products/knob-locks/5874-bnac-heavy-duty-cylindrical-lock/,cantonlock.com,1
/images/products-hyde/bh34-towel-bar.webp,cantonlock.com,1
/images/products-hyde/bh20-toilet-roll-holder-with-cover-3.webp,cantonlock.com,1
/products/panic-exit-devices/9080e-panic-exit-device/,cantonlock.com,1
/images/products-hyde/bh11-robe-hook-2.webp,cantonlock.com,1
/pt/products/bathroom-accessories/bh13-robe-hook/,cantonlock.com,1
/products/bathroom-accessories/bh50-bathroom-accessories/,cantonlock.com,1
/images/products-hyde/bh19-toilet-roll-holder.webp,cantonlock.com,1
/configuration.js,cantonlock.com:8080,1
/tr/products/,cantonlock.com,1
/images/products-hyde/bh36-coat-and-hat-hook-4.webp,cantonlock.com,1
/pt/products/hardware-accessories/bh15-80mm-barrel-bolt/,cantonlock.com,1
/images/products-hyde/bh35-soap-dispenser.webp,cantonlock.com,1
/pt/products/bathroom-accessories/bh50-two-tier-shower-shelf/,cantonlock.com,1
/pt/compare/bathroom-accessories/,cantonlock.com,1
/fr/products/,cantonlock.com,1
/products/brass-steel-hinges/ssh020-brass-and-steel-hinges/,cantonlock.com,1
/es/products/grip-handle-sets/keyed-deadbolt-lock-set/,cantonlock.com,1
/pt/products/bathroom-accessories/bh29-bathroom-accessories/,cantonlock.com,1
/es/products/night-latches-rim-locks/1073d-mb-night-latch-and-rim-lock/,cantonlock.com,1
/pt/products/bathroom-accessories/bh18-bathroom-accessories/,cantonlock.com,1
/products/bathroom-accessories/bh22-toilet-roll-holder/,cantonlock.com,1
/ru/services/,cantonlock.com,1
/images/products-hyde/bh10-robe-hook.webp,cantonlock.com,1
/es/products/bathroom-accessories/bh11-robe-hook/,cantonlock.com,1
/images/products-hyde/bh51-shower-shelf.webp,cantonlock.com,1
/images/products-hyde/bh31-two-tier-corner-shower-basket-6.webp,cantonlock.com,1
/products/brass-steel-hinges/6-3-3mm-brass-and-steel-hinges/,cantonlock.com,1
/images/products-hyde/bh13-robe-hook-4.webp,cantonlock.com,1
/pt/products/panic-exit-devices/308-s-s-panic-exit-device/,cantonlock.com,1
/images/products-hyde/bh02-knurled-grab-bar.webp,cantonlock.com,1
/images/products-hyde/bh39-robe-hook-3.webp,cantonlock.com,1
/ko/,cantonlock.com,1
/es/products/lock-cases/lc45-85-lock-case/,cantonlock.com,1
/pt/collections/knob-locks-commercial-locks/,cantonlock.com,1
/pt/products/bathroom-accessories/bh25-jumbo-roll-dispenser/,cantonlock.com,1
/images/products-hyde/bh39-robe-hook-2.webp,cantonlock.com,1
/es/guides/cycle-testing-durability-grades-2026/,cantonlock.com,1
/images/products-hyde/bh06-hook-rail-4.webp,cantonlock.com,1
/es/products/bathroom-accessories/bh50-two-tier-shower-shelf/,cantonlock.com,1
/images/products-hyde/bh02-knurled-grab-bar-6.webp,cantonlock.com,1
/es/products/care-grab-bars/bh04-angled-grab-bar/,cantonlock.com,1
/products/lever-handles/8828-sset-lever-handle/,cantonlock.com,1
/products/bathroom-accessories/bh32-bathroom-accessories/,cantonlock.com,1
/pt/products/knob-locks/9210-pbbk-tubular-lock/,cantonlock.com,1
/images/products-hyde/bh55-fold-down-shower-seat-8.webp,cantonlock.com,1
/images/products-hyde/bh35-soap-dispenser-3.webp,cantonlock.com,1
/images/products-hyde/bh07-hook-rail.webp,cantonlock.com,1
/images/editorial/responsive/project-hospitality-residential-480w.webp,cantonlock.com,1
/images/products-hyde/bh18-towel-ring-2.webp,cantonlock.com,1
/_next/static/chunks/2qe5y72h51_yh.css,cantonlock.com,1
/images/products-hyde/bh57-double-flip-up-grab-bar-6.webp,cantonlock.com,1
/es/products/brass-steel-hinges/ssh021-brass-and-steel-hinges/,cantonlock.com,1
/key.pem,cantonlock.com:8080,1
/products/panic-exit-devices/306-s-panic-exit-device/,cantonlock.com,1
/images/products-hyde/bh41-robe-hook-4.webp,cantonlock.com,1
/images/products-hyde/bh10-robe-hook-3.webp,cantonlock.com,1
/pt/products/bathroom-accessories/bh16-bathroom-accessories/,cantonlock.com,1
/images/products-hyde/bh13-robe-hook-2.webp,cantonlock.com,1
/images/products-hyde/bh57-double-flip-up-grab-bar-5.webp,cantonlock.com,1
/images/editorial-hyde/responsive/hyde-real-control-plate-480w.webp,cantonlock.com,1
/images/products-hyde/bh29-corner-shower-basket-2.webp,cantonlock.com,1
/es/compare/care-grab-bars/,cantonlock.com,1
/config/.env,www.cantonlock.com,1
/images/products-hyde/bh28-shower-basket-5.webp,cantonlock.com,1
/guides/exit-device-outside-trim-functions-2026,cantonlock.com,1
/mcp,cantonlock.com,1
/es/guides/brass-alloys-and-dezincification-2026,cantonlock.com,1
/pt/collections/hardware-accessories-security-door-guards/,cantonlock.com,1
/videos/products/311-panic-exit-device.mp4,cantonlock.com,1
/ar/certifications/,cantonlock.com,1
/images/products-hyde/bh57-double-flip-up-grab-bar-2.webp,cantonlock.com,1
/products/glass-door-accessories/100-glass-door-handle/,cantonlock.com,1
/pt/products/stainless-steel-handles/lh1056-ss-stainless-steel-handle/,cantonlock.com,1
/images/products-hyde/bh21-toilet-roll-holder-3.webp,cantonlock.com,1
/images/products-hyde/bh12-robe-hook-3.webp,cantonlock.com,1
/products/knob-locks/586-abet-light-duty-cylindrical-lock/,cantonlock.com,1
/products/bathroom-accessories/bh21-toilet-roll-holder/,cantonlock.com,1
/_next/static/chunks/3p6ebm954vzvs.js,cantonlock.com,1
/pt/products/bathroom-accessories/bh13-bathroom-accessories/,cantonlock.com,1
/debug/vars,cantonlock.com:8080,1
/pt/products/lever-handles/lh855-snet-lever-handle/,cantonlock.com,1
/es/guides/backset-door-thickness-chart-2026/,cantonlock.com,1
/products/bathroom-accessories/bh42-robe-hook/,cantonlock.com,1
/images/products-hyde/bh20-toilet-roll-holder-with-cover-4.webp,cantonlock.com,1
/products/grip-handle-sets/70780-ab-grip-handle-set/,cantonlock.com,1
/guides/door-closer-mounting-positions-2026,cantonlock.com,1
/products/deadbolts/d101-ss-deadbolts/,cantonlock.com,1
/images/products-hyde/bh13-robe-hook-5.webp,cantonlock.com,1
/images/products-hyde/bh42-robe-hook-4.webp,cantonlock.com,1
/pt/products/bathroom-accessories/bh19-bathroom-accessories/,cantonlock.com,1
/images/products-hyde/bh56-flip-up-grab-bar-2.webp,cantonlock.com,1
/pt/products/care-grab-bars/bh02-knurled-grab-bar/,cantonlock.com,1
/pt/products/care-grab-bars/bh55-fold-down-shower-seat/,cantonlock.com,1
/images/products-hyde/bh01-grab-bar-6.webp,cantonlock.com,1
/images/products-hyde/bh29-corner-shower-basket.webp,cantonlock.com,1
/_next/static/chunks/11y1-dge79ot3.js,cantonlock.com,1
/es/products/bathroom-accessories/bh15-80mm-bathroom-accessories/,cantonlock.com,1
/products/bathroom-accessories/bh30-two-tier-corner-shower-basket/,cantonlock.com,1
/settings.js,cantonlock.com:8080,1
/pt/products/bathroom-accessories/bh05-hook-rail/,cantonlock.com,1
/images/products-hyde/bh50-two-tier-shower-shelf-3.webp,cantonlock.com,1
/images/products-hyde/bh10-robe-hook-2.webp,cantonlock.com,1
/es/products/bathroom-accessories/bh15-100mm-bathroom-accessories/,cantonlock.com,1
/images/products-hyde/bh29-corner-shower-basket-5.webp,cantonlock.com,1
/images/products-hyde/bh58-flip-up-grab-bar-3.webp,cantonlock.com,1
/images/editorial/guides/key-blanks-and-restricted-profiles.webp,cantonlock.com,1
/pt/products/bathroom-accessories/bh42-robe-hook/,cantonlock.com,1
/images/products-hyde/bh35-soap-dispenser-2.webp,cantonlock.com,1
/images/products-hyde/bh24-paper-towel-dispenser-3.webp,cantonlock.com,1
/pt/products/stainless-steel-handles/9016s-stainless-steel-handle/,cantonlock.com,1
/pt/news/door-coordinator-double-fire-door/,cantonlock.com,1
/images/responsive/products/hyde-ar4-140-640w.webp,cantonlock.com,1
/products/stainless-steel-handles/9020s-stainless-steel-handle/,cantonlock.com,1
/images/products-hyde/bh17-spring-latch-3.webp,cantonlock.com,1
/products/bathroom-accessories/bh42-bathroom-accessories/,cantonlock.com,1
/images/products-hyde/bh58-flip-up-grab-bar-video.webp,cantonlock.com,1
/api/console/api_server,cantonlock.com:8080,1
/images/editorial-hyde/responsive/press-shop-960w.webp,cantonlock.com,1
/products/brass-steel-hinges/ssh013-brass-and-steel-hinges/,cantonlock.com,1
/key.json,cantonlock.com:8080,1
/pt/products/bathroom-accessories/bh14-bathroom-accessories/,cantonlock.com,1
/images/products-hyde/bh27-wire-soap-dish.webp,cantonlock.com,1
/images/products-hyde/bh09-hook-rail-3.webp,cantonlock.com,1
/es/products/hardware-accessories/bh15-80mm-barrel-bolt/,cantonlock.com,1
/images/products-hyde/bh07-hook-rail-7.webp,cantonlock.com,1
/pt/products/lever-handles/808-snps-lever-handle/,cantonlock.com,1
/collections/care-grab-bars-flip-up-grab-bars/,cantonlock.com,1
/images/products-hyde/bh12-robe-hook-2.webp,cantonlock.com,1
/ru/certifications/,cantonlock.com,1
/products/knob-locks/5807-f-heavy-duty-cylindrical-lock/,cantonlock.com,1
/pt/products/hardware-accessories/fb001-ac-door-flush-bolt/,cantonlock.com,1
/images/products-hyde/bh56-flip-up-grab-bar-6.webp,cantonlock.com,1
/__next.!KGVuKQ.txt,cantonlock.com,1
/products/stainless-steel-handles/9003e-stainless-steel-handle/,cantonlock.com,1
/images/products-hyde/bh16-flat-slide-bolt-5.webp,cantonlock.com,1
/src/.env,cantonlock.com:8080,1
/es/services/,cantonlock.com,1
/server/.env,www.cantonlock.com,1
/images/editorial/responsive/home-panic-exit-bars-800w.webp,cantonlock.com,1
/images/products-hyde/bh50-two-tier-shower-shelf.webp,cantonlock.com,1
/products/bathroom-accessories/bh31-two-tier-corner-shower-basket/,cantonlock.com,1
/images/drawings/bh33-towel-shelf.svg,cantonlock.com,1
/pt/products/panic-exit-devices/016-exterior-trim/,cantonlock.com,1
/_next/static/chunks/18uuvefpt11e4.js,cantonlock.com,1
/images/products-hyde/bh34-towel-bar-5.webp,cantonlock.com,1
/pt/products/lever-handles/8827-sset-lever-handle/,cantonlock.com,1
/products/bathroom-accessories/bh31-bathroom-accessories/,cantonlock.com,1
/pt/products/bathroom-accessories/bh42-bathroom-accessories/,cantonlock.com,1
/es/products/bathroom-accessories/bh24-paper-towel-dispenser/,cantonlock.com,1
/products/panic-exit-devices/314-alarm-panic-bar-exit-device/,cantonlock.com,1
/dist/.env,cantonlock.com:8080,1
/es/products/care-grab-bars/bh56-flip-up-grab-bar/,cantonlock.com,1
/infra/.env,cantonlock.com:8080,1
/products/brass-steel-hinges/b025-brass-and-steel-hinges/,cantonlock.com,1
/es/products/bathroom-accessories/bh18-towel-ring/,cantonlock.com,1
/products/brass-steel-hinges/ssh012-brass-and-steel-hinges/,cantonlock.com,1
/pt/compare/night-latches-rim-locks/,cantonlock.com,1
/products/panic-exit-devices/317-cold-room-push-bar-exit-device/,cantonlock.com,1
/es/products/bathroom-accessories/bh58-bathroom-accessories/,cantonlock.com,1
/pt/products/bathroom-accessories/bh53-corner-shower-shelf/,cantonlock.com,1
/.bash_profile,cantonlock.com:8080,1
/images/products-hyde/bh01-grab-bar-5.webp,cantonlock.com,1
/pt/products/bathroom-accessories/bh15-100mm-bathroom-accessories/,cantonlock.com,1
/pt/products/care-grab-bars/bh04-angled-grab-bar/,cantonlock.com,1
/es/products/bathroom-accessories/bh42-robe-hook/,cantonlock.com,1
/products/lock-cases/lc7065-lock-case/,cantonlock.com,1
/pt/products/lock-cylinders/70-snkt-2-lock-cylinder/,cantonlock.com,1
/es/products/lever-handles/3431-snet-lever-handle/,cantonlock.com,1
/products/bathroom-accessories/bh26-soap-dish/,cantonlock.com,1
/products/brass-steel-hinges/ssh022-brass-and-steel-hinges/,cantonlock.com,1
/images/responsive/products/hyde-ar4-1121-640w.webp,cantonlock.com,1
/products/brass-steel-hinges/ssh031-brass-and-steel-hinges/,cantonlock.com,1
/api/.env,auth.cantonlock.com:8080,1
/products/night-latches-rim-locks/1073s-night-latch-and-rim-lock/,cantonlock.com,1
/products/lever-handles/s802-snet-lever-handle/,cantonlock.com,1
/pt/collections/care-grab-bars-fixed-grab-bars/,cantonlock.com,1
/products/knob-locks/607-fet-tubular-lock/,cantonlock.com,1
/images/products-hyde/bh14-robe-hook-5.webp,cantonlock.com,1
/credentials.json,cantonlock.com,1
/images/products-hyde/bh38-robe-hook.webp,cantonlock.com,1
/products/knob-locks/592-pbet-tubular-lock/,cantonlock.com,1
/images/products-hyde/bh50-two-tier-shower-shelf-2.webp,cantonlock.com,1
/pt/products/brass-steel-hinges/ssh019-brass-and-steel-hinges/,cantonlock.com,1
/firebase-credentials.json,www.cantonlock.com,1
/api,cantonlock.com,1
/products/lock-cases/lc8525-lock-case/,cantonlock.com,1
/products/night-latches-rim-locks/5833-night-latch-and-rim-lock/,cantonlock.com,1
/products/lock-cases/lc8530ps-lock-case/,cantonlock.com,1
/images/products-hyde/bh05-hook-rail-6.webp,cantonlock.com,1
/.env.www,cantonlock.com:8080,1
/ar/contact/,cantonlock.com,1
/fr/certifications/,cantonlock.com,1
/pt/products/bathroom-accessories/bh10-bathroom-accessories/,cantonlock.com,1
/pi.php,cantonlock.com:8080,1
/products/brass-steel-hinges/bl027-brass-and-steel-hinges/,cantonlock.com,1
/images/products-hyde/bh03-angled-grab-bar-4.webp,cantonlock.com,1
/products/bathroom-accessories/bh34-towel-bar/,cantonlock.com,1
/pt/products/knob-locks/5870-sscc-commercial-lock/,cantonlock.com,1
/ru/,cantonlock.com,1
/images/editorial-hyde/responsive/hyde-client-lc04-selection-480w.webp,cantonlock.com,1
/pt/products/stainless-steel-handles/nc053-stainless-steel-handle/,cantonlock.com,1
/pt/products/bathroom-accessories/bh02-bathroom-accessories/,cantonlock.com,1
/images/products-hyde/bh01-grab-bar-3.webp,cantonlock.com,1
/actuator,cantonlock.com:8080,1
/js../.env,cantonlock.com:8080,1
/api/designer/v1/file-content,auth.cantonlock.com:8080,1
/pt/products/hardware-accessories/bh16-flat-slide-bolt/,cantonlock.com,1
/es/guides/chrome-finish-differences-2026/,cantonlock.com,1
/images/products-hyde/bh32-towel-shelf-with-hooks.webp,cantonlock.com,1
/images/responsive/products/nc013-stainless-steel-handle-840w.webp,cantonlock.com,1
/api/env,cantonlock.com:8080,1
/guides/corrosion-resistance-en-1670-2026,cantonlock.com,1
/lib/terminal-xhr.php,www.cantonlock.com,1
/videos/products/033-panic-exit-device.mp4,cantonlock.com,1
/products/hardware-accessories/400-indicator/,cantonlock.com,1
/images/products-hyde/bh24-paper-towel-dispenser-2.webp,cantonlock.com,1
/products/knob-locks/5831-sset-heavy-duty-cylindrical-lock/,cantonlock.com,1
/images/products-hyde/bh05-hook-rail-7.webp,cantonlock.com,1
/images/products-hyde/bh07-hook-rail-5.webp,cantonlock.com,1
/products/bathroom-accessories/bh54-bathroom-accessories/,cantonlock.com,1
/news/what-documents-you-can-actually-get/,cantonlock.com,1
/tr/services/,cantonlock.com,1
/images/products-hyde/bh15-100mm-barrel-bolt-4.webp,cantonlock.com,1
/es/products/bathroom-accessories/bh25-jumbo-roll-dispenser/,cantonlock.com,1
/products/stainless-steel-handles/9014s-stainless-steel-handle/,cantonlock.com,1
/products/panic-exit-devices/313-panic-exit-device/,cantonlock.com,1
/products/lever-handles/eh02-lever-handle/,cantonlock.com,1
/pt/products/bathroom-accessories/bh09-hook-rail/,cantonlock.com,1
/products/lock-cases/lc22-85-45mm-lock-case/,cantonlock.com,1
/products/bathroom-accessories/bh37-coat-and-hat-hook/,cantonlock.com,1
/es/products/hardware-accessories/l023-latch/,cantonlock.com,1
/products/hardware-accessories/f006-security-door-guard/,cantonlock.com,1
/products/panic-exit-devices/309-d-double-door-panic-exit-device/,cantonlock.com,1
/images/editorial-hyde/responsive/factory-laser-cutter-960w.webp,cantonlock.com,1
/images/products-hyde/bh24-paper-towel-dispenser-4.webp,cantonlock.com,1
/images/products-hyde/bh55-fold-down-shower-seat-6.webp,cantonlock.com,1
/es/products/bathroom-accessories/bh19-toilet-roll-holder/,cantonlock.com,1
/firebase-adminsdk.json,cantonlock.com,1
/products/brass-steel-hinges/ssh019-brass-and-steel-hinges/,cantonlock.com,1
/uploads/allimg/20250509/2-2505091J911936.jpg,cantonlock.com,1
/images/products-hyde/bh01-grab-bar-4.webp,cantonlock.com,1
/images/products-hyde/bh08-hook-rail-3.webp,cantonlock.com,1
/products/lever-handles/6491-sset-lever-handle/,cantonlock.com,1
/_next/static/chunks/3018__xx02s_x.js,cantonlock.com,1
/pt/products/hardware-accessories/200-indicator/,cantonlock.com,1
/products/bathroom-accessories/bh24-bathroom-accessories/,cantonlock.com,1
/firebase-adminsdk.json,www.cantonlock.com,1
/images/responsive/products/600-concealed-sliding-door-handle-840w.webp,cantonlock.com,1
/images/products-hyde/bh28-shower-basket.webp,cantonlock.com,1
/.gitconfig,cantonlock.com:8080,1
/.dockerenv,auth.cantonlock.com:8080,1
/products/brass-steel-hinges/bl030-brass-and-steel-hinges/,cantonlock.com,1
/videos/products/bh01-grab-bar.mp4,cantonlock.com,1
/images/products-hyde/bh06-hook-rail-7.webp,cantonlock.com,1
/images/products-hyde/bh18-towel-ring-4.webp,cantonlock.com,1
/es/guides/hardware-warranty-what-it-covers-2026/,cantonlock.com,1
/es/collections/care-grab-bars-fixed-grab-bars/,cantonlock.com,1
/pt/products/hardware-accessories/l010-latch/,cantonlock.com,1
/pt/products/bathroom-accessories/bh09-bathroom-accessories/,cantonlock.com,1
/products/bathroom-accessories/bh14-robe-hook/,cantonlock.com,1
/pt/products/knob-locks/592-pbbk-tubular-lock/,cantonlock.com,1
/api/v1/config/,cantonlock.com:8080,1
/es/products/stainless-steel-handles/9088-ss-stainless-steel-handle/,cantonlock.com,1
/pt/news/what-oem-actually-changes/,cantonlock.com,1
/fr/company/,cantonlock.com,1
/app,cantonlock.com,1
/videos/products/578-snbk-light-duty-cylindrical-lock.mp4,cantonlock.com,1
/pt/products/lever-handles/eh02-lever-handle/,cantonlock.com,1
/products/glass-door-accessories/19-130mm-glass-door-handle/,cantonlock.com,1
/guides/master-key-hierarchy-planning-2026/,cantonlock.com,1
/pt/products/grip-handle-sets/70780-ab-grip-handle-set/,cantonlock.com,1
/images/products-hyde/bh37-coat-and-hat-hook-3.webp,cantonlock.com,1
/images/products-hyde/bh37-coat-and-hat-hook-2.webp,cantonlock.com,1
/server/.env,cantonlock.com,1
/es/glossary/,cantonlock.com,1
/products/panic-exit-devices/301-s-s-panic-exit-device/,cantonlock.com,1
/pt/products/deadbolts/d102-pb-deadbolts/,cantonlock.com,1
/products/deadbolts/d101-ab-deadbolts/,cantonlock.com,1
/pt/products/bathroom-accessories/bh57-bathroom-accessories/,cantonlock.com,1
/images/products-hyde/bh53-corner-shower-shelf.webp,cantonlock.com,1
/products/lock-cylinders/70sn-lock-cylinder/,cantonlock.com,1
/.next/.env,cantonlock.com:8080,1
/pt/products/stainless-steel-handles/lh1083-stainless-steel-handle/,cantonlock.com,1
/images/products-hyde/bh25-jumbo-roll-dispenser.webp,cantonlock.com,1
/pt/products/lever-handles/lh852-gmbk-lever-handle/,cantonlock.com,1
/news/push-bar-or-touch-bar-panic-exit-devices,cantonlock.com,1
/api/v1/config,cantonlock.com:8080,1
/products/knob-locks/5871-sset-heavy-duty-cylindrical-lock/,cantonlock.com,1
/pt/products/sliding-hook-locks/,cantonlock.com,1
/runtime-config.js,cantonlock.com:8080,1
/products/bathroom-accessories/bh36-bathroom-accessories/,cantonlock.com,1
/data/.env,cantonlock.com:8080,1
/utils/.env,cantonlock.com:8080,1
/pt/products/bathroom-accessories/bh43-toilet-roll-holder/,cantonlock.com,1
/images/products-hyde/bh34-towel-bar-3.webp,cantonlock.com,1
/pt/products/bathroom-accessories/bh52-two-tier-corner-shower-shelf/,cantonlock.com,1
/images/products-hyde/bh05-hook-rail-4.webp,cantonlock.com,1
/videos/products/808-mbet-lever-handle.mp4,cantonlock.com,1
/env.js,cantonlock.com:8080,1
/images/products-hyde/bh26-soap-dish.webp,cantonlock.com,1
/products/knob-locks/5733-sset-heavy-duty-cylindrical-lock/,cantonlock.com,1
/videos/products/lh853-snbk-lever-handle.mp4,cantonlock.com,1
/products/door-closers/wooden-door-floor-hinge/,cantonlock.com,1
/pt/products/stainless-steel-handles/nc068-stainless-steel-handle/,cantonlock.com,1
/_next/static/chunks/1g5tpjxgw0bc6.js,cantonlock.com,1
/_next/static/chunks/12aksiaa43-3g.js,cantonlock.com,1
/pt/products/bathroom-accessories/bh14-robe-hook/,cantonlock.com,1
/products/care-grab-bars/bh56-flip-up-grab-bar/,cantonlock.com,1
/products/hardware-accessories/fb014-door-flush-bolt/,cantonlock.com,1
/products/hardware-accessories/bh16-flat-slide-bolt/,cantonlock.com,1
/es/products/bathroom-accessories/bh41-robe-hook/,cantonlock.com,1
/api/inngest,www.cantonlock.com,1
/images/responsive/products/hyde-ar4-101-640w.webp,cantonlock.com,1
/pt/products/bathroom-accessories/bh29-corner-shower-basket/,cantonlock.com,1
/_next/static/chunks/0mw60kls_w5uo.js,cantonlock.com,1
/api/w/admins/jobs_u/get_log_file/../../../../proc/self/environ,cantonlock.com:8080,1
/images/products-hyde/bh20-toilet-roll-holder-with-cover-5.webp,cantonlock.com,1
/proc/self/cmdline,cantonlock.com:8080,1
/guides/samples-and-incoming-inspection-2026/,cantonlock.com,1
/ko/faq/,cantonlock.com,1
/pt/products/grip-handle-sets/dh02-ab-grip-handle-set/,cantonlock.com,1
/pt/products/hardware-accessories/fb012-door-flush-bolt/,cantonlock.com,1
/pt/products/bathroom-accessories/bh23-toilet-roll-holder-with-shelf/,cantonlock.com,1
/ja/contact/,cantonlock.com,1
/uploads/allimg/20221019/2-221019155623Q0.jpg,cantonlock.com,1
/images/products-hyde/bh58-flip-up-grab-bar-2.webp,cantonlock.com,1
/inngest,cantonlock.com:8080,1
/es/products/hardware-accessories/l025-latch/,cantonlock.com,1
/images/products-hyde/bh31-two-tier-corner-shower-basket-4.webp,cantonlock.com,1
/api/v1/validate/code,cantonlock.com,1
/images/products-hyde/bh55-fold-down-shower-seat.webp,cantonlock.com,1