cantonlock_slug,cantonlock_model,cantonlock_spec_rows,stahlock_id,stahlock_url,stahlock_model,label,stahlock_value,type,cantonlock_existing,evidence
016-exterior-trim,016,3,2436,https://stahlock.com/index.php?id=2436,016,Product Type,Panic Exit Device Accessory,new,,Product Type: Panic Exit Device Accessory
016-exterior-trim,016,3,2436,https://stahlock.com/index.php?id=2436,016,Compatible With,Panic Exit Device / Panic Bar,new,,Compatible With: Panic Exit Device / Panic Bar
016-exterior-trim,016,3,2436,https://stahlock.com/index.php?id=2436,016,Body Material,Zinc Alloy,new,,Body Material: Zinc Alloy
016-exterior-trim,016,3,2436,https://stahlock.com/index.php?id=2436,016,Handle Material,Zinc Alloy,new,,Handle Material: Zinc Alloy
016-exterior-trim,016,3,2436,https://stahlock.com/index.php?id=2436,016,Spindle Material,Iron,new,,Spindle Material: Iron
016-exterior-trim,016,3,2436,https://stahlock.com/index.php?id=2436,016,Key Material,Iron,new,,Key Material: Iron
016-exterior-trim,016,3,2436,https://stahlock.com/index.php?id=2436,016,Operation,Key Operated,new,,Operation: Key Operated
016-exterior-trim,016,3,2436,https://stahlock.com/index.php?id=2436,016,Door Handing,Left & Right Reversible,new,,Door Handing: Left & Right Reversible
016-exterior-trim,016,3,2436,https://stahlock.com/index.php?id=2436,016,Suitable Doors,Fire Doors / Emergency Exit Doors / Commercial Doors,new,,Suitable Doors: Fire Doors / Emergency Exit Doors / Commercial Doors
100-glass-door-handle,100,3,2214,https://stahlock.com/index.php?id=2214,100,Model Size,Ø32 × 300 × 600 mm,new,,Model Size: Ø32 × 300 × 600 mm
100-glass-door-handle,100,3,2214,https://stahlock.com/index.php?id=2214,100,Material,SUS 304 Stainless Steel,conflict,304 stainless steel,Material: SUS 304 Stainless Steel
100-glass-door-handle,100,3,2214,https://stahlock.com/index.php?id=2214,100,Tube Thickness,1.0 mm (Optional: 0.8 mm),new,,Tube Thickness: 1.0 mm (Optional: 0.8 mm)
100-glass-door-handle,100,3,2214,https://stahlock.com/index.php?id=2214,100,Door Compatibility,10–12 mm glass doors,new,,Door Compatibility: 10–12 mm glass doors
102-glass-door-handle,102,3,2215,https://stahlock.com/index.php?id=2215,102,Material,SUS 304 Stainless Steel,conflict,304 stainless steel,Material: SUS 304 Stainless Steel
102-glass-door-handle,102,3,2215,https://stahlock.com/index.php?id=2215,102,Tube Thickness,1.0 mm (optional: 0.8 mm),new,,Tube Thickness: 1.0 mm (optional: 0.8 mm)
102-glass-door-handle,102,3,2215,https://stahlock.com/index.php?id=2215,102,Door Thickness,10–12 mm,new,,Door Thickness: 10–12 mm
102-glass-door-handle,102,3,2215,https://stahlock.com/index.php?id=2215,102,Size,Ø32 × 300 × 600 mm,conflict,32x300x600 mm,Size: Ø32 × 300 × 600 mm
102-glass-door-handle,102,3,2215,https://stahlock.com/index.php?id=2215,102,Finish,Satin + Polished,conflict,Satin+Polished,Finish: Satin + Polished
104-glass-door-handle,104,3,2216,https://stahlock.com/index.php?id=2216,104,Material,SUS 304 Stainless Steel,conflict,304 stainless steel,Material: SUS 304 Stainless Steel
104-glass-door-handle,104,3,2216,https://stahlock.com/index.php?id=2216,104,Tube Thickness,0.8 mm or 1.0 mm,new,,Tube Thickness: 0.8 mm or 1.0 mm
104-glass-door-handle,104,3,2216,https://stahlock.com/index.php?id=2216,104,Door Thickness,10–12 mm,new,,Door Thickness: 10–12 mm
104-glass-door-handle,104,3,2216,https://stahlock.com/index.php?id=2216,104,Size,Ø32 × 300 × 600 mm,conflict,32x300x600 mm,Size: Ø32 × 300 × 600 mm
104-glass-door-handle,104,3,2216,https://stahlock.com/index.php?id=2216,104,Finish,Satin + Polished,conflict,Satin+Polished,Finish: Satin + Polished
106-glass-door-handle,106,3,2218,https://stahlock.com/index.php?id=2218,106,Material,SUS304 Stainless Steel,conflict,304 stainless steel,Material: SUS304 Stainless Steel
106-glass-door-handle,106,3,2218,https://stahlock.com/index.php?id=2218,106,Tube Thickness,1.0 mm (also available in 0.8 mm),new,,Tube Thickness: 1.0 mm (also available in 0.8 mm)
106-glass-door-handle,106,3,2218,https://stahlock.com/index.php?id=2218,106,Door Thickness,10–12 mm,new,,Door Thickness: 10–12 mm
106-glass-door-handle,106,3,2218,https://stahlock.com/index.php?id=2218,106,Size,32 × 300 × 600 mm,conflict,32x300x600 mm,Size: 32 × 300 × 600 mm
106-glass-door-handle,106,3,2218,https://stahlock.com/index.php?id=2218,106,Finish,Satin + Polished,conflict,Satin+Polished,Finish: Satin + Polished
107-glass-door-handle,107,3,2219,https://stahlock.com/index.php?id=2219,107,Material,SUS304 Stainless Steel + Acrylic,conflict,304 stainless steel,Material: SUS304 Stainless Steel + Acrylic
107-glass-door-handle,107,3,2219,https://stahlock.com/index.php?id=2219,107,Tube Thickness,1.0 mm (optional: 0.8 mm),new,,Tube Thickness: 1.0 mm (optional: 0.8 mm)
107-glass-door-handle,107,3,2219,https://stahlock.com/index.php?id=2219,107,Door Thickness,10–12 mm,new,,Door Thickness: 10–12 mm
107-glass-door-handle,107,3,2219,https://stahlock.com/index.php?id=2219,107,Size,32 × 300 × 600 mm,conflict,32x300x600 mm,Size: 32 × 300 × 600 mm
107-glass-door-handle,107,3,2219,https://stahlock.com/index.php?id=2219,107,Finish,Satin Stainless Steel + Acrylic Center,conflict,Satin SS +Middle Part Acrylic,Finish: Satin Stainless Steel + Acrylic Center
1073d-night-latch-and-rim-lock,1073D,11,2123,https://stahlock.com/index.php?id=2123,1073D,Material,"Iron case with zinc-plated steel internal components, brass latch and cylinder, 3 brass keys",conflict,"Iron case, steel base internal components with zinc plated, 3 pcs brass keys , brass latch and cylinder","Material: Iron case with zinc-plated steel internal components, brass latch and cylinder, 3 brass keys"
1073d-night-latch-and-rim-lock,1073D,11,2123,https://stahlock.com/index.php?id=2123,1073D,Color,Gray spray-painted (custom colors available),conflict,"Gray spray painted, other available",Color: Gray spray-painted (custom colors available)
1073d-night-latch-and-rim-lock,1073D,11,2123,https://stahlock.com/index.php?id=2123,1073D,Latch,Brass rolling latch,new,,Latch: Brass rolling latch
1073d-night-latch-and-rim-lock,1073D,11,2123,https://stahlock.com/index.php?id=2123,1073D,Opening,Double-side,new,,Opening: Double-side
1073d-night-latch-and-rim-lock,1073D,11,2123,https://stahlock.com/index.php?id=2123,1073D,Handing,Reversible for left or right hand doors,conflict,"Fully reversible, left or right hand",Handing: Reversible for left or right hand doors
1073d-night-latch-and-rim-lock,1073D,11,2123,https://stahlock.com/index.php?id=2123,1073D,Door Thickness,Standard 35–55mm (optional 30–60mm),conflict,35mm to 55mm standard; 30mm to 60mm on request,Door Thickness: Standard 35–55mm (optional 30–60mm)
1073d-night-latch-and-rim-lock,1073D,11,2123,https://stahlock.com/index.php?id=2123,1073D,Application,Residential use,new,,Application: Residential use
1073s-night-latch-and-rim-lock,1073S,11,2122,https://stahlock.com/index.php?id=2122,1073S,Material,"Iron case with steel internal components (zinc plated), brass latch and cylinder, 3 brass keys",conflict,"Iron case, steel base internal components with zinc plated finish, 3 pcs brass keys , brass latch and cylinder","Material: Iron case with steel internal components (zinc plated), brass latch and cylinder, 3 brass keys"
1073s-night-latch-and-rim-lock,1073S,11,2122,https://stahlock.com/index.php?id=2122,1073S,Color,Gray spray-painted (other colors available),conflict,"Gray spray painted, other available",Color: Gray spray-painted (other colors available)
1073s-night-latch-and-rim-lock,1073S,11,2122,https://stahlock.com/index.php?id=2122,1073S,Latch,Brass rolling latch,new,,Latch: Brass rolling latch
1073s-night-latch-and-rim-lock,1073S,11,2122,https://stahlock.com/index.php?id=2122,1073S,Opening,Single-side,new,,Opening: Single-side
1073s-night-latch-and-rim-lock,1073S,11,2122,https://stahlock.com/index.php?id=2122,1073S,Handing,Reversible for left or right hand doors,conflict,"Fully reversible, left or right hand",Handing: Reversible for left or right hand doors
1073s-night-latch-and-rim-lock,1073S,11,2122,https://stahlock.com/index.php?id=2122,1073S,Door Thickness,35–55mm standard (30–60mm optional),conflict,35mm to 55mm standard; 30mm to 60mm on request,Door Thickness: 35–55mm standard (30–60mm optional)
1073s-night-latch-and-rim-lock,1073S,11,2122,https://stahlock.com/index.php?id=2122,1073S,Application,Residential use,new,,Application: Residential use
260-night-latch-and-rim-lock,260,9,2108,https://stahlock.com/index.php?id=2108,260,Cylinder Options,"Single / Double cylinder, with self-locking function",new,,"Cylinder Options: Single / Double cylinder, with self-locking function"
260-night-latch-and-rim-lock,260,9,2108,https://stahlock.com/index.php?id=2108,260,Handing,Fully reversible for left or right-hand doors,conflict,"Fully reversible, left or right hand",Handing: Fully reversible for left or right-hand doors
260-night-latch-and-rim-lock,260,9,2108,https://stahlock.com/index.php?id=2108,260,Door Thickness,35–55mm (1-3/8” to 2-3/16”),conflict,35mm to 55mm standard; 30mm to 60mm on request,Door Thickness: 35–55mm (1-3/8” to 2-3/16”)
260-night-latch-and-rim-lock,260,9,2108,https://stahlock.com/index.php?id=2108,260,Backset,60mm (2-3/8”),new,,Backset: 60mm (2-3/8”)
300-panic-exit-device,300,4,1926,https://stahlock.com/index.php?id=1926,300,Material,Iron with ABS,conflict,Iron with ABS material.,Material: Iron with ABS
300-panic-exit-device,300,4,1926,https://stahlock.com/index.php?id=1926,300,Finish,"Painted (Red, Black, or customized)",conflict,painting red/ black or other finish also is available.,"Finish: Painted (Red, Black, or customized)"
300-panic-exit-device,300,4,1926,https://stahlock.com/index.php?id=1926,300,Bar Length,900mm (adjustable),new,,Bar Length: 900mm (adjustable)
300-panic-exit-device,300,4,1926,https://stahlock.com/index.php?id=1926,300,Fire Rating,1.5 hours,new,,Fire Rating: 1.5 hours
301-panic-exit-device,301,3,1927,https://stahlock.com/index.php?id=1927,301,Finish,"Spray-painted silver, powder-coated iron",new,,"Finish: Spray-painted silver, powder-coated iron"
301-panic-exit-device,301,3,1927,https://stahlock.com/index.php?id=1927,301,Standard Length,1040mm (adjustable),new,,Standard Length: 1040mm (adjustable)
301-panic-exit-device,301,3,1927,https://stahlock.com/index.php?id=1927,301,Certification,"CE, Fire-rated EN1125 (2-hour fireproof)",new,,"Certification: CE, Fire-rated EN1125 (2-hour fireproof)"
302-panic-exit-device,302,3,1928,https://stahlock.com/index.php?id=1928,302,Material,Stainless Steel,conflict,Stainless steel+Iron,Material: Stainless Steel
302-panic-exit-device,302,3,1928,https://stahlock.com/index.php?id=1928,302,Finish,Painted,conflict,Painting,Finish: Painted
302-panic-exit-device,302,3,1928,https://stahlock.com/index.php?id=1928,302,Length,1040mm (adjustable),conflict,1040mm(length can be adjusted),Length: 1040mm (adjustable)
302-panic-exit-device,302,3,1928,https://stahlock.com/index.php?id=1928,302,Certification,CE Certified,new,,Certification: CE Certified
302-panic-exit-device,302,3,1928,https://stahlock.com/index.php?id=1928,302,Handling,Fully reversible for left or right-hand doors,new,,Handling: Fully reversible for left or right-hand doors
302-panic-exit-device,302,3,1928,https://stahlock.com/index.php?id=1928,302,Customization,Available,new,,Customization: Available
303-panic-exit-device,303,0,1929,https://stahlock.com/index.php?id=1929,303,Material,Steel or stainless steel,new,,Material: Steel or stainless steel
303-panic-exit-device,303,0,1929,https://stahlock.com/index.php?id=1929,303,Inner Material,Iron,new,,Inner Material: Iron
303-panic-exit-device,303,0,1929,https://stahlock.com/index.php?id=1929,303,Length,900mm,new,,Length: 900mm
303-panic-exit-device,303,0,1929,https://stahlock.com/index.php?id=1929,303,Finish Options,"Satin nickel, chrome, antique brass, polished brass, etc.",new,,"Finish Options: Satin nickel, chrome, antique brass, polished brass, etc."
303-panic-exit-device,303,0,1929,https://stahlock.com/index.php?id=1929,303,Usage,Building industry machinery,new,,Usage: Building industry machinery
307-panic-exit-device,307,4,1916,https://stahlock.com/index.php?id=1916,307,Material,ABS body with aluminum push bar,conflict,ABS material with Aluminum push bar,Material: ABS body with aluminum push bar
307-panic-exit-device,307,4,1916,https://stahlock.com/index.php?id=1916,307,Fire Rating,2.5 hours fire-resistant,new,,Fire Rating: 2.5 hours fire-resistant
307-panic-exit-device,307,4,1916,https://stahlock.com/index.php?id=1916,307,Door Compatibility,Fully reversible for left or right-hand doors,new,,Door Compatibility: Fully reversible for left or right-hand doors
309-s-s-panic-exit-device,309-S,1,1920,https://stahlock.com/index.php?id=1920,309-S,Material,Aluminum alloy and iron,conflict,Aluminium alloy and iron,Material: Aluminum alloy and iron
309-s-s-panic-exit-device,309-S,1,1920,https://stahlock.com/index.php?id=1920,309-S,Finish,Powder-coated (static paint),new,,Finish: Powder-coated (static paint)
309-s-s-panic-exit-device,309-S,1,1920,https://stahlock.com/index.php?id=1920,309-S,Standard Length,750mm,new,,Standard Length: 750mm
309-s-s-panic-exit-device,309-S,1,1920,https://stahlock.com/index.php?id=1920,309-S,Certification,"CE, Fire-rated EN1125",new,,"Certification: CE, Fire-rated EN1125"
310-panic-exit-device,310,5,1923,https://stahlock.com/index.php?id=1923,310,Finish,Painted,conflict,Painting,Finish: Painted
310-panic-exit-device,310,5,1923,https://stahlock.com/index.php?id=1923,310,Length,900mm (adjustable),conflict,900MM,Length: 900mm (adjustable)
310-panic-exit-device,310,5,1923,https://stahlock.com/index.php?id=1923,310,Color Options,"Red, Black",new,,"Color Options: Red, Black"
310-panic-exit-device,310,5,1923,https://stahlock.com/index.php?id=1923,310,Fire Rating,1.5 hours,new,,Fire Rating: 1.5 hours
310-panic-exit-device,310,5,1923,https://stahlock.com/index.php?id=1923,310,Certification,CE marked,new,,Certification: CE marked
311-panic-exit-device,311,1,1917,https://stahlock.com/index.php?id=1917,311,Material,ABS plastic with aluminum components,conflict,ABS plastic material with Aluminum,• Material: ABS plastic with aluminum components
311-panic-exit-device,311,1,1917,https://stahlock.com/index.php?id=1917,311,Set Includes,"311 push bar, lock body, brass cylinder, stainless steel handle",new,,"• Set Includes: 311 push bar, lock body, brass cylinder, stainless steel handle"
311-panic-exit-device,311,1,1917,https://stahlock.com/index.php?id=1917,311,Bar Length,900mm,new,,• Bar Length: 900mm
311-panic-exit-device,311,1,1917,https://stahlock.com/index.php?id=1917,311,Fire Door Compatible,Suitable for single-leaf or fire-rated doors,new,,• Fire Door Compatible: Suitable for single-leaf or fire-rated doors
311-panic-exit-device,311,1,1917,https://stahlock.com/index.php?id=1917,311,2. Dual center distances,72mm & 92mm (with cylinder hole),new,,2. Dual center distances: 72mm & 92mm (with cylinder hole)
313-panic-exit-device,313,3,2401,https://stahlock.com/index.php?id=2401,313,Push Bar Material,Aluminium,new,,Push Bar Material: Aluminium
313-panic-exit-device,313,3,2401,https://stahlock.com/index.php?id=2401,313,Color Options,Different colors available (customizable),new,,Color Options: Different colors available (customizable)
316-d-panic-exit-device,316-D,3,2434,https://stahlock.com/index.php?id=2434,316-D,Operation,Push to Open,new,,* Operation: Push to Open
316-d-panic-exit-device,316-D,3,2434,https://stahlock.com/index.php?id=2434,316-D,Locking System,Top & Bottom Latching,new,,* Locking System: Top & Bottom Latching
316-d-panic-exit-device,316-D,3,2434,https://stahlock.com/index.php?id=2434,316-D,Housing Material,Flame-Retardant ABS,new,,* Housing Material: Flame-Retardant ABS
316-d-panic-exit-device,316-D,3,2434,https://stahlock.com/index.php?id=2434,316-D,Main Body Material,Aluminum Alloy,new,,* Main Body Material: Aluminum Alloy
316-d-panic-exit-device,316-D,3,2434,https://stahlock.com/index.php?id=2434,316-D,Push Bar Material,Iron,new,,* Push Bar Material: Iron
316-d-panic-exit-device,316-D,3,2434,https://stahlock.com/index.php?id=2434,316-D,Latch Material,Thickened Iron,new,,* Latch Material: Thickened Iron
316-d-panic-exit-device,316-D,3,2434,https://stahlock.com/index.php?id=2434,316-D,Outside Lever,Optional (Not Included in the Listed Price),new,,* Outside Lever: Optional (Not Included in the Listed Price)
316-d-panic-exit-device,316-D,3,2434,https://stahlock.com/index.php?id=2434,316-D,Opening Direction,Left & Right Reversible,new,,* Opening Direction: Left & Right Reversible
316-d-panic-exit-device,316-D,3,2434,https://stahlock.com/index.php?id=2434,316-D,OEM & ODM,Available,new,,* OEM & ODM: Available
316-s-panic-exit-device,316-S,3,2433,https://stahlock.com/index.php?id=2433,316-S,Operation,Push to Open,new,,Operation: Push to Open
316-s-panic-exit-device,316-S,3,2433,https://stahlock.com/index.php?id=2433,316-S,Housing Material,Flame-Retardant ABS,new,,Housing Material: Flame-Retardant ABS
316-s-panic-exit-device,316-S,3,2433,https://stahlock.com/index.php?id=2433,316-S,Main Body Material,Aluminum Alloy,new,,Main Body Material: Aluminum Alloy
316-s-panic-exit-device,316-S,3,2433,https://stahlock.com/index.php?id=2433,316-S,Push Bar Material,Iron,new,,Push Bar Material: Iron
316-s-panic-exit-device,316-S,3,2433,https://stahlock.com/index.php?id=2433,316-S,Latch Material,Thickened Iron,new,,Latch Material: Thickened Iron
316-s-panic-exit-device,316-S,3,2433,https://stahlock.com/index.php?id=2433,316-S,Outside Lever,Optional (Not Included in the Listed Price),new,,Outside Lever: Optional (Not Included in the Listed Price)
316-s-panic-exit-device,316-S,3,2433,https://stahlock.com/index.php?id=2433,316-S,Opening Direction,Left & Right Reversible,new,,Opening Direction: Left & Right Reversible
316-s-panic-exit-device,316-S,3,2433,https://stahlock.com/index.php?id=2433,316-S,Available Versions,Single Door / Double Door,new,,Available Versions: Single Door / Double Door
316-s-panic-exit-device,316-S,3,2433,https://stahlock.com/index.php?id=2433,316-S,OEM & ODM,Available,new,,OEM & ODM: Available
330-panic-exit-device,330,4,1925,https://stahlock.com/index.php?id=1925,330,Material,Iron + Iron Tube,conflict,Iron+Iron tube,Material: Iron + Iron Tube
330-panic-exit-device,330,4,1925,https://stahlock.com/index.php?id=1925,330,Color Options,"Red, Black",new,,"Color Options: Red, Black"
330-panic-exit-device,330,4,1925,https://stahlock.com/index.php?id=1925,330,Length,Customizable per request,conflict,Different length according to customer request,Length: Customizable per request
330-panic-exit-device,330,4,1925,https://stahlock.com/index.php?id=1925,330,Certification,"CE marked, EN1125",new,,"Certification: CE marked, EN1125"
47bsik-lock-cylinder,47BSIK,1,1997,https://stahlock.com/index.php?id=1997,47 BSIK,Size,47mm,new,,Size: 47mm
47bsik-lock-cylinder,47BSIK,1,1997,https://stahlock.com/index.php?id=1997,47 BSIK,Keys,3 or 5 keys available,new,,Keys: 3 or 5 keys available
556-night-latch-and-rim-lock,556,9,2111,https://stahlock.com/index.php?id=2111,556,Material,Iron case with zinc-plated steel internal components; painted finish,conflict,iron,Material: Iron case with zinc-plated steel internal components; painted finish
556-night-latch-and-rim-lock,556,9,2111,https://stahlock.com/index.php?id=2111,556,Cylinder Options,Single or double cylinder with self-locking function,new,,Cylinder Options: Single or double cylinder with self-locking function
556-night-latch-and-rim-lock,556,9,2111,https://stahlock.com/index.php?id=2111,556,Handing,Fully reversible for left or right-hand doors,conflict,"Fully reversible, left or right hand",Handing: Fully reversible for left or right-hand doors
556-night-latch-and-rim-lock,556,9,2111,https://stahlock.com/index.php?id=2111,556,Door Thickness,35–55mm (1-3/8” to 2-3/16”),conflict,35mm to 55mm standard; 30mm to 60mm on request,Door Thickness: 35–55mm (1-3/8” to 2-3/16”)
556-night-latch-and-rim-lock,556,9,2111,https://stahlock.com/index.php?id=2111,556,Backset,60mm (2-3/8”),new,,Backset: 60mm (2-3/8”)
558-night-latch-and-rim-lock,558,9,2112,https://stahlock.com/index.php?id=2112,558,Material,Iron case with zinc-plated steel internal parts; painted finish,conflict,iron,Material: Iron case with zinc-plated steel internal parts; painted finish
558-night-latch-and-rim-lock,558,9,2112,https://stahlock.com/index.php?id=2112,558,Structure,Beveled latch design,new,,Structure: Beveled latch design
558-night-latch-and-rim-lock,558,9,2112,https://stahlock.com/index.php?id=2112,558,Cylinder Options,Single or double cylinder with self-locking function,new,,Cylinder Options: Single or double cylinder with self-locking function
558-night-latch-and-rim-lock,558,9,2112,https://stahlock.com/index.php?id=2112,558,Handing,Fully reversible for left or right-hand doors,conflict,"Fully reversible, left or right hand",Handing: Fully reversible for left or right-hand doors
558-night-latch-and-rim-lock,558,9,2112,https://stahlock.com/index.php?id=2112,558,Door Thickness,35–55mm (1-3/8” to 2-3/16”),conflict,35mm to 55mm standard; 30mm to 60mm on request,Door Thickness: 35–55mm (1-3/8” to 2-3/16”)
558-night-latch-and-rim-lock,558,9,2112,https://stahlock.com/index.php?id=2112,558,Backset,60mm (2-3/8”),new,,Backset: 60mm (2-3/8”)
559-night-latch-and-rim-lock,559,9,2110,https://stahlock.com/index.php?id=2110,559,Material,Iron case with zinc-plated steel internal components; painted finish,conflict,Iron,Material: Iron case with zinc-plated steel internal components; painted finish
559-night-latch-and-rim-lock,559,9,2110,https://stahlock.com/index.php?id=2110,559,Cylinder Options,"Single or double brass cylinder, with self-locking function",new,,"Cylinder Options: Single or double brass cylinder, with self-locking function"
559-night-latch-and-rim-lock,559,9,2110,https://stahlock.com/index.php?id=2110,559,Handing,Fully reversible for left or right-hand doors,conflict,"Fully reversible, left or right hand",Handing: Fully reversible for left or right-hand doors
559-night-latch-and-rim-lock,559,9,2110,https://stahlock.com/index.php?id=2110,559,Door Thickness,35–55mm (1-3/8” to 2-3/16”),conflict,35mm to 55mm standard; 30mm to 60mm on request,Door Thickness: 35–55mm (1-3/8” to 2-3/16”)
559-night-latch-and-rim-lock,559,9,2110,https://stahlock.com/index.php?id=2110,559,Backset,60mm (2-3/8”),new,,Backset: 60mm (2-3/8”)
564-night-latch-and-rim-lock,564,11,2106,https://stahlock.com/index.php?id=2106,564,Structure,Beveled latch structure,new,,Structure: Beveled latch structure
564-night-latch-and-rim-lock,564,11,2106,https://stahlock.com/index.php?id=2106,564,Body,"Zinc die-cast outer case, zinc-plated steel internal components",new,,"Body: Zinc die-cast outer case, zinc-plated steel internal components"
564-night-latch-and-rim-lock,564,11,2106,https://stahlock.com/index.php?id=2106,564,Door Thickness,35–55mm,conflict,35mm to 55mm standard; 30mm to 60mm on request,Door Thickness: 35–55mm
564-night-latch-and-rim-lock,564,11,2106,https://stahlock.com/index.php?id=2106,564,Backset,60mm (2-3/8”),conflict,"2-3/8"" (60mm)",Backset: 60mm (2-3/8”)
564-night-latch-and-rim-lock,564,11,2106,https://stahlock.com/index.php?id=2106,564,Deadbolt,25mm full-throw rim deadbolt,new,,Deadbolt: 25mm full-throw rim deadbolt
564-mb-night-latch-and-rim-lock,564 MB,11,2413,https://stahlock.com/index.php?id=2413,564 MB,Product Type,Anti-Theft Rim Lock / Night Latch,new,,• Product Type: Anti-Theft Rim Lock / Night Latch
564-mb-night-latch-and-rim-lock,564 MB,11,2413,https://stahlock.com/index.php?id=2413,564 MB,Lock Body Material,Zinc Alloy,new,,• Lock Body Material: Zinc Alloy
564-mb-night-latch-and-rim-lock,564 MB,11,2413,https://stahlock.com/index.php?id=2413,564 MB,Latch Bolt Material,Zinc Alloy,new,,• Latch Bolt Material: Zinc Alloy
564-mb-night-latch-and-rim-lock,564 MB,11,2413,https://stahlock.com/index.php?id=2413,564 MB,Thumbturn Button,Brass,new,,• Thumbturn Button: Brass
564-mb-night-latch-and-rim-lock,564 MB,11,2413,https://stahlock.com/index.php?id=2413,564 MB,Lock Cylinder Housing,Aluminum,new,,• Lock Cylinder Housing: Aluminum
564-mb-night-latch-and-rim-lock,564 MB,11,2413,https://stahlock.com/index.php?id=2413,564 MB,Cylinder Core,Brass,new,,• Cylinder Core: Brass
564-mb-night-latch-and-rim-lock,564 MB,11,2413,https://stahlock.com/index.php?id=2413,564 MB,Tail Bar,Iron,new,,• Tail Bar: Iron
564-mb-night-latch-and-rim-lock,564 MB,11,2413,https://stahlock.com/index.php?id=2413,564 MB,Cylinder Decorative Ring,Iron,new,,• Cylinder Decorative Ring: Iron
564-mb-night-latch-and-rim-lock,564 MB,11,2413,https://stahlock.com/index.php?id=2413,564 MB,Keys,Iron,new,,• Keys: Iron
564-mb-night-latch-and-rim-lock,564 MB,11,2413,https://stahlock.com/index.php?id=2413,564 MB,Decorative Plate,Iron,new,,• Decorative Plate: Iron
564-mb-night-latch-and-rim-lock,564 MB,11,2413,https://stahlock.com/index.php?id=2413,564 MB,Screws,Iron,new,,• Screws: Iron
5681-night-latch-and-rim-lock,5681,10,2114,https://stahlock.com/index.php?id=2114,5681,Material,Iron case with brass latch and 3 brass keys,conflict,"Iron case, with 3 pcs brass keys , brass latch.",Material: Iron case with brass latch and 3 brass keys
5681-night-latch-and-rim-lock,5681,10,2114,https://stahlock.com/index.php?id=2114,5681,Opening,Double-sided,new,,Opening: Double-sided
5681-night-latch-and-rim-lock,5681,10,2114,https://stahlock.com/index.php?id=2114,5681,Handing,Reversible for left or right hand doors,conflict,"Fully reversible, left or right hand",Handing: Reversible for left or right hand doors
5681-night-latch-and-rim-lock,5681,10,2114,https://stahlock.com/index.php?id=2114,5681,Door Thickness,"Standard 35–55mm, optional 30–60mm",conflict,35mm to 55mm standard; 30mm to 60mm on request,"Door Thickness: Standard 35–55mm, optional 30–60mm"
5682-night-latch-and-rim-lock,5682,10,2115,https://stahlock.com/index.php?id=2115,5682,Material,"Iron case, zinc alloy latch and cylinder, with 3 brass keys",conflict,"Iron case, with 3 pcs brass keys , zinc alloy latch and cylinder","Material: Iron case, zinc alloy latch and cylinder, with 3 brass keys"
5682-night-latch-and-rim-lock,5682,10,2115,https://stahlock.com/index.php?id=2115,5682,Opening,Double-sided,new,,Opening: Double-sided
5682-night-latch-and-rim-lock,5682,10,2115,https://stahlock.com/index.php?id=2115,5682,Handing,Reversible for left or right hand doors,conflict,"Fully reversible, left or right hand",Handing: Reversible for left or right hand doors
5682-night-latch-and-rim-lock,5682,10,2115,https://stahlock.com/index.php?id=2115,5682,Door Thickness,35–55mm standard; 30–60mm optional,conflict,35mm to 55mm standard; 30mm to 60mm on request,Door Thickness: 35–55mm standard; 30–60mm optional
5683-night-latch-and-rim-lock,5683,10,2116,https://stahlock.com/index.php?id=2116,5683,Material,Iron case with zinc-plated steel internal components,conflict,Iron,Material: Iron case with zinc-plated steel internal components
5683-night-latch-and-rim-lock,5683,10,2116,https://stahlock.com/index.php?id=2116,5683,Opening,Double side,new,,Opening: Double side
5683-night-latch-and-rim-lock,5683,10,2116,https://stahlock.com/index.php?id=2116,5683,Handing,Reversible for left or right hand doors,conflict,"Fully reversible, left or right hand",Handing: Reversible for left or right hand doors
5683-night-latch-and-rim-lock,5683,10,2116,https://stahlock.com/index.php?id=2116,5683,Door Thickness,35–55mm standard; 30–60mm optional,conflict,35mm to 55mm standard; 30mm to 60mm on request,Door Thickness: 35–55mm standard; 30–60mm optional
5683-night-latch-and-rim-lock,5683,10,2116,https://stahlock.com/index.php?id=2116,5683,Backset,60mm (2-3/8”),conflict,2-3/8＂(60mm),Backset: 60mm (2-3/8”)
5683-night-latch-and-rim-lock,5683,10,2116,https://stahlock.com/index.php?id=2116,5683,Usage,Residential,new,,Usage: Residential
5688-night-latch-and-rim-lock,5688,10,2118,https://stahlock.com/index.php?id=2118,5688,Material,"Iron case with steel base, zinc-plated finish",conflict,Iron case,"Material: Iron case with steel base, zinc-plated finish"
5688-night-latch-and-rim-lock,5688,10,2118,https://stahlock.com/index.php?id=2118,5688,Size,100×100mm,conflict,100*100mm,Size: 100×100mm
5688-night-latch-and-rim-lock,5688,10,2118,https://stahlock.com/index.php?id=2118,5688,Door Thickness,35–55mm,conflict,35mm to 55mm standard; 30mm to 60mm on request,Door Thickness: 35–55mm
5688-night-latch-and-rim-lock,5688,10,2118,https://stahlock.com/index.php?id=2118,5688,Accessories,Includes installation screws,new,,Accessories: Includes installation screws
5688-night-latch-and-rim-lock,5688,10,2118,https://stahlock.com/index.php?id=2118,5688,Customization,OEM & ODM available,new,,Customization: OEM & ODM available
5689-night-latch-and-rim-lock,5689,13,2119,https://stahlock.com/index.php?id=2119,5689,Material,"Iron case with steel base, zinc-plated finish",conflict,"Iron case, steel base internal components with zinc plated finish","Material: Iron case with steel base, zinc-plated finish"
5689-night-latch-and-rim-lock,5689,13,2119,https://stahlock.com/index.php?id=2119,5689,Size,100×100mm,new,,Size: 100×100mm
5689-night-latch-and-rim-lock,5689,13,2119,https://stahlock.com/index.php?id=2119,5689,Door Thickness,35–55mm,conflict,35mm to 55mm standard; 30mm to 60mm on request,Door Thickness: 35–55mm
5689-night-latch-and-rim-lock,5689,13,2119,https://stahlock.com/index.php?id=2119,5689,Accessories,Includes installation screws,new,,Accessories: Includes installation screws
5689-night-latch-and-rim-lock,5689,13,2119,https://stahlock.com/index.php?id=2119,5689,Customization,OEM & ODM available,new,,Customization: OEM & ODM available
575-abet-tubular-lock,575 ABET,12,2131,https://stahlock.com/index.php?id=2131,575 ABET,Cylinder,"Brass, with 3 brass keys",conflict,Brass cylinder,"Cylinder: Brass, with 3 brass keys"
575-abet-tubular-lock,575 ABET,12,2131,https://stahlock.com/index.php?id=2131,575 ABET,Finish,AB / AC / PB / SB / SS / SP / SC (custom options available),conflict,"AB/AC/PB/SB/SS/SP/SC,other available",Finish: AB / AC / PB / SB / SS / SP / SC (custom options available)
575-abet-tubular-lock,575 ABET,12,2131,https://stahlock.com/index.php?id=2131,575 ABET,Handing,Reversible for left or right hand doors,conflict,"Fully reversible, left or right hand",Handing: Reversible for left or right hand doors
575-abet-tubular-lock,575 ABET,12,2131,https://stahlock.com/index.php?id=2131,575 ABET,Door Thickness,35–45mm (adjustable),conflict,35mm to 45mm adjustable,Door Thickness: 35–45mm (adjustable)
575-abet-tubular-lock,575 ABET,12,2131,https://stahlock.com/index.php?id=2131,575 ABET,Backset,"60mm or 70mm (adjustable), 1” round drive-in latch optional",conflict,60mm / 70mm adjustable,"Backset: 60mm or 70mm (adjustable), 1” round drive-in latch optional"
575-abet-tubular-lock,575 ABET,12,2131,https://stahlock.com/index.php?id=2131,575 ABET,Latch Bolt,"12mm throw, deadlocking for keyed functions",new,,"Latch Bolt: 12mm throw, deadlocking for keyed functions"
575-abet-tubular-lock,575 ABET,12,2131,https://stahlock.com/index.php?id=2131,575 ABET,Strike,"57mm curved lip standard, 70mm optional",conflict,57mm curved lip standard; 70mm available on request,"Strike: 57mm curved lip standard, 70mm optional"
575-abet-tubular-lock,575 ABET,12,2131,https://stahlock.com/index.php?id=2131,575 ABET,Standard,ANSI Grade 3,new,,Standard: ANSI Grade 3
575-abet-tubular-lock,575 ABET,12,2131,https://stahlock.com/index.php?id=2131,575 ABET,Usage,Residential,new,,Usage: Residential
5807-sscl-commercial-lock,5807 SSCL,3,2125,https://stahlock.com/index.php?id=2125,5807 SSCL,Material,Stainless Steel 304 / 201,conflict,Stainless Steel 304/201,Material: Stainless Steel 304 / 201
5807-sscl-commercial-lock,5807 SSCL,3,2125,https://stahlock.com/index.php?id=2125,5807 SSCL,Finish,Satin Stainless Steel (SS),conflict,SS,Finish: Satin Stainless Steel (SS)
5807-sscl-commercial-lock,5807 SSCL,3,2125,https://stahlock.com/index.php?id=2125,5807 SSCL,Door Thickness,35–45mm (1-3/8” to 1-3/4”),new,,Door Thickness: 35–45mm (1-3/8” to 1-3/4”)
5807-sscr-commercial-lock,5807 SSCR,3,2127,https://stahlock.com/index.php?id=2127,5807 SSCR,Material,Stainless Steel 304 / 201,conflict,Stainless Steel 304/201,Material: Stainless Steel 304 / 201
5807-sscr-commercial-lock,5807 SSCR,3,2127,https://stahlock.com/index.php?id=2127,5807 SSCR,Finish,Satin Stainless Steel (SS),conflict,SS,Finish: Satin Stainless Steel (SS)
5807-sscr-commercial-lock,5807 SSCR,3,2127,https://stahlock.com/index.php?id=2127,5807 SSCR,Door Thickness,35–45mm,new,,Door Thickness: 35–45mm
5807-ssel-commercial-lock,5807 SSEL,3,2126,https://stahlock.com/index.php?id=2126,5807 SSEL,Material,Stainless Steel 304 / 201,conflict,Stainless Steel 304/201,Material: Stainless Steel 304 / 201
5807-ssel-commercial-lock,5807 SSEL,3,2126,https://stahlock.com/index.php?id=2126,5807 SSEL,Finish,Satin Stainless Steel (SS),conflict,SS,Finish: Satin Stainless Steel (SS)
5807-ssel-commercial-lock,5807 SSEL,3,2126,https://stahlock.com/index.php?id=2126,5807 SSEL,Door Thickness,35–45mm,new,,Door Thickness: 35–45mm
5807-ssr-commercial-lock,5807 SSR,3,2128,https://stahlock.com/index.php?id=2128,5807 SSR,Material,Stainless Steel 304 / 201,conflict,Stainless Steel 304/201,Material: Stainless Steel 304 / 201
5807-ssr-commercial-lock,5807 SSR,3,2128,https://stahlock.com/index.php?id=2128,5807 SSR,Finish,Satin Stainless Steel (SS),conflict,SS,Finish: Satin Stainless Steel (SS)
5807-ssr-commercial-lock,5807 SSR,3,2128,https://stahlock.com/index.php?id=2128,5807 SSR,Function,Storeroom Lock,conflict,STOREROOM,Function: Storeroom Lock
5807-ssr-commercial-lock,5807 SSR,3,2128,https://stahlock.com/index.php?id=2128,5807 SSR,Door Thickness,35–45mm,new,,Door Thickness: 35–45mm
5831-sset-heavy-duty-cylindrical-lock,5831 SSET,11,2148,https://stahlock.com/index.php?id=2148,5831 SSET,Finishes Available,"Satin Nickel, Chrome, Antique Brass, Polished Brass",new,,"Finishes Available: Satin Nickel, Chrome, Antique Brass, Polished Brass"
5831-sset-heavy-duty-cylindrical-lock,5831 SSET,11,2148,https://stahlock.com/index.php?id=2148,5831 SSET,Latch,90mm,conflict,Deadlocking on keyed functions,Latch: 90mm
5831-sset-heavy-duty-cylindrical-lock,5831 SSET,11,2148,https://stahlock.com/index.php?id=2148,5831 SSET,Backset,60 / 70 / 80 / 90 mm (Adjustable),new,,Backset: 60 / 70 / 80 / 90 mm (Adjustable)
5831-sset-heavy-duty-cylindrical-lock,5831 SSET,11,2148,https://stahlock.com/index.php?id=2148,5831 SSET,Door Thickness,35–50 mm,new,,Door Thickness: 35–50 mm
5831-sset-heavy-duty-cylindrical-lock,5831 SSET,11,2148,https://stahlock.com/index.php?id=2148,5831 SSET,Handing,Reversible for Left or Right-Hand Doors,conflict,"Fully reversible, left or right hand",Handing: Reversible for Left or Right-Hand Doors
5831-sset-heavy-duty-cylindrical-lock,5831 SSET,11,2148,https://stahlock.com/index.php?id=2148,5831 SSET,Standard,ANSI Grade 3,new,,Standard: ANSI Grade 3
5831-sset-heavy-duty-cylindrical-lock,5831 SSET,11,2148,https://stahlock.com/index.php?id=2148,5831 SSET,Application,Entrance Door (Residential Use),conflict,"Commercial offices, schools and heavy-duty residential",Application: Entrance Door (Residential Use)
5833-night-latch-and-rim-lock,5833,12,2101,https://stahlock.com/index.php?id=2101,5833,Application,Iron Doors,conflict,Iron Door,Application: Iron Doors
5833-night-latch-and-rim-lock,5833,12,2101,https://stahlock.com/index.php?id=2101,5833,Material,Iron & Brass,conflict,Iron and Brass,Material: Iron & Brass
5833-night-latch-and-rim-lock,5833,12,2101,https://stahlock.com/index.php?id=2101,5833,Door Thickness,35–55mm,conflict,35mm to 55mm standard; 30mm to 60mm on request,Door Thickness: 35–55mm
5833-night-latch-and-rim-lock,5833,12,2101,https://stahlock.com/index.php?id=2101,5833,Key,3 Brass Keys,new,,Key: 3 Brass Keys
5833-night-latch-and-rim-lock,5833,12,2101,https://stahlock.com/index.php?id=2101,5833,OEM & Sample,Accepted,new,,OEM & Sample: Accepted
5833-night-latch-and-rim-lock,5833,12,2101,https://stahlock.com/index.php?id=2101,5833,Market,South America,new,,Market: South America
5835-night-latch-and-rim-lock,5835,9,2120,https://stahlock.com/index.php?id=2120,5835,Material,Iron,conflict,"Fabricada en lámina de acero 1.2 mm,componentes internos aleación de zinc, aleación de cobre,cilindros en latón sólido,4 llaves. Permite instalación con tornillos o soldadura.Incluye accesorios de instalación.Acabado pintura electrostática. / Iron.",Material: Iron
5835-night-latch-and-rim-lock,5835,9,2120,https://stahlock.com/index.php?id=2120,5835,Backset,50mm,new,,Backset: 50mm
5835-night-latch-and-rim-lock,5835,9,2120,https://stahlock.com/index.php?id=2120,5835,Case & Strike Plate,Steel with electrostatic powder coating,new,,Case & Strike Plate: Steel with electrostatic powder coating
5835-night-latch-and-rim-lock,5835,9,2120,https://stahlock.com/index.php?id=2120,5835,Deadbolt,"Brass or iron, two/three-throw",new,,"Deadbolt: Brass or iron, two/three-throw"
5835-night-latch-and-rim-lock,5835,9,2120,https://stahlock.com/index.php?id=2120,5835,Latch & Puller,Brass or zinc,new,,Latch & Puller: Brass or zinc
5835-night-latch-and-rim-lock,5835,9,2120,https://stahlock.com/index.php?id=2120,5835,Cylinder,"Brass (inside and outside), fixed or loose type",new,,"Cylinder: Brass (inside and outside), fixed or loose type"
5835-night-latch-and-rim-lock,5835,9,2120,https://stahlock.com/index.php?id=2120,5835,Keys,Brass or iron,new,,Keys: Brass or iron
5835-night-latch-and-rim-lock,5835,9,2120,https://stahlock.com/index.php?id=2120,5835,Handing,Left or right (specify when ordering),conflict,"Fully reversible, left or right hand",Handing: Left or right (specify when ordering)
5835-night-latch-and-rim-lock,5835,9,2120,https://stahlock.com/index.php?id=2120,5835,Door Thickness,35–60mm,conflict,35mm to 55mm standard; 30mm to 60mm on request,Door Thickness: 35–60mm
5835-night-latch-and-rim-lock,5835,9,2120,https://stahlock.com/index.php?id=2120,5835,Packing,One set per box with fasteners,new,,Packing: One set per box with fasteners
5836-night-latch-and-rim-lock,5836,9,2121,https://stahlock.com/index.php?id=2121,5836,Material,Iron,conflict,"Fabricada en lámina de acero 1.2 mm,componentes internos aleación de zinc, aleación de cobre,cilindros en latón sólido,4 llaves. Permite instalación con tornillos o soldadura.Incluye accesorios de instalación.Acabado pintura electrostática. / Iron.",Material: Iron
5836-night-latch-and-rim-lock,5836,9,2121,https://stahlock.com/index.php?id=2121,5836,Backset,50mm,new,,Backset: 50mm
5836-night-latch-and-rim-lock,5836,9,2121,https://stahlock.com/index.php?id=2121,5836,Case & Strike Plate,Steel with electrostatic powder coating,new,,Case & Strike Plate: Steel with electrostatic powder coating
5836-night-latch-and-rim-lock,5836,9,2121,https://stahlock.com/index.php?id=2121,5836,Deadbolt,"Brass or iron, two/three-throw",new,,"Deadbolt: Brass or iron, two/three-throw"
5836-night-latch-and-rim-lock,5836,9,2121,https://stahlock.com/index.php?id=2121,5836,Latch & Puller,Brass or zinc,new,,Latch & Puller: Brass or zinc
5836-night-latch-and-rim-lock,5836,9,2121,https://stahlock.com/index.php?id=2121,5836,Cylinder,"Brass (inside and outside), fixed or loose type",new,,"Cylinder: Brass (inside and outside), fixed or loose type"
5836-night-latch-and-rim-lock,5836,9,2121,https://stahlock.com/index.php?id=2121,5836,Keys,Brass or iron,new,,Keys: Brass or iron
5836-night-latch-and-rim-lock,5836,9,2121,https://stahlock.com/index.php?id=2121,5836,Handing,Left or right (specify when ordering),conflict,"Fully reversible, left or right hand",Handing: Left or right (specify when ordering)
5836-night-latch-and-rim-lock,5836,9,2121,https://stahlock.com/index.php?id=2121,5836,Door Thickness,35–60mm,conflict,35mm to 55mm standard; 30mm to 60mm on request,Door Thickness: 35–60mm
5836-night-latch-and-rim-lock,5836,9,2121,https://stahlock.com/index.php?id=2121,5836,Packing,One set per box with fasteners,new,,Packing: One set per box with fasteners
5870-acet-heavy-duty-cylindrical-lock,5870 ACET,12,2150,https://stahlock.com/index.php?id=2150,5870 ACET,Material,Iron + stainless steel,conflict,Iron+stainless steel,• Material: Iron + stainless steel
5870-acet-heavy-duty-cylindrical-lock,5870 ACET,12,2150,https://stahlock.com/index.php?id=2150,5870 ACET,Finishes,"Satin nickel, chrome, antique brass, polished brass, black nickel, antique copper – multiple options available",new,,"• Finishes: Satin nickel, chrome, antique brass, polished brass, black nickel, antique copper – multiple options available"
5870-acet-heavy-duty-cylindrical-lock,5870 ACET,12,2150,https://stahlock.com/index.php?id=2150,5870 ACET,Cylinder,"Zinc alloy, solid brass, or zinc & brass combination",conflict,zinc alloy / Solid brass/Zinc & brass cylinder,"• Cylinder: Zinc alloy, solid brass, or zinc & brass combination"
5870-acet-heavy-duty-cylindrical-lock,5870 ACET,12,2150,https://stahlock.com/index.php?id=2150,5870 ACET,Key Options,"Iron, nickel-plated brass, solid brass, brushed nickel",new,,"• Key Options: Iron, nickel-plated brass, solid brass, brushed nickel"
5870-acet-heavy-duty-cylindrical-lock,5870 ACET,12,2150,https://stahlock.com/index.php?id=2150,5870 ACET,Backset,60mm / 70mm,conflict,60mm/70mm,• Backset: 60mm / 70mm
5870-acet-heavy-duty-cylindrical-lock,5870 ACET,12,2150,https://stahlock.com/index.php?id=2150,5870 ACET,Latch,60mm / 70mm,conflict,Deadlocking on keyed functions,• Latch: 60mm / 70mm
5870-acet-heavy-duty-cylindrical-lock,5870 ACET,12,2150,https://stahlock.com/index.php?id=2150,5870 ACET,Rosette Diameter,65–75mm,new,,• Rosette Diameter: 65–75mm
5870-acet-heavy-duty-cylindrical-lock,5870 ACET,12,2150,https://stahlock.com/index.php?id=2150,5870 ACET,Door Thickness,35–50mm,new,,• Door Thickness: 35–50mm
5870-acet-heavy-duty-cylindrical-lock,5870 ACET,12,2150,https://stahlock.com/index.php?id=2150,5870 ACET,Handing,Fully reversible for left or right hand doors,conflict,"Fully reversible, left or right hand",• Handing: Fully reversible for left or right hand doors
5870-acet-heavy-duty-cylindrical-lock,5870 ACET,12,2150,https://stahlock.com/index.php?id=2150,5870 ACET,Application,Ideal for residential doors,conflict,"Commercial offices, schools and heavy-duty residential",• Application: Ideal for residential doors
5870-sscc-commercial-lock,5870 SSCC,3,2129,https://stahlock.com/index.php?id=2129,5870 SSCC,Material,Stainless Steel 304 / 201,conflict,Stainless Steel 304/201,Material: Stainless Steel 304 / 201
5870-sscc-commercial-lock,5870 SSCC,3,2129,https://stahlock.com/index.php?id=2129,5870 SSCC,Finish,Satin Stainless Steel (SS),conflict,SS,Finish: Satin Stainless Steel (SS)
5870-sscc-commercial-lock,5870 SSCC,3,2129,https://stahlock.com/index.php?id=2129,5870 SSCC,Function,Entrance & Communication,conflict,Entrance and communication,Function: Entrance & Communication
5870-sscc-commercial-lock,5870 SSCC,3,2129,https://stahlock.com/index.php?id=2129,5870 SSCC,Door Thickness,35–45mm,new,,Door Thickness: 35–45mm
5870-sset-heavy-duty-cylindrical-lock,5870 SSET,11,2149,https://stahlock.com/index.php?id=2149,5870 SSET,Material,Iron + stainless steel,conflict,Stainless steel,• Material: Iron + stainless steel
5870-sset-heavy-duty-cylindrical-lock,5870 SSET,11,2149,https://stahlock.com/index.php?id=2149,5870 SSET,Finishes,"Satin nickel, chrome, antique brass, polished brass, black nickel, antique copper – multiple options available",new,,"• Finishes: Satin nickel, chrome, antique brass, polished brass, black nickel, antique copper – multiple options available"
5870-sset-heavy-duty-cylindrical-lock,5870 SSET,11,2149,https://stahlock.com/index.php?id=2149,5870 SSET,Cylinder,"Zinc alloy, solid brass, or zinc & brass combination",conflict,"5-pin tumbler, brass plug, two nickel-plated brass keys","• Cylinder: Zinc alloy, solid brass, or zinc & brass combination"
5870-sset-heavy-duty-cylindrical-lock,5870 SSET,11,2149,https://stahlock.com/index.php?id=2149,5870 SSET,Key Options,"Iron, nickel-plated brass, solid brass, brushed nickel",new,,"• Key Options: Iron, nickel-plated brass, solid brass, brushed nickel"
5870-sset-heavy-duty-cylindrical-lock,5870 SSET,11,2149,https://stahlock.com/index.php?id=2149,5870 SSET,Backset,60mm / 70mm,new,,• Backset: 60mm / 70mm
5870-sset-heavy-duty-cylindrical-lock,5870 SSET,11,2149,https://stahlock.com/index.php?id=2149,5870 SSET,Latch,60mm / 70mm,conflict,Deadlocking on keyed functions,• Latch: 60mm / 70mm
5870-sset-heavy-duty-cylindrical-lock,5870 SSET,11,2149,https://stahlock.com/index.php?id=2149,5870 SSET,Rosette Diameter,65–75mm,new,,• Rosette Diameter: 65–75mm
5870-sset-heavy-duty-cylindrical-lock,5870 SSET,11,2149,https://stahlock.com/index.php?id=2149,5870 SSET,Door Thickness,35–50mm,new,,• Door Thickness: 35–50mm
5870-sset-heavy-duty-cylindrical-lock,5870 SSET,11,2149,https://stahlock.com/index.php?id=2149,5870 SSET,Handing,Fully reversible for left or right hand doors,conflict,"Fully reversible, left or right hand",• Handing: Fully reversible for left or right hand doors
5870-sset-heavy-duty-cylindrical-lock,5870 SSET,11,2149,https://stahlock.com/index.php?id=2149,5870 SSET,Application,Ideal for residential doors,conflict,"Commercial offices, schools and heavy-duty residential",• Application: Ideal for residential doors
5870-sset-heavy-duty-cylindrical-lock,5870 SSET,11,2151,https://stahlock.com/index.php?id=2151,5870 SSET,Standard,"ANSI Grade 2 / Life Cycle Tested Over 200,000 Times",new,,"Standard: ANSI Grade 2 / Life Cycle Tested Over 200,000 Times"
5871-sset-heavy-duty-cylindrical-lock,5871 SSET,11,2165,https://stahlock.com/index.php?id=2165,5871 SSET,Application,"Offices, schools, and high-traffic residential doors",conflict,"Commercial offices, schools and heavy-duty residential","Application: Offices, schools, and high-traffic residential doors"
5874-acet-heavy-duty-cylindrical-lock,5874 ACET,12,2152,https://stahlock.com/index.php?id=2152,5874 ACET,Material,Iron + stainless steel,conflict,Iron+stainless steel,Material: Iron + stainless steel
5874-acet-heavy-duty-cylindrical-lock,5874 ACET,12,2152,https://stahlock.com/index.php?id=2152,5874 ACET,Finishes,"Satin nickel, chrome, antique brass, polished brass, black nickel, antique copper – multiple options available",new,,"Finishes: Satin nickel, chrome, antique brass, polished brass, black nickel, antique copper – multiple options available"
5874-acet-heavy-duty-cylindrical-lock,5874 ACET,12,2152,https://stahlock.com/index.php?id=2152,5874 ACET,Cylinder,"Zinc alloy, solid brass, or zinc & brass combination",conflict,zinc alloy / Solid brass/Zinc & brass cylinder,"Cylinder: Zinc alloy, solid brass, or zinc & brass combination"
5874-acet-heavy-duty-cylindrical-lock,5874 ACET,12,2152,https://stahlock.com/index.php?id=2152,5874 ACET,Key Options,"Iron, nickel-plated brass, solid brass, brushed nickel",new,,"Key Options: Iron, nickel-plated brass, solid brass, brushed nickel"
5874-acet-heavy-duty-cylindrical-lock,5874 ACET,12,2152,https://stahlock.com/index.php?id=2152,5874 ACET,Backset,60mm / 70mm,conflict,60mm/70mm,Backset: 60mm / 70mm
5874-acet-heavy-duty-cylindrical-lock,5874 ACET,12,2152,https://stahlock.com/index.php?id=2152,5874 ACET,Latch,60mm / 70mm,conflict,Deadlocking on keyed functions,Latch: 60mm / 70mm
5874-acet-heavy-duty-cylindrical-lock,5874 ACET,12,2152,https://stahlock.com/index.php?id=2152,5874 ACET,Rosette Diameter,65–75mm,new,,Rosette Diameter: 65–75mm
5874-acet-heavy-duty-cylindrical-lock,5874 ACET,12,2152,https://stahlock.com/index.php?id=2152,5874 ACET,Door Thickness,35–50mm,new,,Door Thickness: 35–50mm
5874-acet-heavy-duty-cylindrical-lock,5874 ACET,12,2152,https://stahlock.com/index.php?id=2152,5874 ACET,Handing,Fully reversible for left or right hand doors,conflict,"Fully reversible, left or right hand",Handing: Fully reversible for left or right hand doors
5874-acet-heavy-duty-cylindrical-lock,5874 ACET,12,2152,https://stahlock.com/index.php?id=2152,5874 ACET,Application,Ideal for residential doors,conflict,"Commercial offices, schools and heavy-duty residential",Application: Ideal for residential doors
587-mbet-light-duty-cylindrical-lock,587 MBET,11,2159,https://stahlock.com/index.php?id=2159,587 MBET,Finish Options,"Satin nickel, chrome, antique brass, polished brass",new,,"Finish Options: Satin nickel, chrome, antique brass, polished brass"
587-mbet-light-duty-cylindrical-lock,587 MBET,11,2159,https://stahlock.com/index.php?id=2159,587 MBET,Key Types,"Nickel-plated brass, solid brass, brushed nickel",new,,"Key Types: Nickel-plated brass, solid brass, brushed nickel"
587-mbet-light-duty-cylindrical-lock,587 MBET,11,2159,https://stahlock.com/index.php?id=2159,587 MBET,Cylinder Options,Solid brass or zinc & brass combination,new,,Cylinder Options: Solid brass or zinc & brass combination
587-pbbk-light-duty-cylindrical-lock,587 PBBK,11,2162,https://stahlock.com/index.php?id=2162,587 PBBK,Finish Options,"Satin Nickel, Chrome, Antique Brass, Polished Brass",new,,"Finish Options: Satin Nickel, Chrome, Antique Brass, Polished Brass"
587-pbbk-light-duty-cylindrical-lock,587 PBBK,11,2162,https://stahlock.com/index.php?id=2162,587 PBBK,Key Options,"Nickel-Plated Brass, Solid Brass, Brushed Nickel",new,,"Key Options: Nickel-Plated Brass, Solid Brass, Brushed Nickel"
587-pbbk-light-duty-cylindrical-lock,587 PBBK,11,2162,https://stahlock.com/index.php?id=2162,587 PBBK,Cylinder,Solid Brass or Zinc-Brass Combination,conflict,Solid brass/Zinc & brass cylinder,Cylinder: Solid Brass or Zinc-Brass Combination
587-pbbk-light-duty-cylindrical-lock,587 PBBK,11,2162,https://stahlock.com/index.php?id=2162,587 PBBK,Application,For bathroom doors,conflict,Standard residential use,Application: For bathroom doors
587-pbet-light-duty-cylindrical-lock,587 PBET,11,2161,https://stahlock.com/index.php?id=2161,587 PBET,Finish Options,"Satin Nickel, Chrome, Antique Brass, Polished Brass",new,,"Finish Options: Satin Nickel, Chrome, Antique Brass, Polished Brass"
587-pbet-light-duty-cylindrical-lock,587 PBET,11,2161,https://stahlock.com/index.php?id=2161,587 PBET,Key Options,"Nickel-Plated Brass, Solid Brass, Brushed Nickel",new,,"Key Options: Nickel-Plated Brass, Solid Brass, Brushed Nickel"
587-pbet-light-duty-cylindrical-lock,587 PBET,11,2161,https://stahlock.com/index.php?id=2161,587 PBET,Cylinder,Solid Brass or Zinc-Brass Combination,conflict,Solid brass/Zinc & brass cylinder,Cylinder: Solid Brass or Zinc-Brass Combination
587-pbps-light-duty-cylindrical-lock,587 PBPS,11,2163,https://stahlock.com/index.php?id=2163,587 PBPS,Finish Options,"Satin Nickel, Chrome, Antique Brass, Polished Brass",new,,"Finish Options: Satin Nickel, Chrome, Antique Brass, Polished Brass"
587-pbps-light-duty-cylindrical-lock,587 PBPS,11,2163,https://stahlock.com/index.php?id=2163,587 PBPS,Key Options,"Nickel-Plated Brass, Solid Brass, Brushed Nickel",new,,"Key Options: Nickel-Plated Brass, Solid Brass, Brushed Nickel"
587-pbps-light-duty-cylindrical-lock,587 PBPS,11,2163,https://stahlock.com/index.php?id=2163,587 PBPS,Cylinder,Solid Brass or Zinc-Brass Combination,conflict,Solid brass/Zinc & brass cylinder,Cylinder: Solid Brass or Zinc-Brass Combination
587-ssbk-light-duty-cylindrical-lock,587 SSBK,11,2158,https://stahlock.com/index.php?id=2158,587 SSBK,Finish Options,"Satin nickel, chrome, antique brass, polished brass",new,,"Finish Options: Satin nickel, chrome, antique brass, polished brass"
587-ssbk-light-duty-cylindrical-lock,587 SSBK,11,2158,https://stahlock.com/index.php?id=2158,587 SSBK,Key Types,"Nickel-plated brass, solid brass, brushed nickel",new,,"Key Types: Nickel-plated brass, solid brass, brushed nickel"
587-ssbk-light-duty-cylindrical-lock,587 SSBK,11,2158,https://stahlock.com/index.php?id=2158,587 SSBK,Cylinder Options,Solid brass or zinc & brass combination,new,,Cylinder Options: Solid brass or zinc & brass combination
587-ssbk-light-duty-cylindrical-lock,587 SSBK,11,2158,https://stahlock.com/index.php?id=2158,587 SSBK,Application,Bathroom door,conflict,Standard residential use,Application: Bathroom door
587-sset-light-duty-cylindrical-lock,587 SSET,11,2147,https://stahlock.com/index.php?id=2147,587 SSET,Model Number,587 SSET,new,,Model Number: 587 SSET
587-sset-light-duty-cylindrical-lock,587 SSET,11,2147,https://stahlock.com/index.php?id=2147,587 SSET,Cylinder,Brass Cylinder,conflict,Solid brass/Zinc & brass cylinder,Cylinder: Brass Cylinder
587-sset-light-duty-cylindrical-lock,587 SSET,11,2147,https://stahlock.com/index.php?id=2147,587 SSET,Door Thickness,35–50 mm,new,,Door Thickness: 35–50 mm
587-sset-light-duty-cylindrical-lock,587 SSET,11,2147,https://stahlock.com/index.php?id=2147,587 SSET,Finish,SS (Stainless Steel),conflict,"Satin nickel, chrome, antique brass, polished brass,all available",Finish: SS (Stainless Steel)
587-sset-light-duty-cylindrical-lock,587 SSET,11,2147,https://stahlock.com/index.php?id=2147,587 SSET,Latch,Adjustable 60–70 mm,conflict,Deadlocking on keyed functions,Latch: Adjustable 60–70 mm
587-sset-light-duty-cylindrical-lock,587 SSET,11,2147,https://stahlock.com/index.php?id=2147,587 SSET,Backset,60 mm / 70 mm,new,,Backset: 60 mm / 70 mm
587-sset-light-duty-cylindrical-lock,587 SSET,11,2147,https://stahlock.com/index.php?id=2147,587 SSET,Quality Standard,ANSI Grade 3,new,,Quality Standard: ANSI Grade 3
587-sset-light-duty-cylindrical-lock,587 SSET,11,2147,https://stahlock.com/index.php?id=2147,587 SSET,Use,Entrance Door,new,,Use: Entrance Door
587-sset-light-duty-cylindrical-lock,587 SSET,11,2157,https://stahlock.com/index.php?id=2157,587 SSET,Finish Options,"Satin nickel, chrome, antique brass, polished brass",new,,"Finish Options: Satin nickel, chrome, antique brass, polished brass"
587-sset-light-duty-cylindrical-lock,587 SSET,11,2157,https://stahlock.com/index.php?id=2157,587 SSET,Key Types,"Nickel-plated brass, solid brass, brushed nickel",new,,"Key Types: Nickel-plated brass, solid brass, brushed nickel"
587-sset-light-duty-cylindrical-lock,587 SSET,11,2157,https://stahlock.com/index.php?id=2157,587 SSET,Cylinder Options,Solid brass or zinc & brass combination,new,,Cylinder Options: Solid brass or zinc & brass combination
592-pbbk-tubular-lock,592 PBBK,11,2134,https://stahlock.com/index.php?id=2134,592 PBBK,Standard,ANSI Grade 3,new,,Standard: ANSI Grade 3
592-pbet-tubular-lock,592 PBET,11,2133,https://stahlock.com/index.php?id=2133,592 PBET,Standard,ANSI Grade 3,new,,Standard: ANSI Grade 3
592-pbps-tubular-lock,592 PBPS,11,2135,https://stahlock.com/index.php?id=2135,592 PBPS,Standard,ANSI Grade 3,new,,Standard: ANSI Grade 3
592-sset-tubular-lock,592 SSET,11,2132,https://stahlock.com/index.php?id=2132,592 SSET,Finish,AB / AC / PB / SB / SS / SP / SC (custom options available),conflict,Stainless steel,Finish: AB / AC / PB / SB / SS / SP / SC (custom options available)
592-sset-tubular-lock,592 SSET,11,2132,https://stahlock.com/index.php?id=2132,592 SSET,Handing,Reversible for left or right hand doors,conflict,"Fully reversible, left or right hand",Handing: Reversible for left or right hand doors
592-sset-tubular-lock,592 SSET,11,2132,https://stahlock.com/index.php?id=2132,592 SSET,Door Thickness,35–45mm (adjustable),conflict,35mm to 45mm adjustable,Door Thickness: 35–45mm (adjustable)
592-sset-tubular-lock,592 SSET,11,2132,https://stahlock.com/index.php?id=2132,592 SSET,Backset,"60mm or 70mm (adjustable), 1” round drive-in latch optional",conflict,60mm / 70mm adjustable,"Backset: 60mm or 70mm (adjustable), 1” round drive-in latch optional"
592-sset-tubular-lock,592 SSET,11,2132,https://stahlock.com/index.php?id=2132,592 SSET,Standard,ANSI Grade 3,new,,Standard: ANSI Grade 3
592-sset-tubular-lock,592 SSET,11,2132,https://stahlock.com/index.php?id=2132,592 SSET,Usage,Residential,new,,Usage: Residential
595-acbk-tubular-lock,595 ACBK,11,2140,https://stahlock.com/index.php?id=2140,595 ACBK,Standard,ANSI Grade 3,new,,Standard: ANSI Grade 3
595-acet-tubular-lock,595 ACET,11,2139,https://stahlock.com/index.php?id=2139,595 ACET,Standard,ANSI Grade 3,new,,Standard: ANSI Grade 3
6-3-3mm-brass-and-steel-hinges,6*3*3mm,7,2414,https://stahlock.com/index.php?id=2414,6*3*3MM,Product Name,Anti Theft Security Door Hinge,new,,Product Name: Anti Theft Security Door Hinge
6-3-3mm-brass-and-steel-hinges,6*3*3mm,7,2414,https://stahlock.com/index.php?id=2414,6*3*3MM,Opening Angle,180 Degrees,new,,Opening Angle: 180 Degrees
6-3-3mm-brass-and-steel-hinges,6*3*3mm,7,2414,https://stahlock.com/index.php?id=2414,6*3*3MM,Bearing,Pair,new,,Bearing: Pair
6-3-3mm-brass-and-steel-hinges,6*3*3mm,7,2414,https://stahlock.com/index.php?id=2414,6*3*3MM,Bearing,Non Bearing,new,,Bearing: Non Bearing
607-pbbk-tubular-lock,607 PBBK,12,2145,https://stahlock.com/index.php?id=2145,607 PBBK,Material,Stainless Steel / Brass / Solid Steel,conflict,Stainless steel/Brass/Solid steel,Material: Stainless Steel / Brass / Solid Steel
607-pbbk-tubular-lock,607 PBBK,12,2145,https://stahlock.com/index.php?id=2145,607 PBBK,Cylinder,Brass,conflict,Brass cylinder,Cylinder: Brass
607-pbbk-tubular-lock,607 PBBK,12,2145,https://stahlock.com/index.php?id=2145,607 PBBK,Latch,Adjustable 60–70mm,new,,Latch: Adjustable 60–70mm
607-pbbk-tubular-lock,607 PBBK,12,2145,https://stahlock.com/index.php?id=2145,607 PBBK,Standard,ANSI Grade 3,new,,Standard: ANSI Grade 3
607-pbet-tubular-lock,607 PBET,12,2144,https://stahlock.com/index.php?id=2144,607 PBET,Material,Stainless Steel / Brass / Solid Steel,conflict,Stainless steel/Brass/Solid steel,Material: Stainless Steel / Brass / Solid Steel
607-pbet-tubular-lock,607 PBET,12,2144,https://stahlock.com/index.php?id=2144,607 PBET,Cylinder,Brass,conflict,Brass cylinder,Cylinder: Brass
607-pbet-tubular-lock,607 PBET,12,2144,https://stahlock.com/index.php?id=2144,607 PBET,Latch,Adjustable 60–70mm,new,,Latch: Adjustable 60–70mm
607-pbet-tubular-lock,607 PBET,12,2144,https://stahlock.com/index.php?id=2144,607 PBET,Standard,ANSI Grade 3,new,,Standard: ANSI Grade 3
607-spet-tubular-lock,607 SPET,12,2143,https://stahlock.com/index.php?id=2143,607 SPET,Cylinder,Brass,conflict,Brass cylinder,Cylinder: Brass
607-spet-tubular-lock,607 SPET,12,2143,https://stahlock.com/index.php?id=2143,607 SPET,Latch,Adjustable 60–70mm,new,,Latch: Adjustable 60–70mm
607-spet-tubular-lock,607 SPET,12,2143,https://stahlock.com/index.php?id=2143,607 SPET,Standard,ANSI Grade 3,new,,Standard: ANSI Grade 3
607-ssbk-tubular-lock,607 SSBK,12,2142,https://stahlock.com/index.php?id=2142,607 SSBK,Material,Stainless Steel / Brass / Solid Steel,conflict,Stainless steel/Brass/Solid steel,Material: Stainless Steel / Brass / Solid Steel
607-ssbk-tubular-lock,607 SSBK,12,2142,https://stahlock.com/index.php?id=2142,607 SSBK,Cylinder,Brass,conflict,Brass cylinder,Cylinder: Brass
607-ssbk-tubular-lock,607 SSBK,12,2142,https://stahlock.com/index.php?id=2142,607 SSBK,Latch,Adjustable 60–70mm,new,,Latch: Adjustable 60–70mm
607-ssbk-tubular-lock,607 SSBK,12,2142,https://stahlock.com/index.php?id=2142,607 SSBK,Standard,ANSI Grade 3,new,,Standard: ANSI Grade 3
607-sset-tubular-lock,607 SSET,12,2141,https://stahlock.com/index.php?id=2141,607 SSET,Material,Stainless Steel / Brass / Solid Steel,conflict,Stainless steel/Brass/Solid steel,Material: Stainless Steel / Brass / Solid Steel
607-sset-tubular-lock,607 SSET,12,2141,https://stahlock.com/index.php?id=2141,607 SSET,Cylinder,Brass,conflict,Brass cylinder,Cylinder: Brass
607-sset-tubular-lock,607 SSET,12,2141,https://stahlock.com/index.php?id=2141,607 SSET,Latch,Adjustable 60–70mm,new,,Latch: Adjustable 60–70mm
607-sset-tubular-lock,607 SSET,12,2141,https://stahlock.com/index.php?id=2141,607 SSET,Standard,ANSI Grade 3,new,,Standard: ANSI Grade 3
6491abet-lever-handle,6491ABET,10,1959,https://stahlock.com/index.php?id=1959,6491ABET,Door Thickness,35–45mm,conflict,35mm to 45mm adjustable,Door Thickness: 35–45mm
6491abet-lever-handle,6491ABET,10,1959,https://stahlock.com/index.php?id=1959,6491ABET,Backset,60mm / 70mm,conflict,60/70mm,Backset: 60mm / 70mm
70610-sc-grip-handle-set,70610 SC,11,2191,https://stahlock.com/index.php?id=2191,70610 SC,Finish,Satin Chrome (SC),conflict,SC= Satin chrome,Finish: Satin Chrome (SC)
70710-pb-grip-handle-set,70710 PB,11,2193,https://stahlock.com/index.php?id=2193,70710 PB,Finish,Polished Brass (PB),conflict,PB=polished brass,Finish: Polished Brass (PB)
70710-sn-grip-handle-set,70710 SN,11,2194,https://stahlock.com/index.php?id=2194,70710 SN,Finish,Satin Nickel (SN),conflict,SN=Satin Nickel,Finish: Satin Nickel (SN)
70750-pb-grip-handle-set,70750 PB,11,2200,https://stahlock.com/index.php?id=2200,70750 PB,Finish,Polished Brass,conflict,PB=polished brass,Finish: Polished Brass
803-pbet-lever-handle,803 PBET,10,1988,https://stahlock.com/index.php?id=1988,803 PBET,Door Thickness,35–45mm,conflict,35mm to 45mm adjustable,Door Thickness: 35–45mm
803-pbet-lever-handle,803 PBET,10,1988,https://stahlock.com/index.php?id=1988,803 PBET,Backset,60mm / 70mm,conflict,60/70mm,Backset: 60mm / 70mm
803-sbet-lever-handle,803 SBET,10,1989,https://stahlock.com/index.php?id=1989,803 SBET,Door Thickness,35–45mm,conflict,35mm to 45mm adjustable,Door Thickness: 35–45mm
803-sbet-lever-handle,803 SBET,10,1989,https://stahlock.com/index.php?id=1989,803 SBET,Backset,60mm / 70mm,conflict,60/70mm,Backset: 60mm / 70mm
807-abet-lever-handle,807 ABET,10,1960,https://stahlock.com/index.php?id=1960,807 ABET,Surface Finish Options,"AB, AC, PB, SB, SS, SP, SC (e.g., antique brass, polished brass, satin nickel, matte black, etc.)",new,,"Surface Finish Options: AB, AC, PB, SB, SS, SP, SC (e.g., antique brass, polished brass, satin nickel, matte black, etc.)"
807-abet-lever-handle,807 ABET,10,1960,https://stahlock.com/index.php?id=1960,807 ABET,Door Thickness,35–45mm,conflict,35mm to 45mm adjustable,Door Thickness: 35–45mm
807-abet-lever-handle,807 ABET,10,1960,https://stahlock.com/index.php?id=1960,807 ABET,Backset,60mm / 70mm,conflict,60/70mm,Backset: 60mm / 70mm
808-snet-lever-handle,808 SNET,10,1961,https://stahlock.com/index.php?id=1961,808 SNET,Finish Options,"Satin nickel, chrome, antique brass, polished brass, etc.",new,,"Finish Options: Satin nickel, chrome, antique brass, polished brass, etc."
808-snet-lever-handle,808 SNET,10,1961,https://stahlock.com/index.php?id=1961,808 SNET,Door Thickness,35–50mm,conflict,35mm to 45mm adjustable,Door Thickness: 35–50mm
808-snet-lever-handle,808 SNET,10,1961,https://stahlock.com/index.php?id=1961,808 SNET,Backset,60mm / 70mm adjustable,conflict,60/70mm,Backset: 60mm / 70mm adjustable
808-snet-lever-handle,808 SNET,10,1961,https://stahlock.com/index.php?id=1961,808 SNET,Latch,60/70mm adjustable tubular latch,new,,Latch: 60/70mm adjustable tubular latch
808-snet-lever-handle,808 SNET,10,1961,https://stahlock.com/index.php?id=1961,808 SNET,Quality Standard,ANSI Grade 3,new,,Quality Standard: ANSI Grade 3
808-snet-lever-handle,808 SNET,10,1961,https://stahlock.com/index.php?id=1961,808 SNET,Application,Residential use,new,,Application: Residential use
812-sset-lever-handle,812 SSET,10,1963,https://stahlock.com/index.php?id=1963,812 SSET,Door Thickness,35–45mm,conflict,35mm to 45mm adjustable,Door Thickness: 35–45mm
812-sset-lever-handle,812 SSET,10,1963,https://stahlock.com/index.php?id=1963,812 SSET,Backset,60mm / 70mm,conflict,60/70mm,Backset: 60mm / 70mm
816-pbet-lever-handle,816 PBET,10,1964,https://stahlock.com/index.php?id=1964,816 PBET,Door Thickness,35–45mm,conflict,35mm to 45mm adjustable,Door Thickness: 35–45mm
816-pbet-lever-handle,816 PBET,10,1964,https://stahlock.com/index.php?id=1964,816 PBET,Backset,60mm / 70mm,conflict,60/70mm,Backset: 60mm / 70mm
816-snet-lever-handle,816 SNET,10,1966,https://stahlock.com/index.php?id=1966,816 SNET,Door Thickness,35–45mm,conflict,35mm to 45mm adjustable,Door Thickness: 35–45mm
816-snet-lever-handle,816 SNET,10,1966,https://stahlock.com/index.php?id=1966,816 SNET,Backset,60mm / 70mm,conflict,60/70mm,Backset: 60mm / 70mm
853-snbk-lever-handle,853 SNBK,10,1979,https://stahlock.com/index.php?id=1979,853 SNBK,Door Thickness,35–50mm,conflict,35mm to 45mm adjustable,Door Thickness: 35–50mm
853-snbk-lever-handle,853 SNBK,10,1979,https://stahlock.com/index.php?id=1979,853 SNBK,Backset,60mm / 70mm,conflict,60/70mm,Backset: 60mm / 70mm
8826-snbk-lever-handle,8826 SNBK,10,1973,https://stahlock.com/index.php?id=1973,8826 SNBK,Door Thickness,35–50mm,conflict,35mm to 45mm adjustable,Door Thickness: 35–50mm
8826-snbk-lever-handle,8826 SNBK,10,1973,https://stahlock.com/index.php?id=1973,8826 SNBK,Backset,60mm / 70mm,conflict,60/70mm,Backset: 60mm / 70mm
8826-snet-lever-handle,8826 SNET,10,1972,https://stahlock.com/index.php?id=1972,8826 SNET,Door Thickness,35–50mm,conflict,35mm to 45mm adjustable,Door Thickness: 35–50mm
8826-snet-lever-handle,8826 SNET,10,1972,https://stahlock.com/index.php?id=1972,8826 SNET,Backset,60mm / 70mm,conflict,60/70mm,Backset: 60mm / 70mm
8827-sset-lever-handle,8827 SSET,12,2402,https://stahlock.com/index.php?id=2402,8827 SSET,Door Thickness,35–50mm,conflict,35mm to 45mm adjustable,Door Thickness: 35–50mm
8827-sset-lever-handle,8827 SSET,12,2402,https://stahlock.com/index.php?id=2402,8827 SSET,Durability,High usage life,new,,Durability: High usage life
8828-sset-lever-handle,8828 SSET,12,2403,https://stahlock.com/index.php?id=2403,8828 SSET,Door Thickness,35–50mm,conflict,35mm to 45mm adjustable,Door Thickness: 35–50mm
8828-sset-lever-handle,8828 SSET,12,2403,https://stahlock.com/index.php?id=2403,8828 SSET,Durability,High usage life,new,,Durability: High usage life
9001-stainless-steel-handle,9001,1,2068,https://stahlock.com/index.php?id=2068,9001,Door Thickness,35–50mm,new,,Door Thickness: 35–50mm
9001-stainless-steel-handle,9001,1,2068,https://stahlock.com/index.php?id=2068,9001,Cylinder,Brass,new,,Cylinder: Brass
9002e-stainless-steel-handle,9002E,1,2067,https://stahlock.com/index.php?id=2067,9002E,Door Thickness,35–50mm,new,,Door Thickness: 35–50mm
9002e-stainless-steel-handle,9002E,1,2067,https://stahlock.com/index.php?id=2067,9002E,Cylinder,Brass,new,,Cylinder: Brass
9003e-stainless-steel-handle,9003E,1,2069,https://stahlock.com/index.php?id=2069,9003E,Door Thickness,35–50mm,new,,• Door Thickness: 35–50mm
9003e-stainless-steel-handle,9003E,1,2069,https://stahlock.com/index.php?id=2069,9003E,Cylinder,Brass,new,,• Cylinder: Brass
9004-stainless-steel-handle,9004,1,2070,https://stahlock.com/index.php?id=2070,9004,Door Thickness,35–50mm,new,,• Door Thickness: 35–50mm
9004-stainless-steel-handle,9004,1,2070,https://stahlock.com/index.php?id=2070,9004,Cylinder,Brass,new,,• Cylinder: Brass
9004s-stainless-steel-handle,9004S,1,2071,https://stahlock.com/index.php?id=2071,9004S,Door Thickness,35–50mm,new,,• Door Thickness: 35–50mm
9004s-stainless-steel-handle,9004S,1,2071,https://stahlock.com/index.php?id=2071,9004S,Cylinder,Brass,new,,• Cylinder: Brass
9005e-stainless-steel-handle,9005E,1,2072,https://stahlock.com/index.php?id=2072,9005E,Door Thickness,35–50mm,new,,• Door Thickness: 35–50mm
9005e-stainless-steel-handle,9005E,1,2072,https://stahlock.com/index.php?id=2072,9005E,Cylinder,Brass,new,,• Cylinder: Brass
9005s-stainless-steel-handle,9005S,1,2073,https://stahlock.com/index.php?id=2073,9005S,Door Thickness,35–50mm,new,,• Door Thickness: 35–50mm
9005s-stainless-steel-handle,9005S,1,2073,https://stahlock.com/index.php?id=2073,9005S,Cylinder,Brass,new,,• Cylinder: Brass
9006s-stainless-steel-handle,9006S,1,2074,https://stahlock.com/index.php?id=2074,9006S,Door Thickness,35–50mm,new,,• Door Thickness: 35–50mm
9006s-stainless-steel-handle,9006S,1,2074,https://stahlock.com/index.php?id=2074,9006S,Cylinder,Brass,new,,• Cylinder: Brass
9007s-stainless-steel-handle,9007S,1,2076,https://stahlock.com/index.php?id=2076,9007S,Door Thickness,35–50mm,new,,• Door Thickness: 35–50mm
9007s-stainless-steel-handle,9007S,1,2076,https://stahlock.com/index.php?id=2076,9007S,Cylinder,Brass,new,,• Cylinder: Brass
9008e-stainless-steel-handle,9008E,1,2077,https://stahlock.com/index.php?id=2077,9008E,Door Thickness,35–50mm,new,,• Door Thickness: 35–50mm
9008e-stainless-steel-handle,9008E,1,2077,https://stahlock.com/index.php?id=2077,9008E,Cylinder,Brass,new,,• Cylinder: Brass
9008s-stainless-steel-handle,9008S,1,2078,https://stahlock.com/index.php?id=2078,9008S,Door Thickness,35–50mm,new,,• Door Thickness: 35–50mm
9008s-stainless-steel-handle,9008S,1,2078,https://stahlock.com/index.php?id=2078,9008S,Cylinder,Brass,new,,• Cylinder: Brass
9011e-stainless-steel-handle,9011E,1,2080,https://stahlock.com/index.php?id=2080,9011E,Door Thickness,35–50mm,new,,• Door Thickness: 35–50mm
9011e-stainless-steel-handle,9011E,1,2080,https://stahlock.com/index.php?id=2080,9011E,Cylinder,Brass,new,,• Cylinder: Brass
9012e-stainless-steel-handle,9012E,1,2082,https://stahlock.com/index.php?id=2082,9012E,Door Thickness,35–50mm,new,,• Door Thickness: 35–50mm
9012e-stainless-steel-handle,9012E,1,2082,https://stahlock.com/index.php?id=2082,9012E,Cylinder,Brass,new,,• Cylinder: Brass
9014-stainless-steel-handle,9014,1,2081,https://stahlock.com/index.php?id=2081,9014,Door Thickness,35–50mm,new,,• Door Thickness: 35–50mm
9014-stainless-steel-handle,9014,1,2081,https://stahlock.com/index.php?id=2081,9014,Cylinder,Brass,new,,• Cylinder: Brass
9014s-stainless-steel-handle,9014S,1,2083,https://stahlock.com/index.php?id=2083,9014S,Door Thickness,35–50mm,new,,• Door Thickness: 35–50mm
9014s-stainless-steel-handle,9014S,1,2083,https://stahlock.com/index.php?id=2083,9014S,Cylinder,Brass,new,,• Cylinder: Brass
9014-ssbk-stainless-steel-handle,9014 SSBK,4,2066,https://stahlock.com/index.php?id=2066,9014 SSBK,Door Thickness,35–50mm,new,,Door Thickness: 35–50mm
9014-ssbk-stainless-steel-handle,9014 SSBK,4,2066,https://stahlock.com/index.php?id=2066,9014 SSBK,Cylinder,Brass,conflict,Brass Cylinder,Cylinder: Brass
9015-stainless-steel-handle,9015,1,2084,https://stahlock.com/index.php?id=2084,9015,Door Thickness,35–50mm,new,,• Door Thickness: 35–50mm
9015-stainless-steel-handle,9015,1,2084,https://stahlock.com/index.php?id=2084,9015,Cylinder,Brass,new,,• Cylinder: Brass
9016s-stainless-steel-handle,9016S,1,2086,https://stahlock.com/index.php?id=2086,9016S,Door Thickness,35–50mm,new,,• Door Thickness: 35–50mm
9016s-stainless-steel-handle,9016S,1,2086,https://stahlock.com/index.php?id=2086,9016S,Cylinder,Brass,new,,• Cylinder: Brass
9020s-stainless-steel-handle,9020S,1,2085,https://stahlock.com/index.php?id=2085,9020S,Door Thickness,35–50mm,new,,• Door Thickness: 35–50mm
9020s-stainless-steel-handle,9020S,1,2085,https://stahlock.com/index.php?id=2085,9020S,Cylinder,Brass,new,,• Cylinder: Brass
9021-stainless-steel-handle,9021,1,2088,https://stahlock.com/index.php?id=2088,9021,Door Thickness,35–50mm,new,,• Door Thickness: 35–50mm
9021-stainless-steel-handle,9021,1,2088,https://stahlock.com/index.php?id=2088,9021,Cylinder,Brass,new,,• Cylinder: Brass
ai8530-lock-case,AI8530,5,2034,https://stahlock.com/index.php?id=2034,AI8530,Lock Body Material,Iron,new,,Lock Body Material: Iron
ai8530-lock-case,AI8530,5,2034,https://stahlock.com/index.php?id=2034,AI8530,Latch Bolt,Copper,new,,Latch Bolt: Copper
ai8530-lock-case,AI8530,5,2034,https://stahlock.com/index.php?id=2034,AI8530,Spindle Hole,Copper Construction,new,,Spindle Hole: Copper Construction
ai8530-lock-case,AI8530,5,2034,https://stahlock.com/index.php?id=2034,AI8530,Strike Plate Material,Stainless Steel,new,,Strike Plate Material: Stainless Steel
ai8530-lock-case,AI8530,5,2034,https://stahlock.com/index.php?id=2034,AI8530,Center distance,85mm,new,,Center distance: 85mm
ai8530-lock-case,AI8530,5,2034,https://stahlock.com/index.php?id=2034,AI8530,Finish,"PB/AB/AC/SS/SN, all available",new,,"Finish: PB/AB/AC/SS/SN, all available"
b024-brass-and-steel-hinges,B024,4,2189,https://stahlock.com/index.php?id=2189,B024,Opening Angle,90-180°,new,,Opening Angle: 90-180°
b025-brass-and-steel-hinges,B025,3,2188,https://stahlock.com/index.php?id=2188,B025,Material,Brass/Stainless Steel / Iron,conflict,Brass,Material: Brass/Stainless Steel / Iron
b025-brass-and-steel-hinges,B025,3,2188,https://stahlock.com/index.php?id=2188,B025,Opening Angle,90-180°,new,,Opening Angle: 90-180°
b025-brass-and-steel-hinges,B025,3,2188,https://stahlock.com/index.php?id=2188,B025,Color,Customizable upon customer request,new,,Color: Customizable upon customer request
b025-brass-and-steel-hinges,B025,3,2188,https://stahlock.com/index.php?id=2188,B025,Size,Customizable upon customer request,new,,Size: Customizable upon customer request
bh01-bathroom-accessories,BH01,4,2232,https://stahlock.com/index.php?id=2232,BH01,Suitable for,bathroom,new,,Suitable for:bathroom
bh02-bathroom-accessories,BH02,4,2233,https://stahlock.com/index.php?id=2233,BH02,Suitable for,bathroom,new,,Suitable for:bathroom
bh03-bathroom-accessories,BH03,4,2234,https://stahlock.com/index.php?id=2234,BH03,Rosette,65mm,new,,Rosette:65mm
bh03-bathroom-accessories,BH03,4,2234,https://stahlock.com/index.php?id=2234,BH03,Suitable for,bathroom,new,,Suitable for:bathroom
bh04-bathroom-accessories,BH04,4,2235,https://stahlock.com/index.php?id=2235,BH04,Finish,Satin (SSS) / Polished (PSS),conflict,SSS/PSS,Finish: Satin (SSS) / Polished (PSS)
bh04-bathroom-accessories,BH04,4,2235,https://stahlock.com/index.php?id=2235,BH04,Length,415 mm,conflict,415mm,Length: 415 mm
bh04-bathroom-accessories,BH04,4,2235,https://stahlock.com/index.php?id=2235,BH04,Rosette Diameter,65 mm,new,,Rosette Diameter: 65 mm
bh04-bathroom-accessories,BH04,4,2235,https://stahlock.com/index.php?id=2235,BH04,Application,"Ideal for bathrooms, provides a secure and slip-resistant grip.",conflict,bathroom,"Application: Ideal for bathrooms, provides a secure and slip-resistant grip."
bh05-bathroom-accessories,BH05,6,2236,https://stahlock.com/index.php?id=2236,BH05,Finish,Satin (SSS) / Polished (PSS),conflict,SSS/PSS,Finish: Satin (SSS) / Polished (PSS)
bh05-bathroom-accessories,BH05,6,2236,https://stahlock.com/index.php?id=2236,BH05,Width,30 mm,new,,Width: 30 mm
bh05-bathroom-accessories,BH05,6,2236,https://stahlock.com/index.php?id=2236,BH05,Thickness,2.5 mm,conflict,2.5mm,Thickness: 2.5 mm
bh05-bathroom-accessories,BH05,6,2236,https://stahlock.com/index.php?id=2236,BH05,Options,1 to 8 hooks available,new,,Options: 1 to 8 hooks available
bh05-bathroom-accessories,BH05,6,2236,https://stahlock.com/index.php?id=2236,BH05,Installation,Wall-mounted,conflict,wall-mount,Installation: Wall-mounted
bh05-bathroom-accessories,BH05,6,2236,https://stahlock.com/index.php?id=2236,BH05,Application,"Suitable for living rooms, bathrooms, and more.",conflict,"living room,bathroom...","Application: Suitable for living rooms, bathrooms, and more."
bh06-bathroom-accessories,BH06,6,2237,https://stahlock.com/index.php?id=2237,BH06,Finish,SSS / PSS,conflict,SSS/PSS,Finish: SSS / PSS
bh06-bathroom-accessories,BH06,6,2237,https://stahlock.com/index.php?id=2237,BH06,Width,30 mm,new,,Width: 30 mm
bh06-bathroom-accessories,BH06,6,2237,https://stahlock.com/index.php?id=2237,BH06,Thickness,2.5 mm,conflict,2.5mm,Thickness: 2.5 mm
bh06-bathroom-accessories,BH06,6,2237,https://stahlock.com/index.php?id=2237,BH06,Options,1–8 hooks,new,,Options: 1–8 hooks
bh06-bathroom-accessories,BH06,6,2237,https://stahlock.com/index.php?id=2237,BH06,Installation,Wall-mounted,conflict,wall-mount,Installation: Wall-mounted
bh06-bathroom-accessories,BH06,6,2237,https://stahlock.com/index.php?id=2237,BH06,Applications,"Ideal for bathrooms, living rooms, and more",new,,"Applications: Ideal for bathrooms, living rooms, and more"
bh07-bathroom-accessories,BH07,6,2238,https://stahlock.com/index.php?id=2238,BH07,Finish,SSS / PSS,conflict,SSS/PSS,Finish: SSS / PSS
bh07-bathroom-accessories,BH07,6,2238,https://stahlock.com/index.php?id=2238,BH07,Width,25 mm,new,,Width: 25 mm
bh07-bathroom-accessories,BH07,6,2238,https://stahlock.com/index.php?id=2238,BH07,Thickness,2.5 mm,conflict,2.5mm,Thickness: 2.5 mm
bh07-bathroom-accessories,BH07,6,2238,https://stahlock.com/index.php?id=2238,BH07,Options,1–8 hooks,new,,Options: 1–8 hooks
bh07-bathroom-accessories,BH07,6,2238,https://stahlock.com/index.php?id=2238,BH07,Installation,Wall-mounted,conflict,wall-mount,Installation: Wall-mounted
bh07-bathroom-accessories,BH07,6,2238,https://stahlock.com/index.php?id=2238,BH07,Use,"Suitable for bathrooms, living rooms, and more",new,,"Use: Suitable for bathrooms, living rooms, and more"
bh08-bathroom-accessories,BH08,7,2239,https://stahlock.com/index.php?id=2239,BH08,Finish,SSS / PSS,conflict,SSS/PSS,Finish: SSS / PSS
bh08-bathroom-accessories,BH08,7,2239,https://stahlock.com/index.php?id=2239,BH08,Length,180 mm,conflict,180mm,Length: 180 mm
bh08-bathroom-accessories,BH08,7,2239,https://stahlock.com/index.php?id=2239,BH08,Thickness,2.0 mm,conflict,2.0mm,Thickness: 2.0 mm
bh08-bathroom-accessories,BH08,7,2239,https://stahlock.com/index.php?id=2239,BH08,Design,4 hooks,new,,Design: 4 hooks
bh08-bathroom-accessories,BH08,7,2239,https://stahlock.com/index.php?id=2239,BH08,Installation,Wall-mounted,conflict,wall-mount,Installation: Wall-mounted
bh08-bathroom-accessories,BH08,7,2239,https://stahlock.com/index.php?id=2239,BH08,Application,"Ideal for bathrooms, living rooms, and more",conflict,"living room,bathroom...","Application: Ideal for bathrooms, living rooms, and more"
bh09-bathroom-accessories,BH09,6,2240,https://stahlock.com/index.php?id=2240,BH09,Finish,SSS / PSS,conflict,SSS/PSS,Finish: SSS / PSS
bh09-bathroom-accessories,BH09,6,2240,https://stahlock.com/index.php?id=2240,BH09,Length,200 mm,conflict,200mm,Length: 200 mm
bh09-bathroom-accessories,BH09,6,2240,https://stahlock.com/index.php?id=2240,BH09,Thickness,2.0 mm,conflict,2.0mm,Thickness: 2.0 mm
bh09-bathroom-accessories,BH09,6,2240,https://stahlock.com/index.php?id=2240,BH09,Hooks,4,new,,Hooks: 4
bh09-bathroom-accessories,BH09,6,2240,https://stahlock.com/index.php?id=2240,BH09,Application,"Suitable for living rooms, bathrooms, and more",conflict,Living room/Bathroom,"Application: Suitable for living rooms, bathrooms, and more"
bh10-bathroom-accessories,BH10,5,2241,https://stahlock.com/index.php?id=2241,BH10,Finish,SSS / PSS,conflict,SSS/PSS,Finish: SSS / PSS
bh10-bathroom-accessories,BH10,5,2241,https://stahlock.com/index.php?id=2241,BH10,Diameter,48 mm,new,,Diameter: 48 mm
bh10-bathroom-accessories,BH10,5,2241,https://stahlock.com/index.php?id=2241,BH10,Thickness,1.8 mm,conflict,1.8mm,Thickness: 1.8 mm
bh10-bathroom-accessories,BH10,5,2241,https://stahlock.com/index.php?id=2241,BH10,Mounting,3M adhesive or screw installation,new,,Mounting: 3M adhesive or screw installation
bh10-bathroom-accessories,BH10,5,2241,https://stahlock.com/index.php?id=2241,BH10,Application,"Ideal for living rooms, bathrooms, and more",conflict,Living room/Bathroom,"Application: Ideal for living rooms, bathrooms, and more"
bh11-bathroom-accessories,BH11,6,2242,https://stahlock.com/index.php?id=2242,BH11,Finish,SSS / PSS,conflict,SSS/PSS,Finish: SSS / PSS
bh11-bathroom-accessories,BH11,6,2242,https://stahlock.com/index.php?id=2242,BH11,Length,45 mm,conflict,45mm,Length: 45 mm
bh11-bathroom-accessories,BH11,6,2242,https://stahlock.com/index.php?id=2242,BH11,Thickness,2.0 mm,conflict,2.0mm,Thickness: 2.0 mm
bh11-bathroom-accessories,BH11,6,2242,https://stahlock.com/index.php?id=2242,BH11,Mounting,3M adhesive or screw fixed,new,,Mounting: 3M adhesive or screw fixed
bh11-bathroom-accessories,BH11,6,2242,https://stahlock.com/index.php?id=2242,BH11,Application,"Suitable for living rooms, bathrooms, and more",conflict,Living room/Bathroom,"Application: Suitable for living rooms, bathrooms, and more"
bh12-bathroom-accessories,BH12,3,2243,https://stahlock.com/index.php?id=2243,BH12,Finish,SSS / PSS,conflict,SSS/PSS,Finish: SSS / PSS
bh12-bathroom-accessories,BH12,3,2243,https://stahlock.com/index.php?id=2243,BH12,Rosette Size,36 mm (square),new,,Rosette Size: 36 mm (square)
bh12-bathroom-accessories,BH12,3,2243,https://stahlock.com/index.php?id=2243,BH12,Application,"Ideal for living rooms, bathrooms, and more",conflict,Living room/Bathroom,"Application: Ideal for living rooms, bathrooms, and more"
bh13-bathroom-accessories,BH13,4,2244,https://stahlock.com/index.php?id=2244,BH13,Finish,SSS / PSS,conflict,SSS/PSS,Finish: SSS / PSS
bh13-bathroom-accessories,BH13,4,2244,https://stahlock.com/index.php?id=2244,BH13,Rosette Diameter,36 mm,new,,Rosette Diameter: 36 mm
bh13-bathroom-accessories,BH13,4,2244,https://stahlock.com/index.php?id=2244,BH13,Thickness,2.8 mm,conflict,2.8mm,Thickness: 2.8 mm
bh13-bathroom-accessories,BH13,4,2244,https://stahlock.com/index.php?id=2244,BH13,Application,"Suitable for living room, bathroom, and more",conflict,Living room/Bathroom,"Application: Suitable for living room, bathroom, and more"
bh14-bathroom-accessories,BH14,4,2245,https://stahlock.com/index.php?id=2245,BH14,Finish,SSS / PSS,conflict,SSS/PSS,Finish: SSS / PSS
bh14-bathroom-accessories,BH14,4,2245,https://stahlock.com/index.php?id=2245,BH14,Rosette Diameter,50 mm,new,,Rosette Diameter: 50 mm
bh14-bathroom-accessories,BH14,4,2245,https://stahlock.com/index.php?id=2245,BH14,Thickness,0.8 mm,conflict,0.8mm,Thickness: 0.8 mm
bh14-bathroom-accessories,BH14,4,2245,https://stahlock.com/index.php?id=2245,BH14,Application,"Ideal for living room, bathroom, and more",conflict,Living room/Bathroom,"Application: Ideal for living room, bathroom, and more"
bh15-bathroom-accessories,BH15,5,2246,https://stahlock.com/index.php?id=2246,BH15,Finish,SSS / PSS,conflict,SSS/PSS,Finish: SSS / PSS
bh15-bathroom-accessories,BH15,5,2246,https://stahlock.com/index.php?id=2246,BH15,Size,80mm / 100mm (L) × 38mm (W) × 1.2mm (T),new,,Size: 80mm / 100mm (L) × 38mm (W) × 1.2mm (T)
bh15-bathroom-accessories,BH15,5,2246,https://stahlock.com/index.php?id=2246,BH15,Application,Enhances door security,conflict,Door Security,Application: Enhances door security
bh16-bathroom-accessories,BH16,5,2247,https://stahlock.com/index.php?id=2247,BH16,Finish,SSS / PSS,conflict,SSS/PSS,Finish: SSS / PSS
bh16-bathroom-accessories,BH16,5,2247,https://stahlock.com/index.php?id=2247,BH16,Size,70mm (L) × 48mm (W) × 1.0mm (T),new,,Size: 70mm (L) × 48mm (W) × 1.0mm (T)
bh16-bathroom-accessories,BH16,5,2247,https://stahlock.com/index.php?id=2247,BH16,Application,Door security and reinforcement,conflict,Door Security,Application: Door security and reinforcement
bh17-bathroom-accessories,BH17,5,2248,https://stahlock.com/index.php?id=2248,BH17,Finish,SSS / PSS,conflict,SSS/PSS,Finish: SSS / PSS
bh17-bathroom-accessories,BH17,5,2248,https://stahlock.com/index.php?id=2248,BH17,Size,44 × 42 × 2.5mm,new,,Size: 44 × 42 × 2.5mm
bh17-bathroom-accessories,BH17,5,2248,https://stahlock.com/index.php?id=2248,BH17,Application,Reinforces door security; ideal for internal or secondary door locking,conflict,Door Security,Application: Reinforces door security; ideal for internal or secondary door locking
bh18-bathroom-accessories,BH18,3,2249,https://stahlock.com/index.php?id=2249,BH18,Finish,SSS / PSS,conflict,SSS/PSS,Finish: SSS / PSS
bh18-bathroom-accessories,BH18,3,2249,https://stahlock.com/index.php?id=2249,BH18,Size,165 × 55 × 45mm,new,,Size: 165 × 55 × 45mm
bh18-bathroom-accessories,BH18,3,2249,https://stahlock.com/index.php?id=2249,BH18,Application,"Ideal for bathroom use, sleek and space-saving design",conflict,Bathroom,"Application: Ideal for bathroom use, sleek and space-saving design"
bh19-bathroom-accessories,BH19,4,2250,https://stahlock.com/index.php?id=2250,BH19,Finish,SSS / PSS,conflict,SSS/PSS,Finish: SSS / PSS
bh19-bathroom-accessories,BH19,4,2250,https://stahlock.com/index.php?id=2250,BH19,Application,"Ideal for bathroom use, durable and rust-resistant",conflict,Bathroom,"Application: Ideal for bathroom use, durable and rust-resistant"
bh20-bathroom-accessories,BH20,4,2251,https://stahlock.com/index.php?id=2251,BH20,Finish,SSS / PSS,conflict,SSS/PSS,Finish: SSS / PSS
bh20-bathroom-accessories,BH20,4,2251,https://stahlock.com/index.php?id=2251,BH20,Application,"Suitable for bathrooms in homes, hotels, and commercial spaces",conflict,Bathroom Hotel,"Application: Suitable for bathrooms in homes, hotels, and commercial spaces"
bh21-bathroom-accessories,BH21,3,2252,https://stahlock.com/index.php?id=2252,BH21,Finish,SSS / PSS,conflict,SSS/PSS,Finish: SSS / PSS
bh21-bathroom-accessories,BH21,3,2252,https://stahlock.com/index.php?id=2252,BH21,Application,Ideal for bathrooms in homes and hotels,conflict,Bathroom Hotel,Application: Ideal for bathrooms in homes and hotels
bh22-bathroom-accessories,BH22,4,2253,https://stahlock.com/index.php?id=2253,BH22,Finish,SSS / PSS,conflict,SSS/PSS,Finish: SSS / PSS
bh22-bathroom-accessories,BH22,4,2253,https://stahlock.com/index.php?id=2253,BH22,Application,Suitable for hotel and home bathrooms,conflict,Bathroom Hotel,Application: Suitable for hotel and home bathrooms
bh23-bathroom-accessories,BH23,4,2254,https://stahlock.com/index.php?id=2254,BH23,Finish,SSS / PSS,conflict,SSS/PSS,Finish: SSS / PSS
bh23-bathroom-accessories,BH23,4,2254,https://stahlock.com/index.php?id=2254,BH23,Application,Ideal for bathrooms in homes and hotels,conflict,Bathroom Hotel,Application: Ideal for bathrooms in homes and hotels
bh24-bathroom-accessories,BH24,4,2255,https://stahlock.com/index.php?id=2255,BH24,Finish,SSS / PSS,conflict,SSS/PSS,Finish: SSS / PSS
bh24-bathroom-accessories,BH24,4,2255,https://stahlock.com/index.php?id=2255,BH24,Size,280 × 215 × 100 mm,conflict,280*215*100mm,Size: 280 × 215 × 100 mm
bh24-bathroom-accessories,BH24,4,2255,https://stahlock.com/index.php?id=2255,BH24,Application,Suitable for hotel and public bathroom use,conflict,Bathroom Hotel,Application: Suitable for hotel and public bathroom use
bh25-bathroom-accessories,BH25,5,2256,https://stahlock.com/index.php?id=2256,BH25,Finish,SSS / PSS,conflict,SSS/PSS,Finish: SSS / PSS
bh25-bathroom-accessories,BH25,5,2256,https://stahlock.com/index.php?id=2256,BH25,Size,250 × 260 × 120 mm,conflict,250*260*120mm,Size: 250 × 260 × 120 mm
bh25-bathroom-accessories,BH25,5,2256,https://stahlock.com/index.php?id=2256,BH25,Thickness,0.8 mm,conflict,0.8mm,Thickness: 0.8 mm
bh25-bathroom-accessories,BH25,5,2256,https://stahlock.com/index.php?id=2256,BH25,Application,Ideal for hotel and public restrooms,conflict,Bathroom Hotel,Application: Ideal for hotel and public restrooms
bh26-bathroom-accessories,BH26,4,2257,https://stahlock.com/index.php?id=2257,BH26,Finish,SSS / PSS,conflict,SSS/PSS,Finish: SSS / PSS
bh26-bathroom-accessories,BH26,4,2257,https://stahlock.com/index.php?id=2257,BH26,Size,110 × 55 mm,conflict,110*55mm,Size: 110 × 55 mm
bh26-bathroom-accessories,BH26,4,2257,https://stahlock.com/index.php?id=2257,BH26,Application,Suitable for hotel and home bathrooms,conflict,Bathroom Hotel,Application: Suitable for hotel and home bathrooms
bh27-bathroom-accessories,BH27,4,2258,https://stahlock.com/index.php?id=2258,BH27,Finish,SSS / PSS,conflict,SSS/PSS,Finish: SSS / PSS
bh27-bathroom-accessories,BH27,4,2258,https://stahlock.com/index.php?id=2258,BH27,Size,130 × 55 × 50 mm,conflict,130*55*50mm,Size: 130 × 55 × 50 mm
bh27-bathroom-accessories,BH27,4,2258,https://stahlock.com/index.php?id=2258,BH27,Application,Bathroom / Hotel Use,conflict,Bathroom Hotel,Application: Bathroom / Hotel Use
bh28-bathroom-accessories,BH28,4,2259,https://stahlock.com/index.php?id=2259,BH28,Finish,SSS / PSS,conflict,SSS/PSS,Finish: SSS / PSS
bh28-bathroom-accessories,BH28,4,2259,https://stahlock.com/index.php?id=2259,BH28,Application,Bathroom / Hotel,conflict,Bathroom Hotel,Application: Bathroom / Hotel
bh29-bathroom-accessories,BH29,4,2260,https://stahlock.com/index.php?id=2260,BH29,Finish,SSS / PSS,conflict,SSS/PSS,Finish: SSS / PSS
bh29-bathroom-accessories,BH29,4,2260,https://stahlock.com/index.php?id=2260,BH29,Sizes,"200 × 200 mm, 250 × 250 mm",new,,"Sizes: 200 × 200 mm, 250 × 250 mm"
bh29-bathroom-accessories,BH29,4,2260,https://stahlock.com/index.php?id=2260,BH29,Application,Bathroom / Hotel,conflict,Bathroom Hotel,Application: Bathroom / Hotel
bh30-bathroom-accessories,BH30,4,2261,https://stahlock.com/index.php?id=2261,BH30,Finish,SSS / PSS,conflict,SSS/PSS,Finish: SSS / PSS
bh30-bathroom-accessories,BH30,4,2261,https://stahlock.com/index.php?id=2261,BH30,Size,335 × 320 mm,new,,Size: 335 × 320 mm
bh30-bathroom-accessories,BH30,4,2261,https://stahlock.com/index.php?id=2261,BH30,Application,Bathroom / Hotel,conflict,Bathroom Hotel,Application: Bathroom / Hotel
bh31-bathroom-accessories,BH31,4,2278,https://stahlock.com/index.php?id=2278,BH31,Size,285mm (L) × 410mm (H),new,,Size: 285mm (L) × 410mm (H)
bh31-bathroom-accessories,BH31,4,2278,https://stahlock.com/index.php?id=2278,BH31,Finish,SSS / PSS,conflict,SSS/PSS,Finish: SSS / PSS
bh31-bathroom-accessories,BH31,4,2278,https://stahlock.com/index.php?id=2278,BH31,Application,"Bathroom, Hotel",conflict,Bathroom Hotel,"Application: Bathroom, Hotel"
bh32-bathroom-accessories,BH32,6,2262,https://stahlock.com/index.php?id=2262,BH32,Finish,SSS / PSS (Mirror / Satin),conflict,SSS/PSS,Finish: SSS / PSS (Mirror / Satin)
bh32-bathroom-accessories,BH32,6,2262,https://stahlock.com/index.php?id=2262,BH32,Installation,Wall-mounted,conflict,Wall Mounted,Installation: Wall-mounted
bh32-bathroom-accessories,BH32,6,2262,https://stahlock.com/index.php?id=2262,BH32,Feature,Removable design with integrated hooks,conflict,With hooks,Feature: Removable design with integrated hooks
bh32-bathroom-accessories,BH32,6,2262,https://stahlock.com/index.php?id=2262,BH32,Application,Bathroom / Bath Partition Hardware,conflict,Bathroom Bath Partition Hardware,Application: Bathroom / Bath Partition Hardware
bh33-bathroom-accessories,BH33,4,2263,https://stahlock.com/index.php?id=2263,BH33,Length,450mm / 600mm,conflict,450mm/600mm,Length: 450mm / 600mm
bh33-bathroom-accessories,BH33,4,2263,https://stahlock.com/index.php?id=2263,BH33,Finish,SSS / PSS,conflict,SSS/PSS,Finish: SSS / PSS
bh33-bathroom-accessories,BH33,4,2263,https://stahlock.com/index.php?id=2263,BH33,Application,Bathroom / Hotel,conflict,Bathroom Hotel,Application: Bathroom / Hotel
bh34-bathroom-accessories,BH34,5,2264,https://stahlock.com/index.php?id=2264,BH34,Length,300mm / 400mm / 500mm / 600mm,conflict,"300mm,400mm,500mm,600mm",Length: 300mm / 400mm / 500mm / 600mm
bh34-bathroom-accessories,BH34,5,2264,https://stahlock.com/index.php?id=2264,BH34,Finish,SSS / PSS,conflict,SSS/PSS,Finish: SSS / PSS
bh34-bathroom-accessories,BH34,5,2264,https://stahlock.com/index.php?id=2264,BH34,Application,Bathroom (Home / Hotel),conflict,Household/ Hotel Bathroom,Application: Bathroom (Home / Hotel)
bh35-bathroom-accessories,BH35,4,2265,https://stahlock.com/index.php?id=2265,BH35,Size,162×92mm,conflict,162*92mm,• Size: 162×92mm
bh35-bathroom-accessories,BH35,4,2265,https://stahlock.com/index.php?id=2265,BH35,Finish,SSS / PSS,conflict,SSS/PSS,• Finish: SSS / PSS
bh35-bathroom-accessories,BH35,4,2265,https://stahlock.com/index.php?id=2265,BH35,Application,Hotel / Bathroom,conflict,Bathroom Hotel,• Application: Hotel / Bathroom
bh36-bathroom-accessories,BH36,5,2266,https://stahlock.com/index.php?id=2266,BH36,Finish,SSS / PSS,conflict,SSS/PSS,Finish: SSS / PSS
bh37-bathroom-accessories,BH37,5,2268,https://stahlock.com/index.php?id=2268,BH37,Finish,SSS / PSS,conflict,SSS/PSS,Finish: SSS / PSS
bh38-bathroom-accessories,BH38,3,2269,https://stahlock.com/index.php?id=2269,BH38,Finish,SSS / PSS,conflict,SSS/PSS,Finish: SSS / PSS
bh39-bathroom-accessories,BH39,3,2270,https://stahlock.com/index.php?id=2270,BH39,Finish,SSS / PSS,conflict,SSS/PSS,Finish: SSS / PSS
bh41-bathroom-accessories,BH41,3,2272,https://stahlock.com/index.php?id=2272,BH41,Finish,Satin (SSS) / Polished (PSS),conflict,SSS/PSS,Finish: Satin (SSS) / Polished (PSS)
bh42-bathroom-accessories,BH42,3,2273,https://stahlock.com/index.php?id=2273,BH42,Finish,Satin (SSS) / Polished (PSS),conflict,SSS/PSS,Finish: Satin (SSS) / Polished (PSS)
bh50-bathroom-accessories,BH50,4,2275,https://stahlock.com/index.php?id=2275,BH50,Size,400×355 mm,new,,Size: 400×355 mm
bh50-bathroom-accessories,BH50,4,2275,https://stahlock.com/index.php?id=2275,BH50,Finish,SSS / PSS,conflict,SSS/PSS,Finish: SSS / PSS
bh50-bathroom-accessories,BH50,4,2275,https://stahlock.com/index.php?id=2275,BH50,Application,"Bathroom, Hotel",conflict,Bathroom Hotel,"Application: Bathroom, Hotel"
bh52-bathroom-accessories,BH52,4,2276,https://stahlock.com/index.php?id=2276,BH52,Size,350 × 320 mm,new,,Size: 350 × 320 mm
bh52-bathroom-accessories,BH52,4,2276,https://stahlock.com/index.php?id=2276,BH52,Finish,SSS / PSS,conflict,SSS/PSS,Finish: SSS / PSS
bh52-bathroom-accessories,BH52,4,2276,https://stahlock.com/index.php?id=2276,BH52,Application,"Bathroom, Hotel",conflict,Bathroom Hotel,"Application: Bathroom, Hotel"
bh54-bathroom-accessories,BH54,3,2277,https://stahlock.com/index.php?id=2277,BH54,Finish,SSS / PSS,conflict,SSS/PSS,Finish: SSS / PSS
bl028-brass-and-steel-hinges,BL028,3,2184,https://stahlock.com/index.php?id=2184,BL028,Opening Angle,90-180°,new,,Opening Angle: 90-180°
bl030-brass-and-steel-hinges,BL030,9,2425,https://stahlock.com/index.php?id=2425,BL030,Opening Angle,180°,new,,Opening Angle: 180°
bl030-brass-and-steel-hinges,BL030,9,2425,https://stahlock.com/index.php?id=2425,BL030,Application,"Window, Door",conflict,"Window, Door / Residential, Commercial, Hotel, Office, Hospital, School, Warehouse","Application: Window, Door"
bl030-brass-and-steel-hinges,BL030,9,2425,https://stahlock.com/index.php?id=2425,BL030,Usage,"Residential, Commercial, Hotel, Office, Hospital, School, Warehouse",new,,"Usage: Residential, Commercial, Hotel, Office, Hospital, School, Warehouse"
bl030-brass-and-steel-hinges,BL030,9,2425,https://stahlock.com/index.php?id=2425,BL030,Surface Finish,Spray Coated / Matte Black / Satin / Antique Finish,new,,Surface Finish: Spray Coated / Matte Black / Satin / Antique Finish
bl030-brass-and-steel-hinges,BL030,9,2425,https://stahlock.com/index.php?id=2425,BL030,Features,Soft Closing / Quiet Operation / Corrosion Resistant / Heavy Duty,new,,Features: Soft Closing / Quiet Operation / Corrosion Resistant / Heavy Duty
bl030-brass-and-steel-hinges,BL030,9,2425,https://stahlock.com/index.php?id=2425,BL030,LOGO,Custom Logo Accepted,new,,LOGO: Custom Logo Accepted
bl031-brass-and-steel-hinges,BL031,9,2426,https://stahlock.com/index.php?id=2426,BL031,Opening Angle,180° / 360° Rotation,new,,Opening Angle: 180° / 360° Rotation
bl031-brass-and-steel-hinges,BL031,9,2426,https://stahlock.com/index.php?id=2426,BL031,Structure,Thickened Solid Shaft Core,new,,Structure: Thickened Solid Shaft Core
bl031-brass-and-steel-hinges,BL031,9,2426,https://stahlock.com/index.php?id=2426,BL031,Surface Finish,Black / Silver / Bronze / Gold / Custom Finish,new,,Surface Finish: Black / Silver / Bronze / Gold / Custom Finish
bl031-brass-and-steel-hinges,BL031,9,2426,https://stahlock.com/index.php?id=2426,BL031,Application,Wooden Door / Metal Door / Furniture Door / Commercial Door,conflict,Wooden Door / Metal Door / Furniture Door / Commercial Door / Residential / Commercial / Hotel / Office / Hospital / School / Warehouse,Application: Wooden Door / Metal Door / Furniture Door / Commercial Door
bl031-brass-and-steel-hinges,BL031,9,2426,https://stahlock.com/index.php?id=2426,BL031,Usage,Residential / Commercial / Hotel / Office / Hospital / School / Warehouse,new,,Usage: Residential / Commercial / Hotel / Office / Hospital / School / Warehouse
bl031-brass-and-steel-hinges,BL031,9,2426,https://stahlock.com/index.php?id=2426,BL031,OEM /ODM,Available,new,,OEM /ODM: Available
brass-piano-hinge-brass-and-steel-hinges,Brass Piano Hinge,1,2187,https://stahlock.com/index.php?id=2187,Brass Piano Hinge,Width,"1""1-1/4 ""2 ""、3""",new,,"Width: 1""1-1/4 ""2 ""、3"""
ch01-brass-and-steel-hinges,CH01,5,2170,https://stahlock.com/index.php?id=2170,CH01,Material,Zinc Alloy / 304 Stainless Steel,conflict,Zinc alloy/304 Stainless steel,Material: Zinc Alloy / 304 Stainless Steel
ch01-brass-and-steel-hinges,CH01,5,2170,https://stahlock.com/index.php?id=2170,CH01,Finish,"AB, AC, PB, SB, SS, SP, SC, and other custom finishes",conflict,"AB/AC/PB/SB/SS/SP/SC,other available","Finish: AB, AC, PB, SB, SS, SP, SC, and other custom finishes"
ch01-brass-and-steel-hinges,CH01,5,2170,https://stahlock.com/index.php?id=2170,CH01,Function,Hidden hinge for clean aesthetic,conflict,concealed hinge,Function: Hidden hinge for clean aesthetic
ch01-brass-and-steel-hinges,CH01,5,2170,https://stahlock.com/index.php?id=2170,CH01,Application,Window profile connection (suitable for various domestic and international profiles),conflict,Window Connection,Application: Window profile connection (suitable for various domestic and international profiles)
d101-ab-deadbolts,D101 AB,8,1912,https://stahlock.com/index.php?id=1912,D101 AB,Exposed Trim Material,Stainless Steel / Brass / Steel,new,,Exposed Trim Material: Stainless Steel / Brass / Steel
d101-ab-deadbolts,D101 AB,8,1912,https://stahlock.com/index.php?id=1912,D101 AB,Keys,2 Nickel-Plated Brass Keys,new,,Keys: 2 Nickel-Plated Brass Keys
d101-ab-deadbolts,D101 AB,8,1912,https://stahlock.com/index.php?id=1912,D101 AB,Handing,Fully reversible for left- or right-hand doors,conflict,"Fully reversible, left or right hand",Handing: Fully reversible for left- or right-hand doors
d101-ab-deadbolts,D101 AB,8,1912,https://stahlock.com/index.php?id=1912,D101 AB,Door Thickness,Adjustable 1-3/8” to 1-3/4” (35mm–45mm),new,,Door Thickness: Adjustable 1-3/8” to 1-3/4” (35mm–45mm)
d101-ab-deadbolts,D101 AB,8,1912,https://stahlock.com/index.php?id=1912,D101 AB,Backset,Adjustable 2-3/8” or 2-3/4” (60mm or 70mm),new,,Backset: Adjustable 2-3/8” or 2-3/4” (60mm or 70mm)
d101-ac-deadbolts,D101 AC,8,1954,https://stahlock.com/index.php?id=1954,D101 AC,Trim Material,"Stainless steel, brass, or steel",new,,"Trim Material: Stainless steel, brass, or steel"
d101-ac-deadbolts,D101 AC,8,1954,https://stahlock.com/index.php?id=1954,D101 AC,Cylinder,"Solid brass, 5-pin tumbler mechanism",conflict,Solid Brass Cylinder,"Cylinder: Solid brass, 5-pin tumbler mechanism"
d101-ac-deadbolts,D101 AC,8,1954,https://stahlock.com/index.php?id=1954,D101 AC,Keys,2 nickel-plated brass keys included,new,,Keys: 2 nickel-plated brass keys included
d101-ac-deadbolts,D101 AC,8,1954,https://stahlock.com/index.php?id=1954,D101 AC,Handing,Fully reversible for left or right-hand doors,conflict,"Fully reversible, left or right hand",Handing: Fully reversible for left or right-hand doors
d101-ac-deadbolts,D101 AC,8,1954,https://stahlock.com/index.php?id=1954,D101 AC,Door Thickness,Adjustable 35–45mm (1-3/8” to 1-3/4”),new,,Door Thickness: Adjustable 35–45mm (1-3/8” to 1-3/4”)
d101-ac-deadbolts,D101 AC,8,1954,https://stahlock.com/index.php?id=1954,D101 AC,Backset,Adjustable 60mm or 70mm (2-3/8” or 2-3/4”),new,,Backset: Adjustable 60mm or 70mm (2-3/8” or 2-3/4”)
d101-dspb-deadbolts,D101 DSPB,10,1956,https://stahlock.com/index.php?id=1956,D101 DSPB,Trim Material,"Stainless steel, brass, or steel",new,,"Trim Material: Stainless steel, brass, or steel"
d101-dspb-deadbolts,D101 DSPB,10,1956,https://stahlock.com/index.php?id=1956,D101 DSPB,Handing,Fully reversible for left or right-hand doors,conflict,"Fully reversible, left or right hand",Handing: Fully reversible for left or right-hand doors
d101-dspb-deadbolts,D101 DSPB,10,1956,https://stahlock.com/index.php?id=1956,D101 DSPB,Door Thickness,Adjustable 35–45mm (1-3/8” to 1-3/4”),new,,Door Thickness: Adjustable 35–45mm (1-3/8” to 1-3/4”)
d101-dspb-deadbolts,D101 DSPB,10,1956,https://stahlock.com/index.php?id=1956,D101 DSPB,Backset,Adjustable 60mm or 70mm (2-3/8” or 2-3/4”),new,,Backset: Adjustable 60mm or 70mm (2-3/8” or 2-3/4”)
d101-pb-deadbolts,D101 PB,8,1901,https://stahlock.com/index.php?id=1901,D101 PB,Exposed Trim Material,Stainless Steel / Brass / Steel,new,,Exposed Trim Material: Stainless Steel / Brass / Steel
d101-pb-deadbolts,D101 PB,8,1901,https://stahlock.com/index.php?id=1901,D101 PB,Cylinder,"Solid Brass, 5-Pin Tumbler",conflict,Solid Brass Cylinder,"Cylinder: Solid Brass, 5-Pin Tumbler"
d101-pb-deadbolts,D101 PB,8,1901,https://stahlock.com/index.php?id=1901,D101 PB,Keys,2 × Nickel-Plated Brass Keys,new,,Keys: 2 × Nickel-Plated Brass Keys
d101-pb-deadbolts,D101 PB,8,1901,https://stahlock.com/index.php?id=1901,D101 PB,Handing,Fully Reversible for Left or Right-Handed Doors,conflict,"Fully reversible, left or right hand",Handing: Fully Reversible for Left or Right-Handed Doors
d101-pb-deadbolts,D101 PB,8,1901,https://stahlock.com/index.php?id=1901,D101 PB,Door Thickness,Adjustable 35–45 mm (1-3/8” to 1-3/4”),new,,Door Thickness: Adjustable 35–45 mm (1-3/8” to 1-3/4”)
d101-pb-deadbolts,D101 PB,8,1901,https://stahlock.com/index.php?id=1901,D101 PB,Backset,Adjustable 60 mm or 70 mm (2-3/8” or 2-3/4”),new,,Backset: Adjustable 60 mm or 70 mm (2-3/8” or 2-3/4”)
d101-ss-deadbolts,D101 SS,8,1911,https://stahlock.com/index.php?id=1911,D101 SS,Trim Material,Stainless Steel / Brass / Steel,new,,Trim Material: Stainless Steel / Brass / Steel
d101-ss-deadbolts,D101 SS,8,1911,https://stahlock.com/index.php?id=1911,D101 SS,Cylinder,"Solid Brass, 5-Pin Tumbler",conflict,Solid Brass Cylinder,"Cylinder: Solid Brass, 5-Pin Tumbler"
d101-ss-deadbolts,D101 SS,8,1911,https://stahlock.com/index.php?id=1911,D101 SS,Keys,2 × Nickel-Plated Brass Keys,new,,Keys: 2 × Nickel-Plated Brass Keys
d101-ss-deadbolts,D101 SS,8,1911,https://stahlock.com/index.php?id=1911,D101 SS,Handing,Reversible for Left or Right-Hand Doors,conflict,"Fully reversible, left or right hand",Handing: Reversible for Left or Right-Hand Doors
d101-ss-deadbolts,D101 SS,8,1911,https://stahlock.com/index.php?id=1911,D101 SS,Door Thickness,35–45mm (1-3/8” to 1-3/4”),new,,Door Thickness: 35–45mm (1-3/8” to 1-3/4”)
d101-ss-deadbolts,D101 SS,8,1911,https://stahlock.com/index.php?id=1911,D101 SS,Backset,60mm or 70mm (2-3/8” or 2-3/4”),new,,Backset: 60mm or 70mm (2-3/8” or 2-3/4”)
d102-ss-deadbolts,D102 SS,8,1914,https://stahlock.com/index.php?id=1914,D102 SS,Trim Material,Stainless Steel / Brass / Steel,new,,Trim Material: Stainless Steel / Brass / Steel
d102-ss-deadbolts,D102 SS,8,1914,https://stahlock.com/index.php?id=1914,D102 SS,Cylinder,Solid Brass,conflict,Solid Brass Cylinder,Cylinder: Solid Brass
d102-ss-deadbolts,D102 SS,8,1914,https://stahlock.com/index.php?id=1914,D102 SS,Keys,2 Nickel-Plated Brass Keys,new,,Keys: 2 Nickel-Plated Brass Keys
d102-ss-deadbolts,D102 SS,8,1914,https://stahlock.com/index.php?id=1914,D102 SS,Handing,Universal — fits both left- and right-hand doors,conflict,"Fully reversible, left or right hand",Handing: Universal — fits both left- and right-hand doors
d102-ss-deadbolts,D102 SS,8,1914,https://stahlock.com/index.php?id=1914,D102 SS,Door Thickness,1-3/8” to 1-3/4” (35mm–45mm),new,,Door Thickness: 1-3/8” to 1-3/4” (35mm–45mm)
d102-ss-deadbolts,D102 SS,8,1914,https://stahlock.com/index.php?id=1914,D102 SS,Backset,Adjustable to 2-3/8” or 2-3/4” (60mm or 70mm),new,,Backset: Adjustable to 2-3/8” or 2-3/4” (60mm or 70mm)
dc02-door-coordinator,DC02,4,2432,https://stahlock.com/index.php?id=2432,DC02,Product Type,Door Sequence Selector,new,,Product Type: Door Sequence Selector
dc02-door-coordinator,DC02,4,2432,https://stahlock.com/index.php?id=2432,DC02,Suitable Doors,"Fire Doors, Smoke Control Doors, Steel Doors",new,,"Suitable Doors: Fire Doors, Smoke Control Doors, Steel Doors"
dc02-door-coordinator,DC02,4,2432,https://stahlock.com/index.php?id=2432,DC02,Operation,"Mechanical, No Power Required",new,,"Operation: Mechanical, No Power Required"
dc02-door-coordinator,DC02,4,2432,https://stahlock.com/index.php?id=2432,DC02,Closing Sequence,"Inactive Leaf First, Active Leaf After",new,,"Closing Sequence: Inactive Leaf First, Active Leaf After"
dc02-door-coordinator,DC02,4,2432,https://stahlock.com/index.php?id=2432,DC02,Surface Finish,Zinc Plated,new,,Surface Finish: Zinc Plated
dc02-door-coordinator,DC02,4,2432,https://stahlock.com/index.php?id=2432,DC02,Installation Position,Top of Door Frame,new,,Installation Position: Top of Door Frame
dc02-door-coordinator,DC02,4,2432,https://stahlock.com/index.php?id=2432,DC02,Included Accessories,"2 Support Brackets, Screws and Washers",new,,"Included Accessories: 2 Support Brackets, Screws and Washers"
dc02-door-coordinator,DC02,4,2432,https://stahlock.com/index.php?id=2432,DC02,OEM & ODM,Available,new,,OEM & ODM: Available
eh01-lever-handle,EH01,12,2408,https://stahlock.com/index.php?id=2408,EH01,Style,Decorative / Classic / European Style,new,,Style: Decorative / Classic / European Style
eh01-lever-handle,EH01,12,2408,https://stahlock.com/index.php?id=2408,EH01,Backplate Material,Iron,new,,Backplate Material: Iron
eh01-lever-handle,EH01,12,2408,https://stahlock.com/index.php?id=2408,EH01,Handle Material,Aluminum Alloy,new,,Handle Material: Aluminum Alloy
eh01-lever-handle,EH01,12,2408,https://stahlock.com/index.php?id=2408,EH01,Handle Design,Twisted Lever Handle,new,,Handle Design: Twisted Lever Handle
eh01-lever-handle,EH01,12,2408,https://stahlock.com/index.php?id=2408,EH01,Lock Type Compatibility,Euro Profile Mortise Lock,new,,Lock Type Compatibility: Euro Profile Mortise Lock
eh01-lever-handle,EH01,12,2408,https://stahlock.com/index.php?id=2408,EH01,Installation Method,"Backplate Mounted, Mortise Lock Installation",new,,"Installation Method: Backplate Mounted, Mortise Lock Installation"
eh01-lever-handle,EH01,12,2408,https://stahlock.com/index.php?id=2408,EH01,Handing,Reversible (Left & Right Handed),conflict,"Fully reversible, left or right hand",Handing: Reversible (Left & Right Handed)
eh02-lever-handle,EH02,12,2409,https://stahlock.com/index.php?id=2409,EH02,Style,Decorative / Classic / European Style,new,,Style: Decorative / Classic / European Style
eh02-lever-handle,EH02,12,2409,https://stahlock.com/index.php?id=2409,EH02,Backplate Material,Iron,new,,Backplate Material: Iron
eh02-lever-handle,EH02,12,2409,https://stahlock.com/index.php?id=2409,EH02,Handle Material,Aluminum Alloy,new,,Handle Material: Aluminum Alloy
eh02-lever-handle,EH02,12,2409,https://stahlock.com/index.php?id=2409,EH02,Handle Design,Twisted Lever Handle,new,,Handle Design: Twisted Lever Handle
eh02-lever-handle,EH02,12,2409,https://stahlock.com/index.php?id=2409,EH02,Lock Type Compatibility,Euro Profile Mortise Lock,new,,Lock Type Compatibility: Euro Profile Mortise Lock
eh02-lever-handle,EH02,12,2409,https://stahlock.com/index.php?id=2409,EH02,Installation Method,"Backplate Mounted, Mortise Lock Installation",new,,"Installation Method: Backplate Mounted, Mortise Lock Installation"
eh02-lever-handle,EH02,12,2409,https://stahlock.com/index.php?id=2409,EH02,Handing,Reversible (Left & Right Handed),conflict,"Fully reversible, left or right hand",Handing: Reversible (Left & Right Handed)
eh03-lever-handle,EH03,12,2410,https://stahlock.com/index.php?id=2410,EH03,Style,Decorative / Classic / European Style,new,,Style: Decorative / Classic / European Style
eh03-lever-handle,EH03,12,2410,https://stahlock.com/index.php?id=2410,EH03,Backplate Material,Iron,new,,Backplate Material: Iron
eh03-lever-handle,EH03,12,2410,https://stahlock.com/index.php?id=2410,EH03,Handle Material,Aluminum Alloy,new,,Handle Material: Aluminum Alloy
eh03-lever-handle,EH03,12,2410,https://stahlock.com/index.php?id=2410,EH03,Handle Design,Twisted Lever Handle,new,,Handle Design: Twisted Lever Handle
eh03-lever-handle,EH03,12,2410,https://stahlock.com/index.php?id=2410,EH03,Lock Type Compatibility,Euro Profile Mortise Lock,new,,Lock Type Compatibility: Euro Profile Mortise Lock
eh03-lever-handle,EH03,12,2410,https://stahlock.com/index.php?id=2410,EH03,Installation Method,"Backplate Mounted, Mortise Lock Installation",new,,"Installation Method: Backplate Mounted, Mortise Lock Installation"
eh03-lever-handle,EH03,12,2410,https://stahlock.com/index.php?id=2410,EH03,Handing,Reversible (Left & Right Handed),conflict,"Fully reversible, left or right hand",Handing: Reversible (Left & Right Handed)
f100-ss-door-hinge,F100 SS,3,1994,https://stahlock.com/index.php?id=1994,F100 SS,Material,Iron with stainless steel cover,conflict,Iron,Material: Iron with stainless steel cover
f100-ss-door-hinge,F100 SS,3,1994,https://stahlock.com/index.php?id=1994,F100 SS,Application,Wooden doors,new,,Application: Wooden doors
f100-ss-door-hinge,F100 SS,3,1994,https://stahlock.com/index.php?id=1994,F100 SS,Pin Material,Iron,new,,Pin Material: Iron
f100-ss-door-hinge,F100 SS,3,1994,https://stahlock.com/index.php?id=1994,F100 SS,Max Bearing Capacity,80 kg,new,,Max Bearing Capacity: 80 kg
f100-ss-door-hinge,F100 SS,3,1994,https://stahlock.com/index.php?id=1994,F100 SS,Closing Force,25 N·m,new,,Closing Force: 25 N·m
f101-glass-door-patch-fittings,F101,3,2205,https://stahlock.com/index.php?id=2205,F101,Max. Door Weight,90 kg,new,,Max. Door Weight: 90 kg
f101-glass-door-patch-fittings,F101,3,2205,https://stahlock.com/index.php?id=2205,F101,Door Width,up to 1200 mm,new,,Door Width: up to 1200 mm
f101-glass-door-patch-fittings,F101,3,2205,https://stahlock.com/index.php?id=2205,F101,Size,129 × 321.5 mm,conflict,129*321.5mm,Size: 129 × 321.5 mm
f101-glass-door-patch-fittings,F101,3,2205,https://stahlock.com/index.php?id=2205,F101,Finish Options,"SS, AB, SN, AC, PB",new,,"Finish Options: SS, AB, SN, AC, PB"
f110-glass-door-patch-fittings,F110,2,2206,https://stahlock.com/index.php?id=2206,F110,Out case material,Stainless steel 304,new,,Out case material:Stainless steel 304
f110-glass-door-patch-fittings,F110,2,2206,https://stahlock.com/index.php?id=2206,F110,Inner structure,Iron,new,,Inner structure: Iron
f110-glass-door-patch-fittings,F110,2,2206,https://stahlock.com/index.php?id=2206,F110,Door Thickness,8-12mm,new,,Door Thickness: 8-12mm
f110-glass-door-patch-fittings,F110,2,2206,https://stahlock.com/index.php?id=2206,F110,Usage,Glass door,new,,Usage: Glass door
f111-glass-door-patch-fittings,F111,2,2207,https://stahlock.com/index.php?id=2207,F111,Out case material,Stainless steel,new,,Out case material: Stainless steel
f111-glass-door-patch-fittings,F111,2,2207,https://stahlock.com/index.php?id=2207,F111,Inner structure,Iron,new,,Inner structure: Iron
f111-glass-door-patch-fittings,F111,2,2207,https://stahlock.com/index.php?id=2207,F111,Door Thickness,8-12mm,new,,Door Thickness:8-12mm
f111-glass-door-patch-fittings,F111,2,2207,https://stahlock.com/index.php?id=2207,F111,Usage,Glass door,new,,Usage: Glass door
f112-glass-door-patch-fittings,F112,2,2208,https://stahlock.com/index.php?id=2208,F112,Out case material,Stainless steel,new,,Out case material: Stainless steel
f112-glass-door-patch-fittings,F112,2,2208,https://stahlock.com/index.php?id=2208,F112,Inner structure,Iron,new,,Inner structure: Iron
f112-glass-door-patch-fittings,F112,2,2208,https://stahlock.com/index.php?id=2208,F112,Door Thickness,8-12mm,new,,Door Thickness:8-12mm
f112-glass-door-patch-fittings,F112,2,2208,https://stahlock.com/index.php?id=2208,F112,Usage,Glass door,new,,Usage: Glass door
f113-glass-door-patch-fittings,F113,1,2209,https://stahlock.com/index.php?id=2209,F113,Out case material,Stainless steel,new,,Out case material: Stainless steel
f113-glass-door-patch-fittings,F113,1,2209,https://stahlock.com/index.php?id=2209,F113,Inner structure,Iron,new,,Inner structure: Iron
f113-glass-door-patch-fittings,F113,1,2209,https://stahlock.com/index.php?id=2209,F113,Door Thickness,8-12mm,new,,Door Thickness:8-12mm
f113-glass-door-patch-fittings,F113,1,2209,https://stahlock.com/index.php?id=2209,F113,Usage,Glass door,new,,Usage: Glass door
f114-glass-door-patch-fittings,F114,2,2210,https://stahlock.com/index.php?id=2210,F114,Out case material,Stainless steel,new,,Out case material: Stainless steel
f114-glass-door-patch-fittings,F114,2,2210,https://stahlock.com/index.php?id=2210,F114,Inner structure,Iron,new,,Inner structure: Iron
f114-glass-door-patch-fittings,F114,2,2210,https://stahlock.com/index.php?id=2210,F114,Door Thickness,8-12mm,new,,Door Thickness:8-12mm
f114-glass-door-patch-fittings,F114,2,2210,https://stahlock.com/index.php?id=2210,F114,Usage,Glass door,new,,Usage: Glass door
f123-glass-door-patch-fittings,F123,2,2211,https://stahlock.com/index.php?id=2211,F123,Out case material,Stainless steel,new,,Out case material: Stainless steel
f123-glass-door-patch-fittings,F123,2,2211,https://stahlock.com/index.php?id=2211,F123,Inner structure,Steel,new,,Inner structure: Steel
f123-glass-door-patch-fittings,F123,2,2211,https://stahlock.com/index.php?id=2211,F123,Door Thickness,8-12mm,new,,Door Thickness:8-12mm
f123-glass-door-patch-fittings,F123,2,2211,https://stahlock.com/index.php?id=2211,F123,Usage,Glass Door Locks,new,,Usage: Glass Door Locks
f132-glass-door-patch-fittings,F132,4,2212,https://stahlock.com/index.php?id=2212,F132,Door Thickness,8-12mm,new,,Door Thickness: 8-12mm
f132-glass-door-patch-fittings,F132,4,2212,https://stahlock.com/index.php?id=2212,F132,Usage,Glass Door,new,,Usage: Glass Door
g559-night-latch-and-rim-lock,G559,12,2109,https://stahlock.com/index.php?id=2109,G559,Material,"Iron lock body, zinc alloy latch, brass double cylinder",conflict,"Iron lock body, brass Cylinder(double cylinder), with 3pcs iron key.","Material: Iron lock body, zinc alloy latch, brass double cylinder"
g559-night-latch-and-rim-lock,G559,12,2109,https://stahlock.com/index.php?id=2109,G559,Keys,3 iron keys included,new,,Keys: 3 iron keys included
g559-night-latch-and-rim-lock,G559,12,2109,https://stahlock.com/index.php?id=2109,G559,Handing,Fully reversible for left or right-hand doors,conflict,"Fully reversible, left or right hand",Handing: Fully reversible for left or right-hand doors
g559-night-latch-and-rim-lock,G559,12,2109,https://stahlock.com/index.php?id=2109,G559,Door Thickness,Standard 35–55mm; optional 30–60mm upon request,conflict,35mm to 55mm standard; 30mm to 60mm on request,Door Thickness: Standard 35–55mm; optional 30–60mm upon request
g559-night-latch-and-rim-lock,G559,12,2109,https://stahlock.com/index.php?id=2109,G559,Finish,Painted,conflict,Painting,Finish: Painted
gl125-ss-glass-door-patch-fittings,GL125 SS,2,2213,https://stahlock.com/index.php?id=2213,GL125 SS,Main body,Stainless steel 304,new,,Main body: Stainless steel 304
gl125-ss-glass-door-patch-fittings,GL125 SS,2,2213,https://stahlock.com/index.php?id=2213,GL125 SS,Inner body,Stainless steel 201,new,,Inner body: Stainless steel 201
gl125-ss-glass-door-patch-fittings,GL125 SS,2,2213,https://stahlock.com/index.php?id=2213,GL125 SS,Deadbolt,Steel,new,,Deadbolt: Steel
gl125-ss-glass-door-patch-fittings,GL125 SS,2,2213,https://stahlock.com/index.php?id=2213,GL125 SS,Glass door thickness,8-10 mm,new,,Glass door thickness: 8-10 mm
gl125-ss-glass-door-patch-fittings,GL125 SS,2,2213,https://stahlock.com/index.php?id=2213,GL125 SS,Cylinder material,Brass,new,,Cylinder material: Brass
gl125-ss-glass-door-patch-fittings,GL125 SS,2,2213,https://stahlock.com/index.php?id=2213,GL125 SS,Key material,Nickel plated,new,,Key material: Nickel plated
gl125-ss-glass-door-patch-fittings,GL125 SS,2,2213,https://stahlock.com/index.php?id=2213,GL125 SS,Model,Double door,new,,Model: Double door
hy006dk-lock-case,HY006DK,1,2411,https://stahlock.com/index.php?id=2411,HY006DK,Lock Type,Concealed Lock,new,,Lock Type: Concealed Lock
hy006dk-lock-case,HY006DK,1,2411,https://stahlock.com/index.php?id=2411,HY006DK,Lock Body Material,Iron,new,,Lock Body Material: Iron
hy006dk-lock-case,HY006DK,1,2411,https://stahlock.com/index.php?id=2411,HY006DK,Lock Cylinder,Brass cylinder,new,,Lock Cylinder: Brass cylinder
hy006dk-lock-case,HY006DK,1,2411,https://stahlock.com/index.php?id=2411,HY006DK,Specifications,"Double Hook Door Bolt(Double Flat Door Bolt, Single Hook Door Bolt, Single Flat Door Bolt.)",new,,"Specifications: Double Hook Door Bolt(Double Flat Door Bolt, Single Hook Door Bolt, Single Flat Door Bolt.)"
hy006dk-lock-case,HY006DK,1,2411,https://stahlock.com/index.php?id=2411,HY006DK,Surface Treatment,Electroplatingbhgh.,new,,Surface Treatment: Electroplatingbhgh.
hy006dk-lock-case,HY006DK,1,2411,https://stahlock.com/index.php?id=2411,HY006DK,Included Accessories,Aluminum Door Lock Body /American-Style/Lock Cylinder /Lock Case (Door Bolt)/Locks and Keys.,new,,Included Accessories: Aluminum Door Lock Body /American-Style/Lock Cylinder /Lock Case (Door Bolt)/Locks and Keys.
hy006et-lock-case,HY006ET,2,2412,https://stahlock.com/index.php?id=2412,HY006ET,Lock Type,Concealed Lock,new,,Lock Type: Concealed Lock
hy006et-lock-case,HY006ET,2,2412,https://stahlock.com/index.php?id=2412,HY006ET,Lock Body Material,Iron,new,,Lock Body Material: Iron
hy006et-lock-case,HY006ET,2,2412,https://stahlock.com/index.php?id=2412,HY006ET,Lock Cylinder,Brass cylinder,new,,Lock Cylinder: Brass cylinder
hy006et-lock-case,HY006ET,2,2412,https://stahlock.com/index.php?id=2412,HY006ET,Specifications,"Single Hook Door Bolt (Double Hook Door Bolt,Double Flat Door Bolt,Single Flat Door Bolt.)",new,,"Specifications: Single Hook Door Bolt (Double Hook Door Bolt,Double Flat Door Bolt,Single Flat Door Bolt.)"
hy006et-lock-case,HY006ET,2,2412,https://stahlock.com/index.php?id=2412,HY006ET,Surface Treatment,Electroplatingbhgh.,new,,Surface Treatment: Electroplatingbhgh.
hy006et-lock-case,HY006ET,2,2412,https://stahlock.com/index.php?id=2412,HY006ET,Included Accessories,Aluminum Door Lock Body /American-Style/Lock Cylinder /Lock Case (Door Bolt)/Locks and Keys.,new,,Included Accessories: Aluminum Door Lock Body /American-Style/Lock Cylinder /Lock Case (Door Bolt)/Locks and Keys.
hy007-lock-case,HY007,3,2416,https://stahlock.com/index.php?id=2416,HY007,Lock Type,Deadlatch Lock,new,,Lock Type: Deadlatch Lock
hy007-lock-case,HY007,3,2416,https://stahlock.com/index.php?id=2416,HY007,Handing,Reversible (Left / Right),new,,Handing: Reversible (Left / Right)
hy007-s-lock-case,HY007-S,6,2427,https://stahlock.com/index.php?id=2427,HY007-S,Product Type,Push Pull Paddle Door Lock Set,new,,Product Type: Push Pull Paddle Door Lock Set
hy007-s-lock-case,HY007-S,6,2427,https://stahlock.com/index.php?id=2427,HY007-S,Application,Aluminum Storefront Door / Glass Door / Office Door / Commercial Entrance Door,conflict,"Aluminum Storefront Door / Glass Door / Office Door / Commercial Entrance Door / Shops, Offices, Malls, Supermarkets, Commercial Buildings",Application: Aluminum Storefront Door / Glass Door / Office Door / Commercial Entrance Door
hy007-s-lock-case,HY007-S,6,2427,https://stahlock.com/index.php?id=2427,HY007-S,Handle Material,Aluminum Alloy,new,,Handle Material: Aluminum Alloy
hy007-s-lock-case,HY007-S,6,2427,https://stahlock.com/index.php?id=2427,HY007-S,Lock Body Material,Iron,new,,Lock Body Material: Iron
hy007-s-lock-case,HY007-S,6,2427,https://stahlock.com/index.php?id=2427,HY007-S,Latch Components,Zinc Alloy & ABS,new,,Latch Components: Zinc Alloy & ABS
hy007-s-lock-case,HY007-S,6,2427,https://stahlock.com/index.php?id=2427,HY007-S,Handing,Left Hand or Right Hand Available,new,,Handing: Left Hand or Right Hand Available
hy007-s-lock-case,HY007-S,6,2427,https://stahlock.com/index.php?id=2427,HY007-S,Suitable For,"Shops, Offices, Malls, Supermarkets, Commercial Buildings",new,,"Suitable For: Shops, Offices, Malls, Supermarkets, Commercial Buildings"
hy008-lock-case,HY008,1,2421,https://stahlock.com/index.php?id=2421,HY008,Lock Type,Concealed Lock,new,,Lock Type: Concealed Lock
hy008-lock-case,HY008,1,2421,https://stahlock.com/index.php?id=2421,HY008,Lock Body Material,Iron,new,,Lock Body Material: Iron
hy008-lock-case,HY008,1,2421,https://stahlock.com/index.php?id=2421,HY008,Lock Cylinder,Brass cylinder,new,,Lock Cylinder: Brass cylinder
hy008-lock-case,HY008,1,2421,https://stahlock.com/index.php?id=2421,HY008,Lock Type,Flat Swing Bolt Lock Body,new,,Lock Type: Flat Swing Bolt Lock Body
hy008-lock-case,HY008,1,2421,https://stahlock.com/index.php?id=2421,HY008,Surface Treatment,Electroplating.,new,,Surface Treatment: Electroplating.
hy008-lock-case,HY008,1,2421,https://stahlock.com/index.php?id=2421,HY008,Included Accessories,"Aluminum Door Lock Body, American-Style Lock Cylinder / Lock Case (Door Bolt), and Locks and Keys.",new,,"Included Accessories: Aluminum Door Lock Body, American-Style Lock Cylinder / Lock Case (Door Bolt), and Locks and Keys."
hy-0ss-lock-case,HY-0SS,7,2419,https://stahlock.com/index.php?id=2419,HY-0SS,Finish,Satin,conflict,Satin Stainless Steel,Finish: Satin
hy-0ss-lock-case,HY-0SS,7,2419,https://stahlock.com/index.php?id=2419,HY-0SS,Accessories,304 Stainless Steel Screws,new,,Accessories: 304 Stainless Steel Screws
hy-0ss-lock-case,HY-0SS,7,2419,https://stahlock.com/index.php?id=2419,HY-0SS,Design,Full Latch Coverage,new,,Design: Full Latch Coverage
ih01-brass-and-steel-hinges,IH01,6,2423,https://stahlock.com/index.php?id=2423,IH01,Opening Angle,180° / 360° Rotation,new,,Opening Angle: 180° / 360° Rotation
ih01-brass-and-steel-hinges,IH01,6,2423,https://stahlock.com/index.php?id=2423,IH01,Hole Count,10 Holes,new,,Hole Count: 10 Holes
ih01-brass-and-steel-hinges,IH01,6,2423,https://stahlock.com/index.php?id=2423,IH01,Surface Finish,Zinc Plated,new,,Surface Finish: Zinc Plated
ih01-brass-and-steel-hinges,IH01,6,2423,https://stahlock.com/index.php?id=2423,IH01,Installation Method,Screw Mounted,new,,Installation Method: Screw Mounted
ih01-brass-and-steel-hinges,IH01,6,2423,https://stahlock.com/index.php?id=2423,IH01,Features,"Detachable, Smooth Rotation, Easy Installation",new,,"Features: Detachable, Smooth Rotation, Easy Installation"
ih01-brass-and-steel-hinges,IH01,6,2423,https://stahlock.com/index.php?id=2423,IH01,Application,"Doors, Windows, Cabinet Doors, Fire Doors",conflict,"Doors, Windows, Cabinet Doors, Fire Doors / Residential, Commercial, Hotel, Office, Warehouse, Industrial","Application: Doors, Windows, Cabinet Doors, Fire Doors"
ih01-brass-and-steel-hinges,IH01,6,2423,https://stahlock.com/index.php?id=2423,IH01,Usage,"Residential, Commercial, Hotel, Office, Warehouse, Industrial",new,,"Usage: Residential, Commercial, Hotel, Office, Warehouse, Industrial"
ju-051-door-closer,JU-051,1,2226,https://stahlock.com/index.php?id=2226,JU-051,Door Width,800mm,new,,Door Width:800mm
ju-051-door-closer,JU-051,1,2226,https://stahlock.com/index.php?id=2226,JU-051,Capacity,15-30KG,new,,Capacity:15-30KG
ju-051-door-closer,JU-051,1,2226,https://stahlock.com/index.php?id=2226,JU-051,Max opening angle,180°,new,,Max opening angle:180°
ju-061-door-closer,JU-061,1,2227,https://stahlock.com/index.php?id=2227,JU-061,Door Width,850mm,new,,Door Width:850mm
ju-061-door-closer,JU-061,1,2227,https://stahlock.com/index.php?id=2227,JU-061,Capacity,25-45KG,new,,Capacity:25-45KG
ju-061-door-closer,JU-061,1,2227,https://stahlock.com/index.php?id=2227,JU-061,Max opening angle,180°,new,,Max opening angle:180°
ju-072-door-closer,JU-072,1,2228,https://stahlock.com/index.php?id=2228,JU-072,Door Width,1050mm,new,,Door Width:1050mm
ju-072-door-closer,JU-072,1,2228,https://stahlock.com/index.php?id=2228,JU-072,Capacity,40-65KG,new,,Capacity:40-65KG
ju-072-door-closer,JU-072,1,2228,https://stahlock.com/index.php?id=2228,JU-072,Max opening angle,180°,new,,Max opening angle:180°
ju-073-door-closer,JU-073,1,2229,https://stahlock.com/index.php?id=2229,JU-073,Door Width,850mm,new,,Door Width:850mm
ju-073-door-closer,JU-073,1,2229,https://stahlock.com/index.php?id=2229,JU-073,Capacity,40-65KG,new,,Capacity:40-65KG
ju-073-door-closer,JU-073,1,2229,https://stahlock.com/index.php?id=2229,JU-073,Max opening angle,180°,new,,Max opening angle:180°
ju-088-door-closer,JU-088,1,2230,https://stahlock.com/index.php?id=2230,JU-088,Door Width,950mm,new,,Door Width:950mm
ju-088-door-closer,JU-088,1,2230,https://stahlock.com/index.php?id=2230,JU-088,Capacity,40-65KG,new,,Capacity:40-65KG
ju-088-door-closer,JU-088,1,2230,https://stahlock.com/index.php?id=2230,JU-088,Max opening angle,180°,new,,Max opening angle:180°
ju-093-door-closer,JU-093,1,2231,https://stahlock.com/index.php?id=2231,JU-093,Door Width,1050mm,new,,Door Width:1050mm
ju-093-door-closer,JU-093,1,2231,https://stahlock.com/index.php?id=2231,JU-093,Capacity,45-85KG,new,,Capacity:45-85KG
ju-093-door-closer,JU-093,1,2231,https://stahlock.com/index.php?id=2231,JU-093,Max opening angle,180°,new,,Max opening angle:180°
lc17-lock-case,Lc17,4,2045,https://stahlock.com/index.php?id=2045,Lc17,Lock Body Material,Iron,new,,Lock Body Material: Iron
lc17-lock-case,Lc17,4,2045,https://stahlock.com/index.php?id=2045,Lc17,Latch Bolt,Copper,new,,Latch Bolt: Copper
lc17-lock-case,Lc17,4,2045,https://stahlock.com/index.php?id=2045,Lc17,Spindle Hole,Copper Construction,new,,Spindle Hole: Copper Construction
lc17-lock-case,Lc17,4,2045,https://stahlock.com/index.php?id=2045,Lc17,Strike Plate Material,Stainless Steel,new,,Strike Plate Material: Stainless Steel
lc17-lock-case,Lc17,4,2045,https://stahlock.com/index.php?id=2045,Lc17,Finish,"PB/AB/AC/SS/SN, all available",new,,"Finish: PB/AB/AC/SS/SN, all available"
lc33-5572-lock-case,Lc33-5572,3,2051,https://stahlock.com/index.php?id=2051,Lc33 5572,Lock Body Material,Iron,new,,Lock Body Material: Iron
lc33-5572-lock-case,Lc33-5572,3,2051,https://stahlock.com/index.php?id=2051,Lc33 5572,Latch Bolt,Copper,new,,Latch Bolt: Copper
lc33-5572-lock-case,Lc33-5572,3,2051,https://stahlock.com/index.php?id=2051,Lc33 5572,Spindle Hole,Copper Construction,new,,Spindle Hole: Copper Construction
lc33-5572-lock-case,Lc33-5572,3,2051,https://stahlock.com/index.php?id=2051,Lc33 5572,Strike Plate Material,Stainless Steel,new,,Strike Plate Material: Stainless Steel
lc33-5572-lock-case,Lc33-5572,3,2051,https://stahlock.com/index.php?id=2051,Lc33 5572,Center distance,72mm,new,,Center distance: 72mm
lc33-5572-lock-case,Lc33-5572,3,2051,https://stahlock.com/index.php?id=2051,Lc33 5572,Backset,55mm,new,,Backset: 55mm
lc33-5572-lock-case,Lc33-5572,3,2051,https://stahlock.com/index.php?id=2051,Lc33 5572,Finish,"PB/AB/AC/SS/SN, all available",new,,"Finish: PB/AB/AC/SS/SN, all available"
lc5845-lock-case,LC5845,4,2415,https://stahlock.com/index.php?id=2415,LC5845,Latch Material,Zinc Alloy + Plastic / Brass,new,,Latch Material: Zinc Alloy + Plastic / Brass
lc5845-lock-case,LC5845,4,2415,https://stahlock.com/index.php?id=2415,LC5845,Deadbolt Material,Iron,new,,Deadbolt Material: Iron
lc5845-lock-case,LC5845,4,2415,https://stahlock.com/index.php?id=2415,LC5845,Center Distance,58mm,new,,Center Distance: 58mm
lc6860-lock-case,Lc6860,1,2054,https://stahlock.com/index.php?id=2054,Lc6860,Center distance,68mm,new,,Center distance: 68mm
lc6860-lock-case,Lc6860,1,2054,https://stahlock.com/index.php?id=2054,Lc6860,Finish,"PB/AB/AC/SS/SN, all available",new,,"Finish: PB/AB/AC/SS/SN, all available"
lc7065-lock-case,Lc7065,1,2029,https://stahlock.com/index.php?id=2029,Lc7065,Lock Body Material,Iron,new,,Lock Body Material: Iron
lc7065-lock-case,Lc7065,1,2029,https://stahlock.com/index.php?id=2029,Lc7065,Latch Bolt,Copper,new,,Latch Bolt: Copper
lc7065-lock-case,Lc7065,1,2029,https://stahlock.com/index.php?id=2029,Lc7065,Spindle Hole,Copper Construction,new,,Spindle Hole: Copper Construction
lc7065-lock-case,Lc7065,1,2029,https://stahlock.com/index.php?id=2029,Lc7065,Strike Plate Material,Stainless Steel,new,,Strike Plate Material: Stainless Steel
lc7065-lock-case,Lc7065,1,2029,https://stahlock.com/index.php?id=2029,Lc7065,Center distance,65mm,new,,Center distance: 65mm
lc7065-lock-case,Lc7065,1,2029,https://stahlock.com/index.php?id=2029,Lc7065,Finish,"PB/AB/AC/SS/SN, all available",new,,"Finish: PB/AB/AC/SS/SN, all available"
lc7065ps-lock-case,Lc7065PS,4,2030,https://stahlock.com/index.php?id=2030,Lc7065PS,Lock Body Material,Iron,new,,Lock Body Material: Iron
lc7065ps-lock-case,Lc7065PS,4,2030,https://stahlock.com/index.php?id=2030,Lc7065PS,Latch Bolt,Copper,new,,Latch Bolt: Copper
lc7065ps-lock-case,Lc7065PS,4,2030,https://stahlock.com/index.php?id=2030,Lc7065PS,Spindle Hole,Copper Construction,new,,Spindle Hole: Copper Construction
lc7065ps-lock-case,Lc7065PS,4,2030,https://stahlock.com/index.php?id=2030,Lc7065PS,Strike Plate Material,Stainless Steel,new,,Strike Plate Material: Stainless Steel
lc7065ps-lock-case,Lc7065PS,4,2030,https://stahlock.com/index.php?id=2030,Lc7065PS,Center distance,65mm,new,,Center distance: 65mm
lc7065ps-lock-case,Lc7065PS,4,2030,https://stahlock.com/index.php?id=2030,Lc7065PS,Finish,"PB/AB/AC/SS/SN, all available",new,,"Finish: PB/AB/AC/SS/SN, all available"
lc7065s-lock-case,Lc7065S,1,2031,https://stahlock.com/index.php?id=2031,Lc7065S,Lock Body Material,Iron,new,,Lock Body Material: Iron
lc7065s-lock-case,Lc7065S,1,2031,https://stahlock.com/index.php?id=2031,Lc7065S,Latch Bolt,Copper,new,,Latch Bolt: Copper
lc7065s-lock-case,Lc7065S,1,2031,https://stahlock.com/index.php?id=2031,Lc7065S,Spindle Hole,Copper Construction,new,,Spindle Hole: Copper Construction
lc7065s-lock-case,Lc7065S,1,2031,https://stahlock.com/index.php?id=2031,Lc7065S,Strike Plate Material,Stainless Steel,new,,Strike Plate Material: Stainless Steel
lc7065s-lock-case,Lc7065S,1,2031,https://stahlock.com/index.php?id=2031,Lc7065S,Center distance,65mm,new,,Center distance: 65mm
lc7065s-lock-case,Lc7065S,1,2031,https://stahlock.com/index.php?id=2031,Lc7065S,Finish,"PB/AB/AC/SS/SN, all available",new,,"Finish: PB/AB/AC/SS/SN, all available"
lc8520b-lock-case,Lc8520B,4,2057,https://stahlock.com/index.php?id=2057,Lc8520 B,Lock Body Material,Iron,new,,Lock Body Material: Iron
lc8520b-lock-case,Lc8520B,4,2057,https://stahlock.com/index.php?id=2057,Lc8520 B,Latch Bolt,Copper,new,,Latch Bolt: Copper
lc8520b-lock-case,Lc8520B,4,2057,https://stahlock.com/index.php?id=2057,Lc8520 B,Spindle Hole,Copper Construction,new,,Spindle Hole: Copper Construction
lc8520b-lock-case,Lc8520B,4,2057,https://stahlock.com/index.php?id=2057,Lc8520 B,Strike Plate Material,Stainless Steel,new,,Strike Plate Material: Stainless Steel
lc8520b-lock-case,Lc8520B,4,2057,https://stahlock.com/index.php?id=2057,Lc8520 B,Center distance,85mm,new,,Center distance: 85mm
lc8520b-lock-case,Lc8520B,4,2057,https://stahlock.com/index.php?id=2057,Lc8520 B,Finish,"PB/AB/AC/SS/SN, all available",new,,"Finish: PB/AB/AC/SS/SN, all available"
lc8520ps-lock-case,Lc8520PS,5,2056,https://stahlock.com/index.php?id=2056,Lc8520 PS,Lock Body Material,Iron,new,,Lock Body Material: Iron
lc8520ps-lock-case,Lc8520PS,5,2056,https://stahlock.com/index.php?id=2056,Lc8520 PS,Latch Bolt,Copper,new,,Latch Bolt: Copper
lc8520ps-lock-case,Lc8520PS,5,2056,https://stahlock.com/index.php?id=2056,Lc8520 PS,Spindle Hole,Copper Construction,new,,Spindle Hole: Copper Construction
lc8520ps-lock-case,Lc8520PS,5,2056,https://stahlock.com/index.php?id=2056,Lc8520 PS,Strike Plate Material,Stainless Steel,new,,Strike Plate Material: Stainless Steel
lc8520ps-lock-case,Lc8520PS,5,2056,https://stahlock.com/index.php?id=2056,Lc8520 PS,Center distance,85mm,new,,Center distance: 85mm
lc8520ps-lock-case,Lc8520PS,5,2056,https://stahlock.com/index.php?id=2056,Lc8520 PS,Finish,"PB/AB/AC/SS/SN, all available",new,,"Finish: PB/AB/AC/SS/SN, all available"
lc8525-lock-case,Lc8525,2,2058,https://stahlock.com/index.php?id=2058,Lc8525,Lock Body Material,Iron,new,,Lock Body Material: Iron
lc8525-lock-case,Lc8525,2,2058,https://stahlock.com/index.php?id=2058,Lc8525,Latch Bolt,Copper,new,,Latch Bolt: Copper
lc8525-lock-case,Lc8525,2,2058,https://stahlock.com/index.php?id=2058,Lc8525,Spindle Hole,Copper Construction,new,,Spindle Hole: Copper Construction
lc8525-lock-case,Lc8525,2,2058,https://stahlock.com/index.php?id=2058,Lc8525,Strike Plate Material,Stainless Steel,new,,Strike Plate Material: Stainless Steel
lc8525-lock-case,Lc8525,2,2058,https://stahlock.com/index.php?id=2058,Lc8525,Center distance,85mm,new,,Center distance: 85mm
lc8525-lock-case,Lc8525,2,2058,https://stahlock.com/index.php?id=2058,Lc8525,Finish,"PB/AB/AC/SS/SN, all available",new,,"Finish: PB/AB/AC/SS/SN, all available"
lc8525b-lock-case,Lc8525B,2,2060,https://stahlock.com/index.php?id=2060,Lc8525 B,Lock Body Material,Iron,new,,Lock Body Material: Iron
lc8525b-lock-case,Lc8525B,2,2060,https://stahlock.com/index.php?id=2060,Lc8525 B,Latch Bolt,Copper,new,,Latch Bolt: Copper
lc8525b-lock-case,Lc8525B,2,2060,https://stahlock.com/index.php?id=2060,Lc8525 B,Spindle Hole,Copper Construction,new,,Spindle Hole: Copper Construction
lc8525b-lock-case,Lc8525B,2,2060,https://stahlock.com/index.php?id=2060,Lc8525 B,Strike Plate Material,Stainless Steel,new,,Strike Plate Material: Stainless Steel
lc8525b-lock-case,Lc8525B,2,2060,https://stahlock.com/index.php?id=2060,Lc8525 B,Center distance,85mm,new,,Center distance: 85mm
lc8525b-lock-case,Lc8525B,2,2060,https://stahlock.com/index.php?id=2060,Lc8525 B,Finish,"PB/AB/AC/SS/SN, all available",new,,"Finish: PB/AB/AC/SS/SN, all available"
lc8530bk-lock-case,Lc8530BK,3,2062,https://stahlock.com/index.php?id=2062,Lc8530 BK,Lock Body Material,Iron,new,,Lock Body Material: Iron
lc8530bk-lock-case,Lc8530BK,3,2062,https://stahlock.com/index.php?id=2062,Lc8530 BK,Latch Bolt,Copper,new,,Latch Bolt: Copper
lc8530bk-lock-case,Lc8530BK,3,2062,https://stahlock.com/index.php?id=2062,Lc8530 BK,Spindle Hole,Copper Construction,new,,Spindle Hole: Copper Construction
lc8530bk-lock-case,Lc8530BK,3,2062,https://stahlock.com/index.php?id=2062,Lc8530 BK,Strike Plate Material,Stainless Steel,new,,Strike Plate Material: Stainless Steel
lc8530bk-lock-case,Lc8530BK,3,2062,https://stahlock.com/index.php?id=2062,Lc8530 BK,Center distance,85mm,new,,Center distance: 85mm
lc8530bk-lock-case,Lc8530BK,3,2062,https://stahlock.com/index.php?id=2062,Lc8530 BK,Finish,"PB/AB/AC/SS/SN, all available",new,,"Finish: PB/AB/AC/SS/SN, all available"
lc8530ps-lock-case,Lc8530PS,3,2063,https://stahlock.com/index.php?id=2063,Lc8530 PS,Lock Body Material,Iron,new,,Lock Body Material: Iron
lc8530ps-lock-case,Lc8530PS,3,2063,https://stahlock.com/index.php?id=2063,Lc8530 PS,Latch Bolt,Copper,new,,Latch Bolt: Copper
lc8530ps-lock-case,Lc8530PS,3,2063,https://stahlock.com/index.php?id=2063,Lc8530 PS,Spindle Hole,Copper Construction,new,,Spindle Hole: Copper Construction
lc8530ps-lock-case,Lc8530PS,3,2063,https://stahlock.com/index.php?id=2063,Lc8530 PS,Strike Plate Material,Stainless Steel,new,,Strike Plate Material: Stainless Steel
lc8530ps-lock-case,Lc8530PS,3,2063,https://stahlock.com/index.php?id=2063,Lc8530 PS,Center distance,85mm,new,,Center distance: 85mm
lc8530ps-lock-case,Lc8530PS,3,2063,https://stahlock.com/index.php?id=2063,Lc8530 PS,Finish,"PB/AB/AC/SS/SN, all available",new,,"Finish: PB/AB/AC/SS/SN, all available"
lc8535b-lock-case,Lc8535B,4,2065,https://stahlock.com/index.php?id=2065,Lc8535 B,Lock Body Material,Iron,new,,Lock Body Material: Iron
lc8535b-lock-case,Lc8535B,4,2065,https://stahlock.com/index.php?id=2065,Lc8535 B,Latch Bolt,Copper,new,,Latch Bolt: Copper
lc8535b-lock-case,Lc8535B,4,2065,https://stahlock.com/index.php?id=2065,Lc8535 B,Spindle Hole,Copper Construction,new,,Spindle Hole: Copper Construction
lc8535b-lock-case,Lc8535B,4,2065,https://stahlock.com/index.php?id=2065,Lc8535 B,Strike Plate Material,Stainless Steel,new,,Strike Plate Material: Stainless Steel
lc8535b-lock-case,Lc8535B,4,2065,https://stahlock.com/index.php?id=2065,Lc8535 B,Center distance,85mm,new,,Center distance: 85mm
lc8535b-lock-case,Lc8535B,4,2065,https://stahlock.com/index.php?id=2065,Lc8535 B,Finish,"PB/AB/AC/SS/SN, all available",new,,"Finish: PB/AB/AC/SS/SN, all available"
lc9045-lock-case,Lc9045,0,2032,https://stahlock.com/index.php?id=2032,Lc9045,Lock Body Material,Iron,new,,Lock Body Material: Iron
lc9045-lock-case,Lc9045,0,2032,https://stahlock.com/index.php?id=2032,Lc9045,Latch Bolt,Copper,new,,Latch Bolt: Copper
lc9045-lock-case,Lc9045,0,2032,https://stahlock.com/index.php?id=2032,Lc9045,Spindle Hole,Copper Construction,new,,Spindle Hole: Copper Construction
lc9045-lock-case,Lc9045,0,2032,https://stahlock.com/index.php?id=2032,Lc9045,Strike Plate Material,Stainless Steel,new,,Strike Plate Material: Stainless Steel
lc9045-lock-case,Lc9045,0,2032,https://stahlock.com/index.php?id=2032,Lc9045,Center distance,45mm,new,,Center distance: 45mm
lc9045-lock-case,Lc9045,0,2032,https://stahlock.com/index.php?id=2032,Lc9045,Backset,90mm,new,,Backset: 90mm
lc9045-lock-case,Lc9045,0,2032,https://stahlock.com/index.php?id=2032,Lc9045,Finish,"PB/AB/AC/SS/SN, all available",new,,"Finish: PB/AB/AC/SS/SN, all available"
lc9230-lock-case,Lc9230,0,2033,https://stahlock.com/index.php?id=2033,Lc9230,Lock Body Material,Iron,new,,Lock Body Material: Iron
lc9230-lock-case,Lc9230,0,2033,https://stahlock.com/index.php?id=2033,Lc9230,Latch Bolt,Copper,new,,Latch Bolt: Copper
lc9230-lock-case,Lc9230,0,2033,https://stahlock.com/index.php?id=2033,Lc9230,Spindle Hole,Copper Construction,new,,Spindle Hole: Copper Construction
lc9230-lock-case,Lc9230,0,2033,https://stahlock.com/index.php?id=2033,Lc9230,Strike Plate Material,Stainless Steel,new,,Strike Plate Material: Stainless Steel
lc9230-lock-case,Lc9230,0,2033,https://stahlock.com/index.php?id=2033,Lc9230,Center distance,92mm,new,,Center distance: 92mm
lc9230-lock-case,Lc9230,0,2033,https://stahlock.com/index.php?id=2033,Lc9230,Backset,30mm,new,,Backset: 30mm
lc9230-lock-case,Lc9230,0,2033,https://stahlock.com/index.php?id=2033,Lc9230,Finish,"PB/AB/AC/SS/SN, all available",new,,"Finish: PB/AB/AC/SS/SN, all available"
lh1016-stainless-steel-handle,LH1016,2,2089,https://stahlock.com/index.php?id=2089,LH1016,Door Thickness,35–50mm,new,,• Door Thickness: 35–50mm
lh1016-stainless-steel-handle,LH1016,2,2089,https://stahlock.com/index.php?id=2089,LH1016,Cylinder,Brass,new,,• Cylinder: Brass
lh1033-ss-stainless-steel-handle,LH1033 SS,2,2091,https://stahlock.com/index.php?id=2091,LH1033 SS,Door Thickness,35–50mm,new,,• Door Thickness: 35–50mm
lh1033-ss-stainless-steel-handle,LH1033 SS,2,2091,https://stahlock.com/index.php?id=2091,LH1033 SS,Cylinder,Brass,new,,• Cylinder: Brass
lh1056-ss-stainless-steel-handle,LH1056 SS,2,2090,https://stahlock.com/index.php?id=2090,LH1056 SS,Door Thickness,35–50mm,new,,• Door Thickness: 35–50mm
lh1056-ss-stainless-steel-handle,LH1056 SS,2,2090,https://stahlock.com/index.php?id=2090,LH1056 SS,Cylinder,Brass,new,,• Cylinder: Brass
lh852-bnbk-lever-handle,LH852 BNBK,10,1975,https://stahlock.com/index.php?id=1975,LH852 BNBK,Finish,BN (Black Nickel),conflict,Black nickel,Finish: BN (Black Nickel)
lh852-bnbk-lever-handle,LH852 BNBK,10,1975,https://stahlock.com/index.php?id=1975,LH852 BNBK,Cylinder,Brass cylinder,new,,Cylinder: Brass cylinder
lh852-bnbk-lever-handle,LH852 BNBK,10,1975,https://stahlock.com/index.php?id=1975,LH852 BNBK,Latch,Adjustable 60–70mm,new,,Latch: Adjustable 60–70mm
lh852-bnbk-lever-handle,LH852 BNBK,10,1975,https://stahlock.com/index.php?id=1975,LH852 BNBK,Backset,60mm / 70mm,conflict,60/70mm,Backset: 60mm / 70mm
lh852-bnbk-lever-handle,LH852 BNBK,10,1975,https://stahlock.com/index.php?id=1975,LH852 BNBK,Door Thickness,35–50mm,conflict,35mm to 45mm adjustable,Door Thickness: 35–50mm
lh852-bnbk-lever-handle,LH852 BNBK,10,1975,https://stahlock.com/index.php?id=1975,LH852 BNBK,Handling,Fully reversible for left or right-hand doors,new,,Handling: Fully reversible for left or right-hand doors
lh852-bnbk-lever-handle,LH852 BNBK,10,1975,https://stahlock.com/index.php?id=1975,LH852 BNBK,Quality Standard,ANSI Grade 3,new,,Quality Standard: ANSI Grade 3
lh852-bnbk-lever-handle,LH852 BNBK,10,1975,https://stahlock.com/index.php?id=1975,LH852 BNBK,Application,For Privacy doors,new,,Application: For Privacy doors
lh852-bnps-lever-handle,LH852 BNPS,10,1977,https://stahlock.com/index.php?id=1977,LH852 BNPS,Finish,BN (Black Nickel),conflict,Black nickel,Finish: BN (Black Nickel)
lh852-bnps-lever-handle,LH852 BNPS,10,1977,https://stahlock.com/index.php?id=1977,LH852 BNPS,Cylinder,Brass cylinder,new,,Cylinder: Brass cylinder
lh852-bnps-lever-handle,LH852 BNPS,10,1977,https://stahlock.com/index.php?id=1977,LH852 BNPS,Latch,Adjustable 60–70mm,new,,Latch: Adjustable 60–70mm
lh852-bnps-lever-handle,LH852 BNPS,10,1977,https://stahlock.com/index.php?id=1977,LH852 BNPS,Backset,60mm / 70mm,conflict,60/70mm,Backset: 60mm / 70mm
lh852-bnps-lever-handle,LH852 BNPS,10,1977,https://stahlock.com/index.php?id=1977,LH852 BNPS,Door Thickness,35–50mm,conflict,35mm to 45mm adjustable,Door Thickness: 35–50mm
lh852-bnps-lever-handle,LH852 BNPS,10,1977,https://stahlock.com/index.php?id=1977,LH852 BNPS,Handling,Fully reversible for left or right-hand doors,new,,Handling: Fully reversible for left or right-hand doors
lh852-bnps-lever-handle,LH852 BNPS,10,1977,https://stahlock.com/index.php?id=1977,LH852 BNPS,Quality Standard,ANSI Grade 3,new,,Quality Standard: ANSI Grade 3
lh852-bnps-lever-handle,LH852 BNPS,10,1977,https://stahlock.com/index.php?id=1977,LH852 BNPS,Application,For Passage doors,new,,Application: For Passage doors
lh853-snet-lever-handle,LH853 SNET,10,1980,https://stahlock.com/index.php?id=1980,LH853 SNET,Door Thickness,35–50mm,conflict,35mm to 45mm adjustable,Door Thickness: 35–50mm
lh853-snet-lever-handle,LH853 SNET,10,1980,https://stahlock.com/index.php?id=1980,LH853 SNET,Application,For entrance doors,new,,Application: For entrance doors
lh855-snbk-lever-handle,LH855 SNBK,10,1985,https://stahlock.com/index.php?id=1985,LH855 SNBK,Door Thickness,35–45mm,conflict,35mm to 45mm adjustable,Door Thickness: 35–45mm
lh855-snbk-lever-handle,LH855 SNBK,10,1985,https://stahlock.com/index.php?id=1985,LH855 SNBK,Backset,60mm / 70mm,conflict,60/70mm,Backset: 60mm / 70mm
lh855-snbk-lever-handle,LH855 SNBK,10,1985,https://stahlock.com/index.php?id=1985,LH855 SNBK,Application,For privacy doors,new,,Application: For privacy doors
lh855-snet-lever-handle,LH855 SNET,10,1984,https://stahlock.com/index.php?id=1984,LH855 SNET,Door Thickness,35–45mm,conflict,35mm to 45mm adjustable,Door Thickness: 35–45mm
lh855-snet-lever-handle,LH855 SNET,10,1984,https://stahlock.com/index.php?id=1984,LH855 SNET,Backset,60mm / 70mm,conflict,60/70mm,Backset: 60mm / 70mm
nc013-stainless-steel-handle,NC013,1,2093,https://stahlock.com/index.php?id=2093,NC013,Door Thickness,35–50mm,new,,• Door Thickness: 35–50mm
nc013-stainless-steel-handle,NC013,1,2093,https://stahlock.com/index.php?id=2093,NC013,Cylinder,Brass,new,,• Cylinder: Brass
nc046-stainless-steel-handle,NC046,1,2094,https://stahlock.com/index.php?id=2094,NC046,Door Thickness,35–50mm,new,,• Door Thickness: 35–50mm
nc046-stainless-steel-handle,NC046,1,2094,https://stahlock.com/index.php?id=2094,NC046,Cylinder,Brass,new,,• Cylinder: Brass
nc053-stainless-steel-handle,NC053,1,2095,https://stahlock.com/index.php?id=2095,NC053,Door Thickness,35–50mm,new,,• Door Thickness: 35–50mm
nc053-stainless-steel-handle,NC053,1,2095,https://stahlock.com/index.php?id=2095,NC053,Cylinder,Brass,new,,• Cylinder: Brass
nc068-stainless-steel-handle,NC068,1,2096,https://stahlock.com/index.php?id=2096,NC068,Door Thickness,35–50mm,new,,• Door Thickness: 35–50mm
nc068-stainless-steel-handle,NC068,1,2096,https://stahlock.com/index.php?id=2096,NC068,Cylinder,Brass,new,,• Cylinder: Brass
nc181-stainless-steel-handle,NC181,1,2097,https://stahlock.com/index.php?id=2097,NC181,Door Thickness,35–50mm,new,,• Door Thickness: 35–50mm
nc181-stainless-steel-handle,NC181,1,2097,https://stahlock.com/index.php?id=2097,NC181,Cylinder,Brass,new,,• Cylinder: Brass
nc182-stainless-steel-handle,NC182,1,2098,https://stahlock.com/index.php?id=2098,NC182,Door Thickness,35–50mm,new,,• Door Thickness: 35–50mm
nc182-stainless-steel-handle,NC182,1,2098,https://stahlock.com/index.php?id=2098,NC182,Cylinder,Brass,new,,• Cylinder: Brass
ncb-stainless-steel-handle,NCB,1,2099,https://stahlock.com/index.php?id=2099,NCB,Door Thickness,35–50mm,new,,• Door Thickness: 35–50mm
ncb-stainless-steel-handle,NCB,1,2099,https://stahlock.com/index.php?id=2099,NCB,Cylinder,Brass,new,,• Cylinder: Brass
ncd-stainless-steel-handle,NCD,1,2100,https://stahlock.com/index.php?id=2100,NCD,Door Thickness,35–50mm,new,,• Door Thickness: 35–50mm
ncd-stainless-steel-handle,NCD,1,2100,https://stahlock.com/index.php?id=2100,NCD,Cylinder,Brass,new,,• Cylinder: Brass
s564-night-latch-and-rim-lock,S564,11,2107,https://stahlock.com/index.php?id=2107,S564,Material,Zinc alloy die-cast case,conflict,"case is made of zinc alloy die-casting,",• Material: Zinc alloy die-cast case
s564-night-latch-and-rim-lock,S564,11,2107,https://stahlock.com/index.php?id=2107,S564,Handing,Fully reversible; suitable for both left/right-hand and outward-opening doors,conflict,"Fully reversible, left or right hand",• Handing: Fully reversible; suitable for both left/right-hand and outward-opening doors
s564-night-latch-and-rim-lock,S564,11,2107,https://stahlock.com/index.php?id=2107,S564,Door Thickness,Standard 35–55mm; optional 30–60mm upon request,conflict,35mm to 55mm standard; 30mm to 60mm on request,• Door Thickness: Standard 35–55mm; optional 30–60mm upon request
s802-snet-lever-handle,S802 SNET,10,1993,https://stahlock.com/index.php?id=1993,S802 SNET,Door Thickness,35–45mm,conflict,35mm to 45mm adjustable,Door Thickness: 35–45mm
s802-snet-lever-handle,S802 SNET,10,1993,https://stahlock.com/index.php?id=1993,S802 SNET,Backset,60mm / 70mm,conflict,60/70mm,Backset: 60mm / 70mm
single-oval-cylinder-lock-cylinder,Single oval cylinder,3,2405,https://stahlock.com/index.php?id=2405,Single oval cylinder,Mechanism,6-pin,new,,Mechanism: 6-pin
single-oval-cylinder-lock-cylinder,Single oval cylinder,3,2405,https://stahlock.com/index.php?id=2405,Single oval cylinder,Keys Supplied,3 keys,new,,Keys Supplied: 3 keys
single-oval-cylinder-lock-cylinder,Single oval cylinder,3,2405,https://stahlock.com/index.php?id=2405,Single oval cylinder,Key Type,Normal key / Computer key optional,new,,Key Type: Normal key / Computer key optional
single-oval-cylinder-lock-cylinder,Single oval cylinder,3,2405,https://stahlock.com/index.php?id=2405,Single oval cylinder,Cylinder Type,External single cylinder,new,,Cylinder Type: External single cylinder
ssh012-brass-and-steel-hinges,SSH012,3,2172,https://stahlock.com/index.php?id=2172,SSH012,Size1,"4""x3""x2.0MM",new,,"Size1: 4""x3""x2.0MM"
ssh012-brass-and-steel-hinges,SSH012,3,2172,https://stahlock.com/index.php?id=2172,SSH012,Size2,"4""x4""x2.0MM",new,,"Size2: 4""x4""x2.0MM"
ssh012-brass-and-steel-hinges,SSH012,3,2172,https://stahlock.com/index.php?id=2172,SSH012,Size3,"3.5""x3.5""x2.5MM",new,,"Size3: 3.5""x3.5""x2.5MM"
ssh012-brass-and-steel-hinges,SSH012,3,2172,https://stahlock.com/index.php?id=2172,SSH012,Size4,"4""x3""x2.5MM",new,,"Size4: 4""x3""x2.5MM"
ssh012-brass-and-steel-hinges,SSH012,3,2172,https://stahlock.com/index.php?id=2172,SSH012,Size5,"5""x3""x2.5MM",new,,"Size5: 5""x3""x2.5MM"
ssh013-brass-and-steel-hinges,SSH013,3,2173,https://stahlock.com/index.php?id=2173,SSH013,Size1,"4""x3""x2.0MM",new,,"Size1: 4""x3""x2.0MM"
ssh013-brass-and-steel-hinges,SSH013,3,2173,https://stahlock.com/index.php?id=2173,SSH013,Size2,"4""x4""x2.0MM",new,,"Size2: 4""x4""x2.0MM"
ssh013-brass-and-steel-hinges,SSH013,3,2173,https://stahlock.com/index.php?id=2173,SSH013,Size3,"3.5""x3.5""x2.5MM",new,,"Size3: 3.5""x3.5""x2.5MM"
ssh013-brass-and-steel-hinges,SSH013,3,2173,https://stahlock.com/index.php?id=2173,SSH013,Size4,"4""x3""x2.5MM",new,,"Size4: 4""x3""x2.5MM"
ssh013-brass-and-steel-hinges,SSH013,3,2173,https://stahlock.com/index.php?id=2173,SSH013,Size5,"5""x3""x2.5MM",new,,"Size5: 5""x3""x2.5MM"
ssh016-brass-and-steel-hinges,SSH016,3,2397,https://stahlock.com/index.php?id=2397,SSH016,Opening Angle,90-180°,new,,Opening Angle: 90-180°
ssh016-brass-and-steel-hinges,SSH016,3,2397,https://stahlock.com/index.php?id=2397,SSH016,Size1,"2""x2""x2MM",new,,"Size1: 2""x2""x2MM"
ssh016-brass-and-steel-hinges,SSH016,3,2397,https://stahlock.com/index.php?id=2397,SSH016,Size2,"2.5""x2.5""x2MM",new,,"Size2: 2.5""x2.5""x2MM"
ssh016-brass-and-steel-hinges,SSH016,3,2397,https://stahlock.com/index.php?id=2397,SSH016,Size3,"3""x3""x2MM",new,,"Size3: 3""x3""x2MM"
ssh016-brass-and-steel-hinges,SSH016,3,2397,https://stahlock.com/index.php?id=2397,SSH016,Size4,"3.5""x3.5""x2.5MM",new,,"Size4: 3.5""x3.5""x2.5MM"
ssh016-brass-and-steel-hinges,SSH016,3,2397,https://stahlock.com/index.php?id=2397,SSH016,Size5,"4""x3""x2.5MM",new,,"Size5: 4""x3""x2.5MM"
ssh016-brass-and-steel-hinges,SSH016,3,2397,https://stahlock.com/index.php?id=2397,SSH016,Size6,"4""x3""x2MM",new,,"Size6: 4""x3""x2MM"
ssh016-brass-and-steel-hinges,SSH016,3,2397,https://stahlock.com/index.php?id=2397,SSH016,Size7,"4""x4""x2.5MM",new,,"Size7: 4""x4""x2.5MM"
ssh017-brass-and-steel-hinges,SSH017,3,2176,https://stahlock.com/index.php?id=2176,SSH017,Type,Stainless Steel Flag Hinge,new,,Type: Stainless Steel Flag Hinge
ssh017-brass-and-steel-hinges,SSH017,3,2176,https://stahlock.com/index.php?id=2176,SSH017,Finish,"AB, AC, PB, SB, SS, SP, SC (other finishes available)",conflict,AB/AC/PB/SB/SS/SP/SC,"Finish: AB, AC, PB, SB, SS, SP, SC (other finishes available)"
ssh017-brass-and-steel-hinges,SSH017,3,2176,https://stahlock.com/index.php?id=2176,SSH017,Opening Angle,90°–180°,new,,Opening Angle: 90°–180°
ssh017-brass-and-steel-hinges,SSH017,3,2176,https://stahlock.com/index.php?id=2176,SSH017,Size,4” × 3” × 2.5 mm,conflict,"4""x3""x2.5MM",Size: 4” × 3” × 2.5 mm
ssh018-brass-and-steel-hinges,SSH018,4,2177,https://stahlock.com/index.php?id=2177,SSH018,Type,No Ball Bearing / 2BB Plain Bearing (available options),new,,Type: No Ball Bearing / 2BB Plain Bearing (available options)
ssh018-brass-and-steel-hinges,SSH018,4,2177,https://stahlock.com/index.php?id=2177,SSH018,Finish,"PB, SB, AB, AC, CP",conflict,PB/SB/AB/AC/CP,"Finish: PB, SB, AB, AC, CP"
ssh018-brass-and-steel-hinges,SSH018,4,2177,https://stahlock.com/index.php?id=2177,SSH018,Thickness,2.0–3.5 mm,conflict,2.0-3.5MM,Thickness: 2.0–3.5 mm
ssh018-brass-and-steel-hinges,SSH018,4,2177,https://stahlock.com/index.php?id=2177,SSH018,Size,102 × 72.5 × 2.5 mm,conflict,102x72.5x2.5MM,Size: 102 × 72.5 × 2.5 mm
ssh019-brass-and-steel-hinges,SSH019,4,2178,https://stahlock.com/index.php?id=2178,SSH019,Type,Plain Bearing / No Ball Bearing / 2BB (optional),new,,Type: Plain Bearing / No Ball Bearing / 2BB (optional)
ssh019-brass-and-steel-hinges,SSH019,4,2178,https://stahlock.com/index.php?id=2178,SSH019,Finish Options,"PB, SB, AB, AC, CP",new,,"Finish Options: PB, SB, AB, AC, CP"
ssh019-brass-and-steel-hinges,SSH019,4,2178,https://stahlock.com/index.php?id=2178,SSH019,Thickness,2.0–3.5 mm,conflict,2.0-3.5MM,Thickness: 2.0–3.5 mm
ssh019-brass-and-steel-hinges,SSH019,4,2178,https://stahlock.com/index.php?id=2178,SSH019,Size,102 × 72.5 × 2.5 mm,conflict,102x72.5x2.5MM,Size: 102 × 72.5 × 2.5 mm
ssh020-brass-and-steel-hinges,SSH020,2,2179,https://stahlock.com/index.php?id=2179,SSH020,Opening Angle,90-180°,new,,Opening Angle: 90-180°
ssh022-brass-and-steel-hinges,SSH022,3,2181,https://stahlock.com/index.php?id=2181,SSH022,Opening Angle,90-180°,new,,Opening Angle: 90-180°
ssh023-brass-and-steel-hinges,SSH023,7,2182,https://stahlock.com/index.php?id=2182,SSH023,Product Name,Stainless Steel Spring Hinge,new,,Product Name: Stainless Steel Spring Hinge
ssh023-brass-and-steel-hinges,SSH023,7,2182,https://stahlock.com/index.php?id=2182,SSH023,Opening Angle,180°,new,,Opening Angle: 180°
ssh031-brass-and-steel-hinges,SSH031,6,2417,https://stahlock.com/index.php?id=2417,SSH031,Opening Angle,180° (90° each direction),new,,Opening Angle: 180° (90° each direction)
ssh031-brass-and-steel-hinges,SSH031,6,2417,https://stahlock.com/index.php?id=2417,SSH031,Spring,Adjustable Tension,new,,Spring: Adjustable Tension
ssh031-brass-and-steel-hinges,SSH031,6,2417,https://stahlock.com/index.php?id=2417,SSH031,Handing,Non-Handed (Reversible),new,,Handing: Non-Handed (Reversible)
ssh031-brass-and-steel-hinges,SSH031,6,2417,https://stahlock.com/index.php?id=2417,SSH031,OEM,Available,new,,OEM: Available
xf-1-lock-cylinder,XF-1,4,2418,https://stahlock.com/index.php?id=2418,XF-1,Finish & Color,"PVD / Satin / Polished / Antique (Gold, Chrome, Black, Bronze)",new,,"Finish & Color: PVD / Satin / Polished / Antique (Gold, Chrome, Black, Bronze)"
