"Project name","hyde"
"Date range","09/21/2026 00:00 - 09/30/2026 23:59"


"Metric","Inactive pages"
"","https://cantonlock.com/"
"","https://cantonlock.com/products/"
"","https://cantonlock.com/product-studies/"
"","https://cantonlock.com/products/argentina-ar4/"
"","https://cantonlock.com/product-finder/"
"","https://cantonlock.com/configurator/"
"","https://cantonlock.com/projects/"
"","https://cantonlock.com/company/"
"","https://cantonlock.com/company/johnson-liu/"
"","https://cantonlock.com/certifications/"
"","https://cantonlock.com/finishes/"
"","https://cantonlock.com/model-lookup/"
"","https://cantonlock.com/euro-cylinder-calculator/"
"","https://cantonlock.com/glossary/"
"","https://cantonlock.com/documents/"
"","https://cantonlock.com/guides/"
"","https://cantonlock.com/news/"
"","https://cantonlock.com/downloads/"
"","https://cantonlock.com/services/"
"","https://cantonlock.com/events/"
"","https://cantonlock.com/bau-2027/"
"","https://cantonlock.com/privacy/"
"","https://cantonlock.com/faq/"
"","https://cantonlock.com/request/price-list/"
"","https://cantonlock.com/contact/"
"","https://cantonlock.com/newsletter/"
"","https://cantonlock.com/products/panic-exit-devices/"
"","https://cantonlock.com/products/night-latches-rim-locks/"
"","https://cantonlock.com/products/stainless-steel-handles/"
"","https://cantonlock.com/products/lever-handles/"
"","https://cantonlock.com/products/knob-locks/"
"","https://cantonlock.com/products/bathroom-accessories/"
"","https://cantonlock.com/products/care-grab-bars/"
"","https://cantonlock.com/products/brass-steel-hinges/"
"","https://cantonlock.com/products/deadbolts/"
"","https://cantonlock.com/products/door-closers/"
"","https://cantonlock.com/products/grip-handle-sets/"
"","https://cantonlock.com/products/glass-door-accessories/"
"","https://cantonlock.com/products/hardware-accessories/"
"","https://cantonlock.com/products/lock-cases/"
"","https://cantonlock.com/products/lock-cylinders/"
"","https://cantonlock.com/products/sliding-hook-locks/"
"","https://cantonlock.com/products/floor-springs-and-pivots/"
"","https://cantonlock.com/collections/panic-exit-devices-fire-door/"
"","https://cantonlock.com/collections/panic-exit-devices-alarmed/"
"","https://cantonlock.com/collections/panic-exit-devices-multi-point/"
"","https://cantonlock.com/collections/panic-exit-devices-exterior-trim/"
"","https://cantonlock.com/collections/panic-exit-devices-special-applications/"
"","https://cantonlock.com/collections/knob-locks-commercial-locks/"
"","https://cantonlock.com/collections/knob-locks-heavy-duty-cylindrical-locks/"
"","https://cantonlock.com/collections/knob-locks-light-duty-cylindrical-locks/"
"","https://cantonlock.com/collections/knob-locks-tubular-locks/"
"","https://cantonlock.com/collections/care-grab-bars-flip-up-grab-bars/"
"","https://cantonlock.com/collections/care-grab-bars-fixed-grab-bars/"
"","https://cantonlock.com/collections/glass-door-accessories-glass-door-patch-fittings/"
"","https://cantonlock.com/collections/glass-door-accessories-glass-door-handles/"
"","https://cantonlock.com/collections/hardware-accessories-armoured-lock-covers/"
"","https://cantonlock.com/collections/hardware-accessories-door-viewers/"
"","https://cantonlock.com/collections/hardware-accessories-door-stoppers/"
"","https://cantonlock.com/collections/hardware-accessories-power-transfer-devices/"
"","https://cantonlock.com/collections/hardware-accessories-door-flush-bolts/"
"","https://cantonlock.com/collections/hardware-accessories-house-numbers/"
"","https://cantonlock.com/collections/hardware-accessories-indicators/"
"","https://cantonlock.com/collections/hardware-accessories-latches/"
"","https://cantonlock.com/collections/hardware-accessories-security-door-guards/"
"","https://cantonlock.com/collections/floor-springs-and-pivots-floor-springs/"
"","https://cantonlock.com/collections/floor-springs-and-pivots-top-pivots/"
"","https://cantonlock.com/collections/floor-springs-and-pivots-pivot-top-patches/"
"","https://cantonlock.com/compare/panic-exit-devices/"
"","https://cantonlock.com/compare/night-latches-rim-locks/"
"","https://cantonlock.com/compare/stainless-steel-handles/"
"","https://cantonlock.com/compare/lever-handles/"
"","https://cantonlock.com/compare/knob-locks/"
"","https://cantonlock.com/compare/bathroom-accessories/"
"","https://cantonlock.com/compare/care-grab-bars/"
"","https://cantonlock.com/compare/brass-steel-hinges/"
"","https://cantonlock.com/compare/deadbolts/"
"","https://cantonlock.com/compare/door-closers/"
"","https://cantonlock.com/compare/grip-handle-sets/"
"","https://cantonlock.com/compare/glass-door-accessories/"
"","https://cantonlock.com/compare/hardware-accessories/"
"","https://cantonlock.com/compare/lock-cases/"
"","https://cantonlock.com/compare/lock-cylinders/"
"","https://cantonlock.com/compare/sliding-hook-locks/"
"","https://cantonlock.com/compare/floor-springs-and-pivots/"
"","https://cantonlock.com/products/panic-exit-devices/001-panic-exit-device-trim/"
"","https://cantonlock.com/images/products-hyde/001-panic-exit-device-trim.webp"
"","https://cantonlock.com/images/products-hyde/001-panic-exit-device-trim-2.webp"
"","https://cantonlock.com/images/products-hyde/001-panic-exit-device-trim-3.webp"
"","https://cantonlock.com/images/products-hyde/001-panic-exit-device-trim-4.webp"
"","https://cantonlock.com/images/products-hyde/001-panic-exit-device-trim-5.webp"
"","https://cantonlock.com/products/panic-exit-devices/015-panic-exit-device-trim/"
"","https://cantonlock.com/images/products-hyde/015-panic-exit-device-trim.webp"
"","https://cantonlock.com/images/products-hyde/015-panic-exit-device-trim-2.webp"
"","https://cantonlock.com/images/products-hyde/015-panic-exit-device-trim-3.webp"
"","https://cantonlock.com/images/products-hyde/015-panic-exit-device-trim-4.webp"
"","https://cantonlock.com/images/products-hyde/015-panic-exit-device-trim-5.webp"
"","https://cantonlock.com/images/products-hyde/015-panic-exit-device-trim-6.webp"
"","https://cantonlock.com/images/products-hyde/015-panic-exit-device-trim-7.webp"
"","https://cantonlock.com/images/products-hyde/015-panic-exit-device-trim-8.webp"
"","https://cantonlock.com/images/products-hyde/015-panic-exit-device-trim-video.webp"
"","https://cantonlock.com/products/panic-exit-devices/016-exterior-trim/"
"","https://cantonlock.com/images/products-hyde/016-exterior-trim.webp"
"","https://cantonlock.com/images/products-hyde/016-exterior-trim-2.webp"
"","https://cantonlock.com/images/products-hyde/016-exterior-trim-3.webp"
"","https://cantonlock.com/images/products-hyde/016-exterior-trim-4.webp"
"","https://cantonlock.com/images/products-hyde/016-exterior-trim-5.webp"
"","https://cantonlock.com/images/products-hyde/016-exterior-trim-6.webp"
"","https://cantonlock.com/images/products-hyde/016-exterior-trim-video.webp"
"","https://cantonlock.com/products/panic-exit-devices/023-et-panic-exit-device-trim/"
"","https://cantonlock.com/images/products-hyde/023-et-panic-exit-device-trim.webp"
"","https://cantonlock.com/images/products-hyde/023-et-panic-exit-device-trim-2.webp"
"","https://cantonlock.com/images/products-hyde/023-et-panic-exit-device-trim-3.webp"
"","https://cantonlock.com/images/products-hyde/023-et-panic-exit-device-trim-4.webp"
"","https://cantonlock.com/images/products-hyde/023-et-panic-exit-device-trim-5.webp"
"","https://cantonlock.com/images/products-hyde/023-et-panic-exit-device-trim-6.webp"
"","https://cantonlock.com/images/products-hyde/023-et-panic-exit-device-trim-7.webp"
"","https://cantonlock.com/images/products-hyde/023-et-panic-exit-device-trim-video.webp"
"","https://cantonlock.com/products/panic-exit-devices/023-etan-anti-pick-panic-exit-device/"
"","https://cantonlock.com/images/products-hyde/023-etan-anti-pick-panic-exit-device.webp"
"","https://cantonlock.com/images/products-hyde/023-etan-anti-pick-panic-exit-device-2.webp"
"","https://cantonlock.com/images/products-hyde/023-etan-anti-pick-panic-exit-device-3.webp"
"","https://cantonlock.com/images/products-hyde/023-etan-anti-pick-panic-exit-device-4.webp"
"","https://cantonlock.com/images/products-hyde/023-etan-anti-pick-panic-exit-device-5.webp"
"","https://cantonlock.com/images/products-hyde/023-etan-anti-pick-panic-exit-device-6.webp"
"","https://cantonlock.com/images/products-hyde/023-etan-anti-pick-panic-exit-device-video.webp"
"","https://cantonlock.com/products/panic-exit-devices/023-ps-panic-exit-device-trim/"
"","https://cantonlock.com/images/products-hyde/023-ps-panic-exit-device-trim.webp"
"","https://cantonlock.com/images/products-hyde/023-ps-panic-exit-device-trim-2.webp"
"","https://cantonlock.com/images/products-hyde/023-ps-panic-exit-device-trim-3.webp"
"","https://cantonlock.com/images/products-hyde/023-ps-panic-exit-device-trim-4.webp"
"","https://cantonlock.com/images/products-hyde/023-ps-panic-exit-device-trim-5.webp"
"","https://cantonlock.com/images/products-hyde/023-ps-panic-exit-device-trim-6.webp"
"","https://cantonlock.com/images/products-hyde/023-ps-panic-exit-device-trim-video.webp"
"","https://cantonlock.com/products/panic-exit-devices/026-panic-exit-device-trim/"
"","https://cantonlock.com/images/products-hyde/026-panic-exit-device-trim.webp"
"","https://cantonlock.com/images/products-hyde/026-panic-exit-device-trim-2.webp"
"","https://cantonlock.com/images/products-hyde/026-panic-exit-device-trim-3.webp"
"","https://cantonlock.com/images/products-hyde/026-panic-exit-device-trim-4.webp"
"","https://cantonlock.com/images/products-hyde/026-panic-exit-device-trim-5.webp"
"","https://cantonlock.com/images/products-hyde/026-panic-exit-device-trim-6.webp"
"","https://cantonlock.com/images/products-hyde/026-panic-exit-device-trim-7.webp"
"","https://cantonlock.com/images/products-hyde/026-panic-exit-device-trim-video.webp"
"","https://cantonlock.com/products/panic-exit-devices/027-panic-exit-device-trim/"
"","https://cantonlock.com/images/products-hyde/027-panic-exit-device-trim.webp"
"","https://cantonlock.com/images/products-hyde/027-panic-exit-device-trim-2.webp"
"","https://cantonlock.com/images/products-hyde/027-panic-exit-device-trim-3.webp"
"","https://cantonlock.com/images/products-hyde/027-panic-exit-device-trim-4.webp"
"","https://cantonlock.com/images/products-hyde/027-panic-exit-device-trim-5.webp"
"","https://cantonlock.com/images/products-hyde/027-panic-exit-device-trim-6.webp"
"","https://cantonlock.com/images/products-hyde/027-panic-exit-device-trim-7.webp"
"","https://cantonlock.com/images/products-hyde/027-panic-exit-device-trim-video.webp"
"","https://cantonlock.com/products/panic-exit-devices/028-panic-exit-device-trim/"
"","https://cantonlock.com/images/products-hyde/028-panic-exit-device-trim.webp"
"","https://cantonlock.com/images/products-hyde/028-panic-exit-device-trim-2.webp"
"","https://cantonlock.com/images/products-hyde/028-panic-exit-device-trim-3.webp"
"","https://cantonlock.com/images/products-hyde/028-panic-exit-device-trim-4.webp"
"","https://cantonlock.com/images/products-hyde/028-panic-exit-device-trim-5.webp"
"","https://cantonlock.com/images/products-hyde/028-panic-exit-device-trim-6.webp"
"","https://cantonlock.com/images/products-hyde/028-panic-exit-device-trim-video.webp"
"","https://cantonlock.com/products/panic-exit-devices/030-panic-exit-device-trim/"
"","https://cantonlock.com/images/products-hyde/030-panic-exit-device-trim.webp"
"","https://cantonlock.com/images/products-hyde/030-panic-exit-device-trim-2.webp"
"","https://cantonlock.com/images/products-hyde/030-panic-exit-device-trim-3.webp"
"","https://cantonlock.com/images/products-hyde/030-panic-exit-device-trim-4.webp"
"","https://cantonlock.com/images/products-hyde/030-panic-exit-device-trim-5.webp"
"","https://cantonlock.com/images/products-hyde/030-panic-exit-device-trim-6.webp"
"","https://cantonlock.com/images/products-hyde/030-panic-exit-device-trim-7.webp"
"","https://cantonlock.com/images/products-hyde/030-panic-exit-device-trim-8.webp"
"","https://cantonlock.com/images/products-hyde/030-panic-exit-device-trim-video.webp"
"","https://cantonlock.com/products/panic-exit-devices/033-panic-exit-device-trim/"
"","https://cantonlock.com/images/products-hyde/033-panic-exit-device-trim.webp"
"","https://cantonlock.com/images/products-hyde/033-panic-exit-device-trim-2.webp"
"","https://cantonlock.com/images/products-hyde/033-panic-exit-device-trim-3.webp"
"","https://cantonlock.com/images/products-hyde/033-panic-exit-device-trim-4.webp"
"","https://cantonlock.com/images/products-hyde/033-panic-exit-device-trim-5.webp"
"","https://cantonlock.com/images/products-hyde/033-panic-exit-device-trim-6.webp"
"","https://cantonlock.com/images/products-hyde/033-panic-exit-device-trim-video.webp"
"","https://cantonlock.com/products/panic-exit-devices/035-panic-exit-device-trim/"
"","https://cantonlock.com/images/products-hyde/035-panic-exit-device-trim.webp"
"","https://cantonlock.com/images/products-hyde/035-panic-exit-device-trim-2.webp"
"","https://cantonlock.com/images/products-hyde/035-panic-exit-device-trim-3.webp"
"","https://cantonlock.com/images/products-hyde/035-panic-exit-device-trim-4.webp"
"","https://cantonlock.com/images/products-hyde/035-panic-exit-device-trim-5.webp"
"","https://cantonlock.com/images/products-hyde/035-panic-exit-device-trim-video.webp"
"","https://cantonlock.com/products/panic-exit-devices/036-panic-exit-device/"
"","https://cantonlock.com/images/products-hyde/036-panic-exit-device.webp"
"","https://cantonlock.com/images/products-hyde/036-panic-exit-device-2.webp"
"","https://cantonlock.com/images/products-hyde/036-panic-exit-device-3.webp"
"","https://cantonlock.com/images/products-hyde/036-panic-exit-device-4.webp"
"","https://cantonlock.com/images/products-hyde/036-panic-exit-device-video.webp"
"","https://cantonlock.com/products/panic-exit-devices/037-panic-exit-device-trim/"
"","https://cantonlock.com/images/products-hyde/037-panic-exit-device-trim.webp"
"","https://cantonlock.com/images/products-hyde/037-panic-exit-device-trim-2.webp"
"","https://cantonlock.com/images/products-hyde/037-panic-exit-device-trim-3.webp"
"","https://cantonlock.com/images/products-hyde/037-panic-exit-device-trim-4.webp"
"","https://cantonlock.com/images/products-hyde/037-panic-exit-device-trim-5.webp"
"","https://cantonlock.com/images/products-hyde/037-panic-exit-device-trim-6.webp"
"","https://cantonlock.com/images/products-hyde/037-panic-exit-device-trim-video.webp"
"","https://cantonlock.com/products/panic-exit-devices/039-panic-exit-device-trim/"
"","https://cantonlock.com/images/products-hyde/039-panic-exit-device-trim.webp"
"","https://cantonlock.com/images/products-hyde/039-panic-exit-device-trim-2.webp"
"","https://cantonlock.com/images/products-hyde/039-panic-exit-device-trim-3.webp"
"","https://cantonlock.com/images/products-hyde/039-panic-exit-device-trim-4.webp"
"","https://cantonlock.com/images/products-hyde/039-panic-exit-device-trim-5.webp"
"","https://cantonlock.com/images/products-hyde/039-panic-exit-device-trim-6.webp"
"","https://cantonlock.com/images/products-hyde/039-panic-exit-device-trim-video.webp"
"","https://cantonlock.com/products/stainless-steel-handles/069-stainless-steel-handle/"
"","https://cantonlock.com/images/products-hyde/069-stainless-steel-handle.webp"
"","https://cantonlock.com/images/products-hyde/069-stainless-steel-handle-2.webp"
"","https://cantonlock.com/images/products-hyde/069-stainless-steel-handle-3.webp"
"","https://cantonlock.com/images/products-hyde/069-stainless-steel-handle-4.webp"
"","https://cantonlock.com/images/products-hyde/069-stainless-steel-handle-5.webp"
"","https://cantonlock.com/images/products-hyde/069-stainless-steel-handle-6.webp"
"","https://cantonlock.com/images/products-hyde/069-stainless-steel-handle-7.webp"
"","https://cantonlock.com/images/products-hyde/069-stainless-steel-handle-video.webp"
"","https://cantonlock.com/products/panic-exit-devices/072-panic-exit-device-lock-case/"
"","https://cantonlock.com/images/products-hyde/072-panic-exit-device-lock-case.webp"
"","https://cantonlock.com/images/products-hyde/072-panic-exit-device-lock-case-2.webp"
"","https://cantonlock.com/images/products-hyde/072-panic-exit-device-lock-case-3.webp"
"","https://cantonlock.com/images/products-hyde/072-panic-exit-device-lock-case-4.webp"
"","https://cantonlock.com/images/products-hyde/072-panic-exit-device-lock-case-5.webp"
"","https://cantonlock.com/images/products-hyde/072-panic-exit-device-lock-case-video.webp"
"","https://cantonlock.com/products/glass-door-accessories/100-glass-door-handle/"
"","https://cantonlock.com/images/products-hyde/100-glass-door-handle.webp"
"","https://cantonlock.com/images/products-hyde/100-glass-door-handle-2.webp"
"","https://cantonlock.com/images/products-hyde/100-glass-door-handle-3.webp"
"","https://cantonlock.com/images/products-hyde/100-glass-door-handle-4.webp"
"","https://cantonlock.com/images/products-hyde/100-glass-door-handle-5.webp"
"","https://cantonlock.com/images/products-hyde/100-glass-door-handle-video.webp"
"","https://cantonlock.com/products/glass-door-accessories/102-glass-door-handle/"
"","https://cantonlock.com/images/products-hyde/102-glass-door-handle.webp"
"","https://cantonlock.com/images/products-hyde/102-glass-door-handle-2.webp"
"","https://cantonlock.com/images/products-hyde/102-glass-door-handle-3.webp"
"","https://cantonlock.com/images/products-hyde/102-glass-door-handle-4.webp"
"","https://cantonlock.com/images/products-hyde/102-glass-door-handle-video.webp"
"","https://cantonlock.com/products/glass-door-accessories/104-glass-door-handle/"
"","https://cantonlock.com/images/products-hyde/104-glass-door-handle.webp"
"","https://cantonlock.com/images/products-hyde/104-glass-door-handle-2.webp"
"","https://cantonlock.com/images/products-hyde/104-glass-door-handle-3.webp"
"","https://cantonlock.com/images/products-hyde/104-glass-door-handle-video.webp"
"","https://cantonlock.com/products/glass-door-accessories/105-glass-door-handle/"
"","https://cantonlock.com/images/products-hyde/105-glass-door-handle.webp"
"","https://cantonlock.com/images/products-hyde/105-glass-door-handle-2.webp"
"","https://cantonlock.com/images/products-hyde/105-glass-door-handle-3.webp"
"","https://cantonlock.com/images/products-hyde/105-glass-door-handle-4.webp"
"","https://cantonlock.com/products/glass-door-accessories/106-glass-door-handle/"
"","https://cantonlock.com/images/products-hyde/106-glass-door-handle.webp"
"","https://cantonlock.com/images/products-hyde/106-glass-door-handle-2.webp"
"","https://cantonlock.com/images/products-hyde/106-glass-door-handle-3.webp"
"","https://cantonlock.com/images/products-hyde/106-glass-door-handle-4.webp"
"","https://cantonlock.com/images/products-hyde/106-glass-door-handle-video.webp"
"","https://cantonlock.com/products/glass-door-accessories/107-glass-door-handle/"
"","https://cantonlock.com/images/products-hyde/107-glass-door-handle.webp"
"","https://cantonlock.com/images/products-hyde/107-glass-door-handle-2.webp"
"","https://cantonlock.com/images/products-hyde/107-glass-door-handle-3.webp"
"","https://cantonlock.com/images/products-hyde/107-glass-door-handle-4.webp"
"","https://cantonlock.com/images/products-hyde/107-glass-door-handle-video.webp"
"","https://cantonlock.com/products/night-latches-rim-locks/1073d-mb-night-latch-and-rim-lock/"
"","https://cantonlock.com/images/products-hyde/1073d-mb-night-latch-and-rim-lock.webp"
"","https://cantonlock.com/images/products-hyde/1073d-mb-night-latch-and-rim-lock-2.webp"
"","https://cantonlock.com/images/products-hyde/1073d-mb-night-latch-and-rim-lock-3.webp"
"","https://cantonlock.com/images/products-hyde/1073d-mb-night-latch-and-rim-lock-4.webp"
"","https://cantonlock.com/images/products-hyde/1073d-mb-night-latch-and-rim-lock-5.webp"
"","https://cantonlock.com/images/products-hyde/1073d-mb-night-latch-and-rim-lock-6.webp"
"","https://cantonlock.com/images/products-hyde/1073d-mb-night-latch-and-rim-lock-video.webp"
"","https://cantonlock.com/products/night-latches-rim-locks/1073d-night-latch-and-rim-lock/"
"","https://cantonlock.com/images/products-hyde/1073d-night-latch-and-rim-lock.webp"
"","https://cantonlock.com/images/products-hyde/1073d-night-latch-and-rim-lock-2.webp"
"","https://cantonlock.com/images/products-hyde/1073d-night-latch-and-rim-lock-3.webp"
"","https://cantonlock.com/images/products-hyde/1073d-night-latch-and-rim-lock-4.webp"
"","https://cantonlock.com/images/products-hyde/1073d-night-latch-and-rim-lock-5.webp"
"","https://cantonlock.com/images/products-hyde/1073d-night-latch-and-rim-lock-6.webp"
"","https://cantonlock.com/images/products-hyde/1073d-night-latch-and-rim-lock-video.webp"
"","https://cantonlock.com/products/night-latches-rim-locks/1073s-night-latch-and-rim-lock/"
"","https://cantonlock.com/images/products-hyde/1073s-night-latch-and-rim-lock.webp"
"","https://cantonlock.com/images/products-hyde/1073s-night-latch-and-rim-lock-2.webp"
"","https://cantonlock.com/images/products-hyde/1073s-night-latch-and-rim-lock-3.webp"
"","https://cantonlock.com/images/products-hyde/1073s-night-latch-and-rim-lock-4.webp"
"","https://cantonlock.com/images/products-hyde/1073s-night-latch-and-rim-lock-5.webp"
"","https://cantonlock.com/images/products-hyde/1073s-night-latch-and-rim-lock-6.webp"
"","https://cantonlock.com/images/products-hyde/1073s-night-latch-and-rim-lock-video.webp"
"","https://cantonlock.com/products/glass-door-accessories/108-glass-door-handle/"
"","https://cantonlock.com/images/products-hyde/108-glass-door-handle.webp"
"","https://cantonlock.com/images/products-hyde/108-glass-door-handle-2.webp"
"","https://cantonlock.com/images/products-hyde/108-glass-door-handle-3.webp"
"","https://cantonlock.com/images/products-hyde/108-glass-door-handle-4.webp"
"","https://cantonlock.com/images/products-hyde/108-glass-door-handle-5.webp"
"","https://cantonlock.com/images/products-hyde/108-glass-door-handle-6.webp"
"","https://cantonlock.com/images/products-hyde/108-glass-door-handle-7.webp"
"","https://cantonlock.com/products/glass-door-accessories/109-glass-door-handle/"
"","https://cantonlock.com/images/products-hyde/109-glass-door-handle.webp"
"","https://cantonlock.com/images/products-hyde/109-glass-door-handle-2.webp"
"","https://cantonlock.com/images/products-hyde/109-glass-door-handle-3.webp"
"","https://cantonlock.com/images/products-hyde/109-glass-door-handle-4.webp"
"","https://cantonlock.com/images/products-hyde/109-glass-door-handle-5.webp"
"","https://cantonlock.com/products/lock-cases/110-lock-case/"
"","https://cantonlock.com/images/products-hyde/110-lock-case.webp"
"","https://cantonlock.com/images/products-hyde/110-lock-case-2.webp"
"","https://cantonlock.com/images/products-hyde/110-lock-case-3.webp"
"","https://cantonlock.com/images/products-hyde/110-lock-case-4.webp"
"","https://cantonlock.com/images/products-hyde/110-lock-case-5.webp"
"","https://cantonlock.com/images/products-hyde/110-lock-case-6.webp"
"","https://cantonlock.com/images/products-hyde/110-lock-case-7.webp"
"","https://cantonlock.com/images/products-hyde/110-lock-case-video.webp"
"","https://cantonlock.com/products/glass-door-accessories/112-glass-door-handle/"
"","https://cantonlock.com/images/products-hyde/112-glass-door-handle.webp"
"","https://cantonlock.com/images/products-hyde/112-glass-door-handle-2.webp"
"","https://cantonlock.com/images/products-hyde/112-glass-door-handle-3.webp"
"","https://cantonlock.com/images/products-hyde/112-glass-door-handle-video.webp"
"","https://cantonlock.com/products/lock-cases/1121-lock-case/"
"","https://cantonlock.com/images/products-hyde/1121-lock-case.webp"
"","https://cantonlock.com/images/products-hyde/1121-lock-case-2.webp"
"","https://cantonlock.com/images/products-hyde/1121-lock-case-3.webp"
"","https://cantonlock.com/images/products-hyde/1121-lock-case-4.webp"
"","https://cantonlock.com/images/products-hyde/1121-lock-case-5.webp"
"","https://cantonlock.com/images/products-hyde/1121-lock-case-6.webp"
"","https://cantonlock.com/images/products-hyde/1121-lock-case-7.webp"
"","https://cantonlock.com/images/products-hyde/1121-lock-case-8.webp"
"","https://cantonlock.com/images/products-hyde/1121-lock-case-video.webp"
"","https://cantonlock.com/products/lock-cases/140-lock-case/"
"","https://cantonlock.com/images/products-hyde/140-lock-case.webp"
"","https://cantonlock.com/images/products-hyde/140-lock-case-2.webp"
"","https://cantonlock.com/images/products-hyde/140-lock-case-3.webp"
"","https://cantonlock.com/images/products-hyde/140-lock-case-4.webp"
"","https://cantonlock.com/images/products-hyde/140-lock-case-5.webp"
"","https://cantonlock.com/images/products-hyde/140-lock-case-6.webp"
"","https://cantonlock.com/images/products-hyde/140-lock-case-video.webp"
"","https://cantonlock.com/products/glass-door-accessories/19-130mm-glass-door-handle/"
"","https://cantonlock.com/images/products-hyde/19-130mm-glass-door-handle.webp"
"","https://cantonlock.com/images/products-hyde/19-130mm-glass-door-handle-2.webp"
"","https://cantonlock.com/images/products-hyde/19-130mm-glass-door-handle-3.webp"
"","https://cantonlock.com/images/products-hyde/19-130mm-glass-door-handle-4.webp"
"","https://cantonlock.com/images/products-hyde/19-130mm-glass-door-handle-5.webp"
"","https://cantonlock.com/products/hardware-accessories/200-indicator/"
"","https://cantonlock.com/images/products-hyde/200-indicator.webp"
"","https://cantonlock.com/images/products-hyde/200-indicator-2.webp"
"","https://cantonlock.com/images/products-hyde/200-indicator-3.webp"
"","https://cantonlock.com/images/products-hyde/200-indicator-4.webp"
"","https://cantonlock.com/images/products-hyde/200-indicator-5.webp"
"","https://cantonlock.com/images/products-hyde/200-indicator-6.webp"
"","https://cantonlock.com/images/products-hyde/200-indicator-7.webp"
"","https://cantonlock.com/images/products-hyde/200-indicator-8.webp"
"","https://cantonlock.com/images/products-hyde/200-indicator-video.webp"
"","https://cantonlock.com/products/night-latches-rim-locks/260-night-latch-and-rim-lock/"
"","https://cantonlock.com/images/products-hyde/260-night-latch-and-rim-lock.webp"
"","https://cantonlock.com/images/products-hyde/260-night-latch-and-rim-lock-2.webp"
"","https://cantonlock.com/images/products-hyde/260-night-latch-and-rim-lock-3.webp"
"","https://cantonlock.com/products/panic-exit-devices/300-panic-exit-device/"
"","https://cantonlock.com/images/products-hyde/300-panic-exit-device.webp"
"","https://cantonlock.com/images/products-hyde/300-panic-exit-device-2.webp"
"","https://cantonlock.com/images/products-hyde/300-panic-exit-device-3.webp"
"","https://cantonlock.com/images/products-hyde/300-panic-exit-device-4.webp"
"","https://cantonlock.com/images/products-hyde/300-panic-exit-device-5.webp"
"","https://cantonlock.com/images/products-hyde/300-panic-exit-device-6.webp"
"","https://cantonlock.com/images/products-hyde/300-panic-exit-device-7.webp"
"","https://cantonlock.com/images/products-hyde/300-panic-exit-device-8.webp"
"","https://cantonlock.com/images/products-hyde/300-panic-exit-device-9.webp"
"","https://cantonlock.com/products/panic-exit-devices/301-panic-exit-device/"
"","https://cantonlock.com/images/products-hyde/301-panic-exit-device.webp"
"","https://cantonlock.com/images/products-hyde/301-panic-exit-device-2.webp"
"","https://cantonlock.com/images/products-hyde/301-panic-exit-device-3.webp"
"","https://cantonlock.com/images/products-hyde/301-panic-exit-device-4.webp"
"","https://cantonlock.com/images/products-hyde/301-panic-exit-device-5.webp"
"","https://cantonlock.com/images/products-hyde/301-panic-exit-device-6.webp"
"","https://cantonlock.com/images/products-hyde/301-panic-exit-device-7.webp"
"","https://cantonlock.com/images/products-hyde/301-panic-exit-device-video.webp"
"","https://cantonlock.com/products/panic-exit-devices/302-panic-exit-device/"
"","https://cantonlock.com/images/products-hyde/302-panic-exit-device.webp"
"","https://cantonlock.com/images/products-hyde/302-panic-exit-device-2.webp"
"","https://cantonlock.com/images/products-hyde/302-panic-exit-device-3.webp"
"","https://cantonlock.com/images/products-hyde/302-panic-exit-device-4.webp"
"","https://cantonlock.com/images/products-hyde/302-panic-exit-device-5.webp"
"","https://cantonlock.com/images/products-hyde/302-panic-exit-device-6.webp"
"","https://cantonlock.com/images/products-hyde/302-panic-exit-device-7.webp"
"","https://cantonlock.com/images/products-hyde/302-panic-exit-device-video.webp"
"","https://cantonlock.com/products/panic-exit-devices/303-panic-exit-device/"
"","https://cantonlock.com/images/products-hyde/303-panic-exit-device.webp"
"","https://cantonlock.com/images/products-hyde/303-panic-exit-device-2.webp"
"","https://cantonlock.com/images/products-hyde/303-panic-exit-device-3.webp"
"","https://cantonlock.com/images/products-hyde/303-panic-exit-device-4.webp"
"","https://cantonlock.com/images/products-hyde/303-panic-exit-device-5.webp"
"","https://cantonlock.com/images/products-hyde/303-panic-exit-device-video.webp"
"","https://cantonlock.com/products/panic-exit-devices/305-fire-door-panic-exit-device/"
"","https://cantonlock.com/images/products-hyde/305-fire-door-panic-exit-device.webp"
"","https://cantonlock.com/images/products-hyde/305-fire-door-panic-exit-device-2.webp"
"","https://cantonlock.com/images/products-hyde/305-fire-door-panic-exit-device-3.webp"
"","https://cantonlock.com/images/products-hyde/305-fire-door-panic-exit-device-4.webp"
"","https://cantonlock.com/images/products-hyde/305-fire-door-panic-exit-device-5.webp"
"","https://cantonlock.com/images/products-hyde/305-fire-door-panic-exit-device-6.webp"
"","https://cantonlock.com/images/products-hyde/305-fire-door-panic-exit-device-7.webp"
"","https://cantonlock.com/images/products-hyde/305-fire-door-panic-exit-device-8.webp"
"","https://cantonlock.com/images/products-hyde/305-fire-door-panic-exit-device-video.webp"
"","https://cantonlock.com/products/panic-exit-devices/306-d-panic-exit-device/"
"","https://cantonlock.com/images/products-hyde/306-d-panic-exit-device.webp"
"","https://cantonlock.com/images/products-hyde/306-d-panic-exit-device-2.webp"
"","https://cantonlock.com/images/products-hyde/306-d-panic-exit-device-3.webp"
"","https://cantonlock.com/images/products-hyde/306-d-panic-exit-device-4.webp"
"","https://cantonlock.com/images/products-hyde/306-d-panic-exit-device-5.webp"
"","https://cantonlock.com/images/products-hyde/306-d-panic-exit-device-6.webp"
"","https://cantonlock.com/images/products-hyde/306-d-panic-exit-device-7.webp"
"","https://cantonlock.com/images/products-hyde/306-d-panic-exit-device-8.webp"
"","https://cantonlock.com/images/products-hyde/306-d-panic-exit-device-9.webp"
"","https://cantonlock.com/images/products-hyde/306-d-panic-exit-device-video.webp"
"","https://cantonlock.com/products/panic-exit-devices/306-ps-panic-exit-device/"
"","https://cantonlock.com/images/products-hyde/306-ps-panic-exit-device.webp"
"","https://cantonlock.com/images/products-hyde/306-ps-panic-exit-device-2.webp"
"","https://cantonlock.com/images/products-hyde/306-ps-panic-exit-device-3.webp"
"","https://cantonlock.com/images/products-hyde/306-ps-panic-exit-device-4.webp"
"","https://cantonlock.com/images/products-hyde/306-ps-panic-exit-device-5.webp"
"","https://cantonlock.com/images/products-hyde/306-ps-panic-exit-device-6.webp"
"","https://cantonlock.com/images/products-hyde/306-ps-panic-exit-device-7.webp"
"","https://cantonlock.com/images/products-hyde/306-ps-panic-exit-device-8.webp"
"","https://cantonlock.com/images/products-hyde/306-ps-panic-exit-device-9.webp"
"","https://cantonlock.com/images/products-hyde/306-ps-panic-exit-device-video.webp"
"","https://cantonlock.com/products/panic-exit-devices/306-s-panic-exit-device/"
"","https://cantonlock.com/images/products-hyde/306-s-panic-exit-device.webp"
"","https://cantonlock.com/images/products-hyde/306-s-panic-exit-device-2.webp"
"","https://cantonlock.com/images/products-hyde/306-s-panic-exit-device-3.webp"
"","https://cantonlock.com/images/products-hyde/306-s-panic-exit-device-4.webp"
"","https://cantonlock.com/images/products-hyde/306-s-panic-exit-device-5.webp"
"","https://cantonlock.com/images/products-hyde/306-s-panic-exit-device-6.webp"
"","https://cantonlock.com/images/products-hyde/306-s-panic-exit-device-7.webp"
"","https://cantonlock.com/images/products-hyde/306-s-panic-exit-device-video.webp"
"","https://cantonlock.com/products/panic-exit-devices/307-panic-exit-device/"
"","https://cantonlock.com/images/products-hyde/307-panic-exit-device.webp"
"","https://cantonlock.com/images/products-hyde/307-panic-exit-device-2.webp"
"","https://cantonlock.com/images/products-hyde/307-panic-exit-device-3.webp"
"","https://cantonlock.com/images/products-hyde/307-panic-exit-device-4.webp"
"","https://cantonlock.com/images/products-hyde/307-panic-exit-device-5.webp"
"","https://cantonlock.com/images/products-hyde/307-panic-exit-device-6.webp"
"","https://cantonlock.com/images/products-hyde/307-panic-exit-device-7.webp"
"","https://cantonlock.com/images/products-hyde/307-panic-exit-device-8.webp"
"","https://cantonlock.com/images/products-hyde/307-panic-exit-device-9.webp"
"","https://cantonlock.com/images/products-hyde/307-panic-exit-device-10.webp"
"","https://cantonlock.com/images/products-hyde/307-panic-exit-device-video.webp"
"","https://cantonlock.com/products/panic-exit-devices/308-d-d-panic-exit-device/"
"","https://cantonlock.com/images/products-hyde/308-d-d-panic-exit-device.webp"
"","https://cantonlock.com/images/products-hyde/308-d-d-panic-exit-device-2.webp"
"","https://cantonlock.com/images/products-hyde/308-d-d-panic-exit-device-3.webp"
"","https://cantonlock.com/images/products-hyde/308-d-d-panic-exit-device-4.webp"
"","https://cantonlock.com/products/panic-exit-devices/308-panic-exit-device/"
"","https://cantonlock.com/images/products-hyde/308-panic-exit-device.webp"
"","https://cantonlock.com/images/products-hyde/308-panic-exit-device-2.webp"
"","https://cantonlock.com/images/products-hyde/308-panic-exit-device-3.webp"
"","https://cantonlock.com/images/products-hyde/308-panic-exit-device-4.webp"
"","https://cantonlock.com/images/products-hyde/308-panic-exit-device-5.webp"
"","https://cantonlock.com/images/products-hyde/308-panic-exit-device-6.webp"
"","https://cantonlock.com/images/products-hyde/308-panic-exit-device-7.webp"
"","https://cantonlock.com/products/panic-exit-devices/308-s-s-panic-exit-device/"
"","https://cantonlock.com/images/products-hyde/308-s-s-panic-exit-device.webp"
"","https://cantonlock.com/images/products-hyde/308-s-s-panic-exit-device-2.webp"
"","https://cantonlock.com/images/products-hyde/308-s-s-panic-exit-device-3.webp"
"","https://cantonlock.com/images/products-hyde/308-s-s-panic-exit-device-4.webp"
"","https://cantonlock.com/products/panic-exit-devices/309-d-double-door-panic-exit-device/"
"","https://cantonlock.com/images/products-hyde/309-d-double-door-panic-exit-device.webp"
"","https://cantonlock.com/images/products-hyde/309-d-double-door-panic-exit-device-2.webp"
"","https://cantonlock.com/images/products-hyde/309-d-double-door-panic-exit-device-3.webp"
"","https://cantonlock.com/images/products-hyde/309-d-double-door-panic-exit-device-4.webp"
"","https://cantonlock.com/images/products-hyde/309-d-double-door-panic-exit-device-5.webp"
"","https://cantonlock.com/images/products-hyde/309-d-double-door-panic-exit-device-6.webp"
"","https://cantonlock.com/images/products-hyde/309-d-double-door-panic-exit-device-7.webp"
"","https://cantonlock.com/products/panic-exit-devices/309-s-s-panic-exit-device/"
"","https://cantonlock.com/images/products-hyde/309-s-s-panic-exit-device.webp"
"","https://cantonlock.com/images/products-hyde/309-s-s-panic-exit-device-2.webp"
"","https://cantonlock.com/images/products-hyde/309-s-s-panic-exit-device-3.webp"
"","https://cantonlock.com/images/products-hyde/309-s-s-panic-exit-device-4.webp"
"","https://cantonlock.com/images/products-hyde/309-s-s-panic-exit-device-5.webp"
"","https://cantonlock.com/images/products-hyde/309-s-s-panic-exit-device-6.webp"
"","https://cantonlock.com/images/products-hyde/309-s-s-panic-exit-device-video.webp"
"","https://cantonlock.com/products/panic-exit-devices/310-panic-exit-device/"
"","https://cantonlock.com/images/products-hyde/310-panic-exit-device.webp"
"","https://cantonlock.com/images/products-hyde/310-panic-exit-device-2.webp"
"","https://cantonlock.com/images/products-hyde/310-panic-exit-device-3.webp"
"","https://cantonlock.com/images/products-hyde/310-panic-exit-device-4.webp"
"","https://cantonlock.com/images/products-hyde/310-panic-exit-device-5.webp"
"","https://cantonlock.com/images/products-hyde/310-panic-exit-device-6.webp"
"","https://cantonlock.com/images/products-hyde/310-panic-exit-device-7.webp"
"","https://cantonlock.com/images/products-hyde/310-panic-exit-device-8.webp"
"","https://cantonlock.com/images/products-hyde/310-panic-exit-device-9.webp"
"","https://cantonlock.com/images/products-hyde/310-panic-exit-device-video.webp"
"","https://cantonlock.com/products/panic-exit-devices/311-panic-exit-device/"
"","https://cantonlock.com/images/products-hyde/311-panic-exit-device.webp"
"","https://cantonlock.com/images/products-hyde/311-panic-exit-device-2.webp"
"","https://cantonlock.com/images/products-hyde/311-panic-exit-device-3.webp"
"","https://cantonlock.com/images/products-hyde/311-panic-exit-device-4.webp"
"","https://cantonlock.com/images/products-hyde/311-panic-exit-device-5.webp"
"","https://cantonlock.com/images/products-hyde/311-panic-exit-device-6.webp"
"","https://cantonlock.com/images/products-hyde/311-panic-exit-device-7.webp"
"","https://cantonlock.com/images/products-hyde/311-panic-exit-device-8.webp"
"","https://cantonlock.com/images/products-hyde/311-panic-exit-device-9.webp"
"","https://cantonlock.com/images/products-hyde/311-panic-exit-device-10.webp"
"","https://cantonlock.com/images/products-hyde/311-panic-exit-device-video.webp"
"","https://cantonlock.com/products/panic-exit-devices/312-panic-exit-device/"
"","https://cantonlock.com/images/products-hyde/312-panic-exit-device.webp"
"","https://cantonlock.com/images/products-hyde/312-panic-exit-device-2.webp"
"","https://cantonlock.com/images/products-hyde/312-panic-exit-device-3.webp"
"","https://cantonlock.com/images/products-hyde/312-panic-exit-device-4.webp"
"","https://cantonlock.com/images/products-hyde/312-panic-exit-device-5.webp"
"","https://cantonlock.com/images/products-hyde/312-panic-exit-device-6.webp"
"","https://cantonlock.com/images/products-hyde/312-panic-exit-device-7.webp"
"","https://cantonlock.com/products/panic-exit-devices/313-panic-exit-device/"
"","https://cantonlock.com/images/products-hyde/313-panic-exit-device.webp"
"","https://cantonlock.com/images/products-hyde/313-panic-exit-device-2.webp"
"","https://cantonlock.com/images/products-hyde/313-panic-exit-device-3.webp"
"","https://cantonlock.com/images/products-hyde/313-panic-exit-device-4.webp"
"","https://cantonlock.com/images/products-hyde/313-panic-exit-device-5.webp"
"","https://cantonlock.com/images/products-hyde/313-panic-exit-device-6.webp"
"","https://cantonlock.com/images/products-hyde/313-panic-exit-device-7.webp"
"","https://cantonlock.com/images/products-hyde/313-panic-exit-device-8.webp"
"","https://cantonlock.com/images/products-hyde/313-panic-exit-device-video.webp"
"","https://cantonlock.com/products/panic-exit-devices/314-alarm-panic-bar-exit-device/"
"","https://cantonlock.com/images/products-hyde/314-alarm-panic-bar-exit-device.webp"
"","https://cantonlock.com/images/products-hyde/314-alarm-panic-bar-exit-device-2.webp"
"","https://cantonlock.com/images/products-hyde/314-alarm-panic-bar-exit-device-3.webp"
"","https://cantonlock.com/images/products-hyde/314-alarm-panic-bar-exit-device-4.webp"
"","https://cantonlock.com/images/products-hyde/314-alarm-panic-bar-exit-device-5.webp"
"","https://cantonlock.com/images/products-hyde/314-alarm-panic-bar-exit-device-6.webp"
"","https://cantonlock.com/images/products-hyde/314-alarm-panic-bar-exit-device-7.webp"
"","https://cantonlock.com/images/products-hyde/314-alarm-panic-bar-exit-device-video.webp"
"","https://cantonlock.com/products/panic-exit-devices/315-pry-latch/"
"","https://cantonlock.com/images/products-hyde/315-pry-latch.webp"
"","https://cantonlock.com/images/products-hyde/315-pry-latch-2.webp"
"","https://cantonlock.com/images/products-hyde/315-pry-latch-3.webp"
"","https://cantonlock.com/images/products-hyde/315-pry-latch-4.webp"
"","https://cantonlock.com/images/products-hyde/315-pry-latch-5.webp"
"","https://cantonlock.com/images/products-hyde/315-pry-latch-6.webp"
"","https://cantonlock.com/images/products-hyde/315-pry-latch-7.webp"
"","https://cantonlock.com/images/products-hyde/315-pry-latch-8.webp"
"","https://cantonlock.com/images/products-hyde/315-pry-latch-video.webp"
"","https://cantonlock.com/products/panic-exit-devices/316-d-panic-exit-device/"
"","https://cantonlock.com/images/products-hyde/316-d-panic-exit-device.webp"
"","https://cantonlock.com/images/products-hyde/316-d-panic-exit-device-2.webp"
"","https://cantonlock.com/images/products-hyde/316-d-panic-exit-device-3.webp"
"","https://cantonlock.com/images/products-hyde/316-d-panic-exit-device-4.webp"
"","https://cantonlock.com/images/products-hyde/316-d-panic-exit-device-5.webp"
"","https://cantonlock.com/images/products-hyde/316-d-panic-exit-device-6.webp"
"","https://cantonlock.com/images/products-hyde/316-d-panic-exit-device-7.webp"
"","https://cantonlock.com/images/products-hyde/316-d-panic-exit-device-8.webp"
"","https://cantonlock.com/images/products-hyde/316-d-panic-exit-device-video.webp"
"","https://cantonlock.com/products/panic-exit-devices/316-s-panic-exit-device/"
"","https://cantonlock.com/images/products-hyde/316-s-panic-exit-device.webp"
"","https://cantonlock.com/images/products-hyde/316-s-panic-exit-device-2.webp"
"","https://cantonlock.com/images/products-hyde/316-s-panic-exit-device-3.webp"
"","https://cantonlock.com/images/products-hyde/316-s-panic-exit-device-4.webp"
"","https://cantonlock.com/images/products-hyde/316-s-panic-exit-device-5.webp"
"","https://cantonlock.com/images/products-hyde/316-s-panic-exit-device-6.webp"
"","https://cantonlock.com/images/products-hyde/316-s-panic-exit-device-7.webp"
"","https://cantonlock.com/images/products-hyde/316-s-panic-exit-device-8.webp"
"","https://cantonlock.com/images/products-hyde/316-s-panic-exit-device-video.webp"
"","https://cantonlock.com/products/panic-exit-devices/317-cold-room-push-bar-exit-device/"
"","https://cantonlock.com/images/products-hyde/317-cold-room-push-bar-exit-device.webp"
"","https://cantonlock.com/images/products-hyde/317-cold-room-push-bar-exit-device-2.webp"
"","https://cantonlock.com/images/products-hyde/317-cold-room-push-bar-exit-device-3.webp"
"","https://cantonlock.com/images/products-hyde/317-cold-room-push-bar-exit-device-4.webp"
"","https://cantonlock.com/images/products-hyde/317-cold-room-push-bar-exit-device-5.webp"
"","https://cantonlock.com/images/products-hyde/317-cold-room-push-bar-exit-device-6.webp"
"","https://cantonlock.com/images/products-hyde/317-cold-room-push-bar-exit-device-video.webp"
"","https://cantonlock.com/products/panic-exit-devices/320-two-point-locking-exit-device/"
"","https://cantonlock.com/images/products-hyde/320-two-point-locking-exit-device.webp"
"","https://cantonlock.com/images/products-hyde/320-two-point-locking-exit-device-2.webp"
"","https://cantonlock.com/images/products-hyde/320-two-point-locking-exit-device-3.webp"
"","https://cantonlock.com/images/products-hyde/320-two-point-locking-exit-device-4.webp"
"","https://cantonlock.com/images/products-hyde/320-two-point-locking-exit-device-5.webp"
"","https://cantonlock.com/images/products-hyde/320-two-point-locking-exit-device-6.webp"
"","https://cantonlock.com/images/products-hyde/320-two-point-locking-exit-device-7.webp"
"","https://cantonlock.com/images/products-hyde/320-two-point-locking-exit-device-8.webp"
"","https://cantonlock.com/products/panic-exit-devices/330-panic-exit-device/"
"","https://cantonlock.com/images/products-hyde/330-panic-exit-device.webp"
"","https://cantonlock.com/images/products-hyde/330-panic-exit-device-2.webp"
"","https://cantonlock.com/images/products-hyde/330-panic-exit-device-3.webp"
"","https://cantonlock.com/images/products-hyde/330-panic-exit-device-4.webp"
"","https://cantonlock.com/images/products-hyde/330-panic-exit-device-5.webp"
"","https://cantonlock.com/images/products-hyde/330-panic-exit-device-6.webp"
"","https://cantonlock.com/images/products-hyde/330-panic-exit-device-7.webp"
"","https://cantonlock.com/products/lever-handles/3431-sset-lever-handle/"
"","https://cantonlock.com/images/products-hyde/3431-sset-lever-handle.webp"
"","https://cantonlock.com/images/products-hyde/3431-sset-lever-handle-2.webp"
"","https://cantonlock.com/images/products-hyde/3431-sset-lever-handle-3.webp"
"","https://cantonlock.com/images/products-hyde/3431-sset-lever-handle-4.webp"
"","https://cantonlock.com/images/products-hyde/3431-sset-lever-handle-5.webp"
"","https://cantonlock.com/images/products-hyde/3431-sset-lever-handle-video.webp"
"","https://cantonlock.com/products/glass-door-accessories/410-glass-door-handle/"
"","https://cantonlock.com/images/products-hyde/410-glass-door-handle.webp"
"","https://cantonlock.com/images/products-hyde/410-glass-door-handle-2.webp"
"","https://cantonlock.com/products/lock-cylinders/45-bnik-lock-cylinder/"
"","https://cantonlock.com/images/products-hyde/45-bnik-lock-cylinder.webp"
"","https://cantonlock.com/images/products-hyde/45-bnik-lock-cylinder-2.webp"
"","https://cantonlock.com/images/products-hyde/45-bnik-lock-cylinder-3.webp"
"","https://cantonlock.com/images/products-hyde/45-bnik-lock-cylinder-4.webp"
"","https://cantonlock.com/images/products-hyde/45-bnik-lock-cylinder-5.webp"
"","https://cantonlock.com/images/products-hyde/45-bnik-lock-cylinder-6.webp"
"","https://cantonlock.com/products/lock-cylinders/45-snik-lock-cylinder/"
"","https://cantonlock.com/images/products-hyde/45-snik-lock-cylinder.webp"
"","https://cantonlock.com/images/products-hyde/45-snik-lock-cylinder-2.webp"
"","https://cantonlock.com/images/products-hyde/45-snik-lock-cylinder-3.webp"
"","https://cantonlock.com/images/products-hyde/45-snik-lock-cylinder-4.webp"
"","https://cantonlock.com/products/lock-cylinders/45bn-lock-cylinder/"
"","https://cantonlock.com/images/products-hyde/45bn-lock-cylinder.webp"
"","https://cantonlock.com/images/products-hyde/45bn-lock-cylinder-2.webp"
"","https://cantonlock.com/images/products-hyde/45bn-lock-cylinder-3.webp"
"","https://cantonlock.com/images/products-hyde/45bn-lock-cylinder-4.webp"
"","https://cantonlock.com/images/products-hyde/45bn-lock-cylinder-5.webp"
"","https://cantonlock.com/images/products-hyde/45bn-lock-cylinder-6.webp"
"","https://cantonlock.com/products/lock-cylinders/47bsik-lock-cylinder/"
"","https://cantonlock.com/images/products-hyde/47bsik-lock-cylinder.webp"
"","https://cantonlock.com/images/products-hyde/47bsik-lock-cylinder-2.webp"
"","https://cantonlock.com/products/hardware-accessories/500-indicator/"
"","https://cantonlock.com/images/products-hyde/500-indicator.webp"
"","https://cantonlock.com/images/products-hyde/500-indicator-2.webp"
"","https://cantonlock.com/images/products-hyde/500-indicator-3.webp"
"","https://cantonlock.com/images/products-hyde/500-indicator-4.webp"
"","https://cantonlock.com/images/products-hyde/500-indicator-5.webp"
"","https://cantonlock.com/images/products-hyde/500-indicator-6.webp"
"","https://cantonlock.com/images/products-hyde/500-indicator-7.webp"
"","https://cantonlock.com/images/products-hyde/500-indicator-video.webp"
"","https://cantonlock.com/products/lock-cylinders/54-dk-lock-cylinder/"
"","https://cantonlock.com/images/products-hyde/54-dk-lock-cylinder.webp"
"","https://cantonlock.com/images/products-hyde/54-dk-lock-cylinder-2.webp"
"","https://cantonlock.com/images/products-hyde/54-dk-lock-cylinder-3.webp"
"","https://cantonlock.com/images/products-hyde/54-dk-lock-cylinder-4.webp"
"","https://cantonlock.com/images/products-hyde/54-dk-lock-cylinder-5.webp"
"","https://cantonlock.com/images/products-hyde/54-dk-lock-cylinder-6.webp"
"","https://cantonlock.com/products/lock-cylinders/54-sndk-lock-cylinder/"
"","https://cantonlock.com/images/products-hyde/54-sndk-lock-cylinder.webp"
"","https://cantonlock.com/images/products-hyde/54-sndk-lock-cylinder-2.webp"
"","https://cantonlock.com/images/products-hyde/54-sndk-lock-cylinder-3.webp"
"","https://cantonlock.com/images/products-hyde/54-sndk-lock-cylinder-4.webp"
"","https://cantonlock.com/products/night-latches-rim-locks/556-night-latch-and-rim-lock/"
"","https://cantonlock.com/images/products-hyde/556-night-latch-and-rim-lock.webp"
"","https://cantonlock.com/images/products-hyde/556-night-latch-and-rim-lock-2.webp"
"","https://cantonlock.com/images/products-hyde/556-night-latch-and-rim-lock-3.webp"
"","https://cantonlock.com/images/products-hyde/556-night-latch-and-rim-lock-4.webp"
"","https://cantonlock.com/images/products-hyde/556-night-latch-and-rim-lock-5.webp"
"","https://cantonlock.com/products/night-latches-rim-locks/558-night-latch-and-rim-lock/"
"","https://cantonlock.com/images/products-hyde/558-night-latch-and-rim-lock.webp"
"","https://cantonlock.com/images/products-hyde/558-night-latch-and-rim-lock-2.webp"
"","https://cantonlock.com/images/products-hyde/558-night-latch-and-rim-lock-3.webp"
"","https://cantonlock.com/images/products-hyde/558-night-latch-and-rim-lock-4.webp"
"","https://cantonlock.com/images/products-hyde/558-night-latch-and-rim-lock-5.webp"
"","https://cantonlock.com/images/products-hyde/558-night-latch-and-rim-lock-6.webp"
"","https://cantonlock.com/products/night-latches-rim-locks/559-night-latch-and-rim-lock/"
"","https://cantonlock.com/images/products-hyde/559-night-latch-and-rim-lock.webp"
"","https://cantonlock.com/products/lock-cylinders/56-sn-lock-cylinder/"
"","https://cantonlock.com/images/products-hyde/56-sn-lock-cylinder.webp"
"","https://cantonlock.com/images/products-hyde/56-sn-lock-cylinder-2.webp"
"","https://cantonlock.com/images/products-hyde/56-sn-lock-cylinder-3.webp"
"","https://cantonlock.com/images/products-hyde/56-sn-lock-cylinder-4.webp"
"","https://cantonlock.com/images/products-hyde/56-sn-lock-cylinder-5.webp"
"","https://cantonlock.com/images/products-hyde/56-sn-lock-cylinder-6.webp"
"","https://cantonlock.com/images/products-hyde/56-sn-lock-cylinder-7.webp"
"","https://cantonlock.com/products/night-latches-rim-locks/564-mb-night-latch-and-rim-lock/"
"","https://cantonlock.com/images/products-hyde/564-mb-night-latch-and-rim-lock.webp"
"","https://cantonlock.com/images/products-hyde/564-mb-night-latch-and-rim-lock-2.webp"
"","https://cantonlock.com/images/products-hyde/564-mb-night-latch-and-rim-lock-3.webp"
"","https://cantonlock.com/images/products-hyde/564-mb-night-latch-and-rim-lock-4.webp"
"","https://cantonlock.com/images/products-hyde/564-mb-night-latch-and-rim-lock-5.webp"
"","https://cantonlock.com/images/products-hyde/564-mb-night-latch-and-rim-lock-6.webp"
"","https://cantonlock.com/images/products-hyde/564-mb-night-latch-and-rim-lock-video.webp"
"","https://cantonlock.com/products/night-latches-rim-locks/564-night-latch-and-rim-lock/"
"","https://cantonlock.com/images/products-hyde/564-night-latch-and-rim-lock.webp"
"","https://cantonlock.com/images/products-hyde/564-night-latch-and-rim-lock-2.webp"
"","https://cantonlock.com/images/products-hyde/564-night-latch-and-rim-lock-3.webp"
"","https://cantonlock.com/images/products-hyde/564-night-latch-and-rim-lock-4.webp"
"","https://cantonlock.com/images/products-hyde/564-night-latch-and-rim-lock-5.webp"
"","https://cantonlock.com/images/products-hyde/564-night-latch-and-rim-lock-6.webp"
"","https://cantonlock.com/products/night-latches-rim-locks/5681-night-latch-and-rim-lock/"
"","https://cantonlock.com/images/products-hyde/5681-night-latch-and-rim-lock.webp"
"","https://cantonlock.com/images/products-hyde/5681-night-latch-and-rim-lock-2.webp"
"","https://cantonlock.com/images/products-hyde/5681-night-latch-and-rim-lock-3.webp"
"","https://cantonlock.com/images/products-hyde/5681-night-latch-and-rim-lock-4.webp"
"","https://cantonlock.com/images/products-hyde/5681-night-latch-and-rim-lock-5.webp"
"","https://cantonlock.com/images/products-hyde/5681-night-latch-and-rim-lock-6.webp"
"","https://cantonlock.com/images/products-hyde/5681-night-latch-and-rim-lock-7.webp"
"","https://cantonlock.com/products/night-latches-rim-locks/5682-night-latch-and-rim-lock/"
"","https://cantonlock.com/images/products-hyde/5682-night-latch-and-rim-lock.webp"
"","https://cantonlock.com/images/products-hyde/5682-night-latch-and-rim-lock-2.webp"
"","https://cantonlock.com/products/night-latches-rim-locks/5683-night-latch-and-rim-lock/"
"","https://cantonlock.com/images/products-hyde/5683-night-latch-and-rim-lock.webp"
"","https://cantonlock.com/images/products-hyde/5683-night-latch-and-rim-lock-2.webp"
"","https://cantonlock.com/products/night-latches-rim-locks/5687-night-latch-and-rim-lock/"
"","https://cantonlock.com/images/products-hyde/5687-night-latch-and-rim-lock.webp"
"","https://cantonlock.com/products/night-latches-rim-locks/5688-night-latch-and-rim-lock/"
"","https://cantonlock.com/images/products-hyde/5688-night-latch-and-rim-lock.webp"
"","https://cantonlock.com/images/products-hyde/5688-night-latch-and-rim-lock-2.webp"
"","https://cantonlock.com/images/products-hyde/5688-night-latch-and-rim-lock-3.webp"
"","https://cantonlock.com/images/products-hyde/5688-night-latch-and-rim-lock-4.webp"
"","https://cantonlock.com/images/products-hyde/5688-night-latch-and-rim-lock-5.webp"
"","https://cantonlock.com/images/products-hyde/5688-night-latch-and-rim-lock-6.webp"
"","https://cantonlock.com/images/products-hyde/5688-night-latch-and-rim-lock-video.webp"
"","https://cantonlock.com/products/night-latches-rim-locks/5689-night-latch-and-rim-lock/"
"","https://cantonlock.com/images/products-hyde/5689-night-latch-and-rim-lock.webp"
"","https://cantonlock.com/images/products-hyde/5689-night-latch-and-rim-lock-2.webp"
"","https://cantonlock.com/images/products-hyde/5689-night-latch-and-rim-lock-3.webp"
"","https://cantonlock.com/images/products-hyde/5689-night-latch-and-rim-lock-4.webp"
"","https://cantonlock.com/images/products-hyde/5689-night-latch-and-rim-lock-5.webp"
"","https://cantonlock.com/images/products-hyde/5689-night-latch-and-rim-lock-6.webp"
"","https://cantonlock.com/images/products-hyde/5689-night-latch-and-rim-lock-video.webp"
"","https://cantonlock.com/products/knob-locks/575-abet-tubular-lock/"
"","https://cantonlock.com/images/products-hyde/575-abet-tubular-lock.webp"
"","https://cantonlock.com/images/products-hyde/575-abet-tubular-lock-2.webp"
"","https://cantonlock.com/images/products-hyde/575-abet-tubular-lock-3.webp"
"","https://cantonlock.com/images/products-hyde/575-abet-tubular-lock-4.webp"
"","https://cantonlock.com/images/products-hyde/575-abet-tubular-lock-5.webp"
"","https://cantonlock.com/images/products-hyde/575-abet-tubular-lock-6.webp"
"","https://cantonlock.com/products/knob-locks/575-acet-tubular-lock/"
"","https://cantonlock.com/images/products-hyde/575-acet-tubular-lock.webp"
"","https://cantonlock.com/products/knob-locks/575-cpet-tubular-lock/"
"","https://cantonlock.com/images/products-hyde/575-cpet-tubular-lock.webp"
"","https://cantonlock.com/images/products-hyde/575-cpet-tubular-lock-2.webp"
"","https://cantonlock.com/images/products-hyde/575-cpet-tubular-lock-3.webp"
"","https://cantonlock.com/images/products-hyde/575-cpet-tubular-lock-4.webp"
"","https://cantonlock.com/images/products-hyde/575-cpet-tubular-lock-5.webp"
"","https://cantonlock.com/products/knob-locks/575-sset-tubular-lock/"
"","https://cantonlock.com/images/products-hyde/575-sset-tubular-lock.webp"
"","https://cantonlock.com/products/knob-locks/578-acet-light-duty-cylindrical-lock/"
"","https://cantonlock.com/images/products-hyde/578-acet-light-duty-cylindrical-lock.webp"
"","https://cantonlock.com/images/products-hyde/578-acet-light-duty-cylindrical-lock-2.webp"
"","https://cantonlock.com/images/products-hyde/578-acet-light-duty-cylindrical-lock-3.webp"
"","https://cantonlock.com/images/products-hyde/578-acet-light-duty-cylindrical-lock-4.webp"
"","https://cantonlock.com/images/products-hyde/578-acet-light-duty-cylindrical-lock-5.webp"
"","https://cantonlock.com/images/products-hyde/578-acet-light-duty-cylindrical-lock-6.webp"
"","https://cantonlock.com/images/products-hyde/578-acet-light-duty-cylindrical-lock-video.webp"
"","https://cantonlock.com/products/knob-locks/578-snbk-light-duty-cylindrical-lock/"
"","https://cantonlock.com/images/products-hyde/578-snbk-light-duty-cylindrical-lock.webp"
"","https://cantonlock.com/images/products-hyde/578-snbk-light-duty-cylindrical-lock-2.webp"
"","https://cantonlock.com/images/products-hyde/578-snbk-light-duty-cylindrical-lock-3.webp"
"","https://cantonlock.com/images/products-hyde/578-snbk-light-duty-cylindrical-lock-4.webp"
"","https://cantonlock.com/images/products-hyde/578-snbk-light-duty-cylindrical-lock-5.webp"
"","https://cantonlock.com/images/products-hyde/578-snbk-light-duty-cylindrical-lock-6.webp"
"","https://cantonlock.com/images/products-hyde/578-snbk-light-duty-cylindrical-lock-video.webp"
"","https://cantonlock.com/products/knob-locks/578-snet-light-duty-cylindrical-lock/"
"","https://cantonlock.com/images/products-hyde/578-snet-light-duty-cylindrical-lock.webp"
"","https://cantonlock.com/images/products-hyde/578-snet-light-duty-cylindrical-lock-2.webp"
"","https://cantonlock.com/images/products-hyde/578-snet-light-duty-cylindrical-lock-3.webp"
"","https://cantonlock.com/images/products-hyde/578-snet-light-duty-cylindrical-lock-4.webp"
"","https://cantonlock.com/images/products-hyde/578-snet-light-duty-cylindrical-lock-5.webp"
"","https://cantonlock.com/images/products-hyde/578-snet-light-duty-cylindrical-lock-6.webp"
"","https://cantonlock.com/images/products-hyde/578-snet-light-duty-cylindrical-lock-7.webp"
"","https://cantonlock.com/images/products-hyde/578-snet-light-duty-cylindrical-lock-video.webp"
"","https://cantonlock.com/products/knob-locks/578-sset-light-duty-cylindrical-lock/"
"","https://cantonlock.com/images/products-hyde/578-sset-light-duty-cylindrical-lock.webp"
"","https://cantonlock.com/images/products-hyde/578-sset-light-duty-cylindrical-lock-2.webp"
"","https://cantonlock.com/images/products-hyde/578-sset-light-duty-cylindrical-lock-3.webp"
"","https://cantonlock.com/images/products-hyde/578-sset-light-duty-cylindrical-lock-4.webp"
"","https://cantonlock.com/products/knob-locks/5807-sscl-commercial-lock/"
"","https://cantonlock.com/images/products-hyde/5807-sscl-commercial-lock.webp"
"","https://cantonlock.com/images/products-hyde/5807-sscl-commercial-lock-2.webp"
"","https://cantonlock.com/images/products-hyde/5807-sscl-commercial-lock-3.webp"
"","https://cantonlock.com/images/products-hyde/5807-sscl-commercial-lock-4.webp"
"","https://cantonlock.com/images/products-hyde/5807-sscl-commercial-lock-5.webp"
"","https://cantonlock.com/products/knob-locks/5807-sscr-commercial-lock/"
"","https://cantonlock.com/images/products-hyde/5807-sscr-commercial-lock.webp"
"","https://cantonlock.com/images/products-hyde/5807-sscr-commercial-lock-2.webp"
"","https://cantonlock.com/products/knob-locks/5807-ssel-commercial-lock/"
"","https://cantonlock.com/images/products-hyde/5807-ssel-commercial-lock.webp"
"","https://cantonlock.com/images/products-hyde/5807-ssel-commercial-lock-2.webp"
"","https://cantonlock.com/products/knob-locks/5807-ssr-commercial-lock/"
"","https://cantonlock.com/images/products-hyde/5807-ssr-commercial-lock.webp"
"","https://cantonlock.com/images/products-hyde/5807-ssr-commercial-lock-2.webp"
"","https://cantonlock.com/images/products-hyde/5807-ssr-commercial-lock-3.webp"
"","https://cantonlock.com/products/knob-locks/5831-90mm-black-tubular-lock/"
"","https://cantonlock.com/images/products-hyde/5831-90mm-black-tubular-lock.webp"
"","https://cantonlock.com/images/products-hyde/5831-90mm-black-tubular-lock-2.webp"
"","https://cantonlock.com/images/products-hyde/5831-90mm-black-tubular-lock-3.webp"
"","https://cantonlock.com/images/products-hyde/5831-90mm-black-tubular-lock-4.webp"
"","https://cantonlock.com/images/products-hyde/5831-90mm-black-tubular-lock-5.webp"
"","https://cantonlock.com/images/products-hyde/5831-90mm-black-tubular-lock-6.webp"
"","https://cantonlock.com/images/products-hyde/5831-90mm-black-tubular-lock-7.webp"
"","https://cantonlock.com/images/products-hyde/5831-90mm-black-tubular-lock-video.webp"
"","https://cantonlock.com/products/knob-locks/5831-90mm-chrome-tubular-lock/"
"","https://cantonlock.com/images/products-hyde/5831-90mm-chrome-tubular-lock.webp"
"","https://cantonlock.com/images/products-hyde/5831-90mm-chrome-tubular-lock-2.webp"
"","https://cantonlock.com/images/products-hyde/5831-90mm-chrome-tubular-lock-3.webp"
"","https://cantonlock.com/images/products-hyde/5831-90mm-chrome-tubular-lock-4.webp"
"","https://cantonlock.com/images/products-hyde/5831-90mm-chrome-tubular-lock-5.webp"
"","https://cantonlock.com/images/products-hyde/5831-90mm-chrome-tubular-lock-6.webp"
"","https://cantonlock.com/images/products-hyde/5831-90mm-chrome-tubular-lock-7.webp"
"","https://cantonlock.com/images/products-hyde/5831-90mm-chrome-tubular-lock-video.webp"
"","https://cantonlock.com/products/knob-locks/5831-90mm-grey-tubular-lock/"
"","https://cantonlock.com/images/products-hyde/5831-90mm-grey-tubular-lock.webp"
"","https://cantonlock.com/images/products-hyde/5831-90mm-grey-tubular-lock-2.webp"
"","https://cantonlock.com/images/products-hyde/5831-90mm-grey-tubular-lock-3.webp"
"","https://cantonlock.com/images/products-hyde/5831-90mm-grey-tubular-lock-4.webp"
"","https://cantonlock.com/images/products-hyde/5831-90mm-grey-tubular-lock-5.webp"
"","https://cantonlock.com/images/products-hyde/5831-90mm-grey-tubular-lock-video.webp"
"","https://cantonlock.com/products/knob-locks/5831-90mm-white-tubular-lock/"
"","https://cantonlock.com/images/products-hyde/5831-90mm-white-tubular-lock.webp"
"","https://cantonlock.com/images/products-hyde/5831-90mm-white-tubular-lock-2.webp"
"","https://cantonlock.com/images/products-hyde/5831-90mm-white-tubular-lock-3.webp"
"","https://cantonlock.com/images/products-hyde/5831-90mm-white-tubular-lock-4.webp"
"","https://cantonlock.com/images/products-hyde/5831-90mm-white-tubular-lock-5.webp"
"","https://cantonlock.com/images/products-hyde/5831-90mm-white-tubular-lock-6.webp"
"","https://cantonlock.com/images/products-hyde/5831-90mm-white-tubular-lock-7.webp"
"","https://cantonlock.com/images/products-hyde/5831-90mm-white-tubular-lock-8.webp"
"","https://cantonlock.com/images/products-hyde/5831-90mm-white-tubular-lock-video.webp"
"","https://cantonlock.com/products/knob-locks/5831-sset-heavy-duty-cylindrical-lock/"
"","https://cantonlock.com/images/products-hyde/5831-sset-heavy-duty-cylindrical-lock.webp"
"","https://cantonlock.com/images/products-hyde/5831-sset-heavy-duty-cylindrical-lock-2.webp"
"","https://cantonlock.com/images/products-hyde/5831-sset-heavy-duty-cylindrical-lock-3.webp"
"","https://cantonlock.com/images/products-hyde/5831-sset-heavy-duty-cylindrical-lock-4.webp"
"","https://cantonlock.com/images/products-hyde/5831-sset-heavy-duty-cylindrical-lock-5.webp"
"","https://cantonlock.com/products/night-latches-rim-locks/5833-night-latch-and-rim-lock/"
"","https://cantonlock.com/images/products-hyde/5833-night-latch-and-rim-lock.webp"
"","https://cantonlock.com/images/products-hyde/5833-night-latch-and-rim-lock-2.webp"
"","https://cantonlock.com/products/night-latches-rim-locks/5834-night-latch-and-rim-lock/"
"","https://cantonlock.com/images/products-hyde/5834-night-latch-and-rim-lock.webp"
"","https://cantonlock.com/products/night-latches-rim-locks/5835-night-latch-and-rim-lock/"
"","https://cantonlock.com/images/products-hyde/5835-night-latch-and-rim-lock.webp"
"","https://cantonlock.com/images/products-hyde/5835-night-latch-and-rim-lock-2.webp"
"","https://cantonlock.com/images/products-hyde/5835-night-latch-and-rim-lock-3.webp"
"","https://cantonlock.com/images/products-hyde/5835-night-latch-and-rim-lock-4.webp"
"","https://cantonlock.com/images/products-hyde/5835-night-latch-and-rim-lock-5.webp"
"","https://cantonlock.com/images/products-hyde/5835-night-latch-and-rim-lock-6.webp"
"","https://cantonlock.com/images/products-hyde/5835-night-latch-and-rim-lock-video.webp"
"","https://cantonlock.com/products/night-latches-rim-locks/5836-night-latch-and-rim-lock/"
"","https://cantonlock.com/images/products-hyde/5836-night-latch-and-rim-lock.webp"
"","https://cantonlock.com/images/products-hyde/5836-night-latch-and-rim-lock-2.webp"
"","https://cantonlock.com/images/products-hyde/5836-night-latch-and-rim-lock-3.webp"
"","https://cantonlock.com/images/products-hyde/5836-night-latch-and-rim-lock-4.webp"
"","https://cantonlock.com/images/products-hyde/5836-night-latch-and-rim-lock-5.webp"
"","https://cantonlock.com/images/products-hyde/5836-night-latch-and-rim-lock-6.webp"
"","https://cantonlock.com/images/products-hyde/5836-night-latch-and-rim-lock-video.webp"
"","https://cantonlock.com/products/knob-locks/587-mbbk-light-duty-cylindrical-lock/"
"","https://cantonlock.com/images/products-hyde/587-mbbk-light-duty-cylindrical-lock.webp"
"","https://cantonlock.com/images/products-hyde/587-mbbk-light-duty-cylindrical-lock-2.webp"
"","https://cantonlock.com/images/products-hyde/587-mbbk-light-duty-cylindrical-lock-3.webp"
"","https://cantonlock.com/images/products-hyde/587-mbbk-light-duty-cylindrical-lock-4.webp"
"","https://cantonlock.com/images/products-hyde/587-mbbk-light-duty-cylindrical-lock-5.webp"
"","https://cantonlock.com/images/products-hyde/587-mbbk-light-duty-cylindrical-lock-video.webp"
"","https://cantonlock.com/products/knob-locks/587-mbet-light-duty-cylindrical-lock/"
"","https://cantonlock.com/images/products-hyde/587-mbet-light-duty-cylindrical-lock.webp"
"","https://cantonlock.com/images/products-hyde/587-mbet-light-duty-cylindrical-lock-2.webp"
"","https://cantonlock.com/images/products-hyde/587-mbet-light-duty-cylindrical-lock-3.webp"
"","https://cantonlock.com/images/products-hyde/587-mbet-light-duty-cylindrical-lock-4.webp"
"","https://cantonlock.com/images/products-hyde/587-mbet-light-duty-cylindrical-lock-5.webp"
"","https://cantonlock.com/images/products-hyde/587-mbet-light-duty-cylindrical-lock-6.webp"
"","https://cantonlock.com/images/products-hyde/587-mbet-light-duty-cylindrical-lock-video.webp"
"","https://cantonlock.com/products/knob-locks/587-pbbk-light-duty-cylindrical-lock/"
"","https://cantonlock.com/images/products-hyde/587-pbbk-light-duty-cylindrical-lock.webp"
"","https://cantonlock.com/images/products-hyde/587-pbbk-light-duty-cylindrical-lock-2.webp"
"","https://cantonlock.com/images/products-hyde/587-pbbk-light-duty-cylindrical-lock-3.webp"
"","https://cantonlock.com/images/products-hyde/587-pbbk-light-duty-cylindrical-lock-4.webp"
"","https://cantonlock.com/images/products-hyde/587-pbbk-light-duty-cylindrical-lock-5.webp"
"","https://cantonlock.com/images/products-hyde/587-pbbk-light-duty-cylindrical-lock-6.webp"
"","https://cantonlock.com/products/knob-locks/587-pbet-light-duty-cylindrical-lock/"
"","https://cantonlock.com/images/products-hyde/587-pbet-light-duty-cylindrical-lock.webp"
"","https://cantonlock.com/images/products-hyde/587-pbet-light-duty-cylindrical-lock-2.webp"
"","https://cantonlock.com/images/products-hyde/587-pbet-light-duty-cylindrical-lock-3.webp"
"","https://cantonlock.com/products/knob-locks/587-pbps-light-duty-cylindrical-lock/"
"","https://cantonlock.com/images/products-hyde/587-pbps-light-duty-cylindrical-lock.webp"
"","https://cantonlock.com/images/products-hyde/587-pbps-light-duty-cylindrical-lock-2.webp"
"","https://cantonlock.com/products/knob-locks/587-ssbk-light-duty-cylindrical-lock/"
"","https://cantonlock.com/images/products-hyde/587-ssbk-light-duty-cylindrical-lock.webp"
"","https://cantonlock.com/images/products-hyde/587-ssbk-light-duty-cylindrical-lock-2.webp"
"","https://cantonlock.com/images/products-hyde/587-ssbk-light-duty-cylindrical-lock-3.webp"
"","https://cantonlock.com/images/products-hyde/587-ssbk-light-duty-cylindrical-lock-4.webp"
"","https://cantonlock.com/images/products-hyde/587-ssbk-light-duty-cylindrical-lock-5.webp"
"","https://cantonlock.com/images/products-hyde/587-ssbk-light-duty-cylindrical-lock-6.webp"
"","https://cantonlock.com/images/products-hyde/587-ssbk-light-duty-cylindrical-lock-video.webp"
"","https://cantonlock.com/products/knob-locks/587-sset-light-duty-cylindrical-lock/"
"","https://cantonlock.com/images/products-hyde/587-sset-light-duty-cylindrical-lock.webp"
"","https://cantonlock.com/images/products-hyde/587-sset-light-duty-cylindrical-lock-2.webp"
"","https://cantonlock.com/images/products-hyde/587-sset-light-duty-cylindrical-lock-3.webp"
"","https://cantonlock.com/images/products-hyde/587-sset-light-duty-cylindrical-lock-4.webp"
"","https://cantonlock.com/images/products-hyde/587-sset-light-duty-cylindrical-lock-5.webp"
"","https://cantonlock.com/images/products-hyde/587-sset-light-duty-cylindrical-lock-6.webp"
"","https://cantonlock.com/images/products-hyde/587-sset-light-duty-cylindrical-lock-video.webp"
"","https://cantonlock.com/products/knob-locks/587-sspt-tubular-lock/"
"","https://cantonlock.com/images/products-hyde/587-sspt-tubular-lock.webp"
"","https://cantonlock.com/images/products-hyde/587-sspt-tubular-lock-2.webp"
"","https://cantonlock.com/images/products-hyde/587-sspt-tubular-lock-3.webp"
"","https://cantonlock.com/products/knob-locks/5870-acet-heavy-duty-cylindrical-lock/"
"","https://cantonlock.com/images/products-hyde/5870-acet-heavy-duty-cylindrical-lock.webp"
"","https://cantonlock.com/images/products-hyde/5870-acet-heavy-duty-cylindrical-lock-2.webp"
"","https://cantonlock.com/images/products-hyde/5870-acet-heavy-duty-cylindrical-lock-3.webp"
"","https://cantonlock.com/images/products-hyde/5870-acet-heavy-duty-cylindrical-lock-4.webp"
"","https://cantonlock.com/images/products-hyde/5870-acet-heavy-duty-cylindrical-lock-5.webp"
"","https://cantonlock.com/images/products-hyde/5870-acet-heavy-duty-cylindrical-lock-video.webp"
"","https://cantonlock.com/products/knob-locks/5870-snet-tubular-lock/"
"","https://cantonlock.com/images/products-hyde/5870-snet-tubular-lock.webp"
"","https://cantonlock.com/images/products-hyde/5870-snet-tubular-lock-2.webp"
"","https://cantonlock.com/images/products-hyde/5870-snet-tubular-lock-3.webp"
"","https://cantonlock.com/images/products-hyde/5870-snet-tubular-lock-4.webp"
"","https://cantonlock.com/images/products-hyde/5870-snet-tubular-lock-5.webp"
"","https://cantonlock.com/images/products-hyde/5870-snet-tubular-lock-6.webp"
"","https://cantonlock.com/images/products-hyde/5870-snet-tubular-lock-video.webp"
"","https://cantonlock.com/products/knob-locks/5870-sscc-commercial-lock/"
"","https://cantonlock.com/images/products-hyde/5870-sscc-commercial-lock.webp"
"","https://cantonlock.com/images/products-hyde/5870-sscc-commercial-lock-2.webp"
"","https://cantonlock.com/images/products-hyde/5870-sscc-commercial-lock-3.webp"
"","https://cantonlock.com/products/knob-locks/5870-sset-heavy-duty-cylindrical-lock/"
"","https://cantonlock.com/images/products-hyde/5870-sset-heavy-duty-cylindrical-lock.webp"
"","https://cantonlock.com/images/products-hyde/5870-sset-heavy-duty-cylindrical-lock-2.webp"
"","https://cantonlock.com/images/products-hyde/5870-sset-heavy-duty-cylindrical-lock-3.webp"
"","https://cantonlock.com/images/products-hyde/5870-sset-heavy-duty-cylindrical-lock-4.webp"
"","https://cantonlock.com/images/products-hyde/5870-sset-heavy-duty-cylindrical-lock-5.webp"
"","https://cantonlock.com/images/products-hyde/5870-sset-heavy-duty-cylindrical-lock-6.webp"
"","https://cantonlock.com/images/products-hyde/5870-sset-heavy-duty-cylindrical-lock-7.webp"
"","https://cantonlock.com/images/products-hyde/5870-sset-heavy-duty-cylindrical-lock-video.webp"
"","https://cantonlock.com/products/knob-locks/5871-sset-heavy-duty-cylindrical-lock/"
"","https://cantonlock.com/images/products-hyde/5871-sset-heavy-duty-cylindrical-lock.webp"
"","https://cantonlock.com/images/products-hyde/5871-sset-heavy-duty-cylindrical-lock-2.webp"
"","https://cantonlock.com/products/knob-locks/5874-acet-heavy-duty-cylindrical-lock/"
"","https://cantonlock.com/images/products-hyde/5874-acet-heavy-duty-cylindrical-lock.webp"
"","https://cantonlock.com/images/products-hyde/5874-acet-heavy-duty-cylindrical-lock-2.webp"
"","https://cantonlock.com/images/products-hyde/5874-acet-heavy-duty-cylindrical-lock-3.webp"
"","https://cantonlock.com/images/products-hyde/5874-acet-heavy-duty-cylindrical-lock-4.webp"
"","https://cantonlock.com/images/products-hyde/5874-acet-heavy-duty-cylindrical-lock-5.webp"
"","https://cantonlock.com/images/products-hyde/5874-acet-heavy-duty-cylindrical-lock-6.webp"
"","https://cantonlock.com/images/products-hyde/5874-acet-heavy-duty-cylindrical-lock-7.webp"
"","https://cantonlock.com/images/products-hyde/5874-acet-heavy-duty-cylindrical-lock-video.webp"
"","https://cantonlock.com/products/knob-locks/592-bset-tubular-lock/"
"","https://cantonlock.com/images/products-hyde/592-bset-tubular-lock.webp"
"","https://cantonlock.com/images/products-hyde/592-bset-tubular-lock-2.webp"
"","https://cantonlock.com/products/knob-locks/592-pbbk-tubular-lock/"
"","https://cantonlock.com/images/products-hyde/592-pbbk-tubular-lock.webp"
"","https://cantonlock.com/images/products-hyde/592-pbbk-tubular-lock-2.webp"
"","https://cantonlock.com/products/knob-locks/592-pbet-tubular-lock/"
"","https://cantonlock.com/images/products-hyde/592-pbet-tubular-lock.webp"
"","https://cantonlock.com/images/products-hyde/592-pbet-tubular-lock-2.webp"
"","https://cantonlock.com/products/knob-locks/592-pbps-tubular-lock/"
"","https://cantonlock.com/images/products-hyde/592-pbps-tubular-lock.webp"
"","https://cantonlock.com/images/products-hyde/592-pbps-tubular-lock-2.webp"
"","https://cantonlock.com/products/knob-locks/592-sset-tubular-lock/"
"","https://cantonlock.com/images/products-hyde/592-sset-tubular-lock.webp"
"","https://cantonlock.com/images/products-hyde/592-sset-tubular-lock-2.webp"
"","https://cantonlock.com/images/products-hyde/592-sset-tubular-lock-3.webp"
"","https://cantonlock.com/images/products-hyde/592-sset-tubular-lock-4.webp"
"","https://cantonlock.com/images/products-hyde/592-sset-tubular-lock-5.webp"
"","https://cantonlock.com/images/products-hyde/592-sset-tubular-lock-6.webp"
"","https://cantonlock.com/images/products-hyde/592-sset-tubular-lock-7.webp"
"","https://cantonlock.com/images/products-hyde/592-sset-tubular-lock-video.webp"
"","https://cantonlock.com/products/knob-locks/595-acbk-tubular-lock/"
"","https://cantonlock.com/images/products-hyde/595-acbk-tubular-lock.webp"
"","https://cantonlock.com/images/products-hyde/595-acbk-tubular-lock-2.webp"
"","https://cantonlock.com/images/products-hyde/595-acbk-tubular-lock-3.webp"
"","https://cantonlock.com/images/products-hyde/595-acbk-tubular-lock-4.webp"
"","https://cantonlock.com/images/products-hyde/595-acbk-tubular-lock-5.webp"
"","https://cantonlock.com/images/products-hyde/595-acbk-tubular-lock-video.webp"
"","https://cantonlock.com/products/knob-locks/595-acet-tubular-lock/"
"","https://cantonlock.com/images/products-hyde/595-acet-tubular-lock.webp"
"","https://cantonlock.com/images/products-hyde/595-acet-tubular-lock-2.webp"
"","https://cantonlock.com/images/products-hyde/595-acet-tubular-lock-3.webp"
"","https://cantonlock.com/images/products-hyde/595-acet-tubular-lock-4.webp"
"","https://cantonlock.com/images/products-hyde/595-acet-tubular-lock-5.webp"
"","https://cantonlock.com/images/products-hyde/595-acet-tubular-lock-6.webp"
"","https://cantonlock.com/images/products-hyde/595-acet-tubular-lock-video.webp"
"","https://cantonlock.com/products/knob-locks/598-acet-tubular-lock/"
"","https://cantonlock.com/images/products-hyde/598-acet-tubular-lock.webp"
"","https://cantonlock.com/products/knob-locks/598-snbk-tubular-lock/"
"","https://cantonlock.com/images/products-hyde/598-snbk-tubular-lock.webp"
"","https://cantonlock.com/images/products-hyde/598-snbk-tubular-lock-2.webp"
"","https://cantonlock.com/images/products-hyde/598-snbk-tubular-lock-3.webp"
"","https://cantonlock.com/images/products-hyde/598-snbk-tubular-lock-4.webp"
"","https://cantonlock.com/products/knob-locks/598-snet-tubular-lock/"
"","https://cantonlock.com/images/products-hyde/598-snet-tubular-lock.webp"
"","https://cantonlock.com/images/products-hyde/598-snet-tubular-lock-2.webp"
"","https://cantonlock.com/images/products-hyde/598-snet-tubular-lock-3.webp"
"","https://cantonlock.com/images/products-hyde/598-snet-tubular-lock-4.webp"
"","https://cantonlock.com/images/products-hyde/598-snet-tubular-lock-5.webp"
"","https://cantonlock.com/images/products-hyde/598-snet-tubular-lock-video.webp"
"","https://cantonlock.com/products/knob-locks/598-sset-tubular-lock/"
"","https://cantonlock.com/images/products-hyde/598-sset-tubular-lock.webp"
"","https://cantonlock.com/products/knob-locks/598-tubular-lock/"
"","https://cantonlock.com/images/products-hyde/598-tubular-lock.webp"
"","https://cantonlock.com/images/products-hyde/598-tubular-lock-2.webp"
"","https://cantonlock.com/images/products-hyde/598-tubular-lock-3.webp"
"","https://cantonlock.com/images/products-hyde/598-tubular-lock-4.webp"
"","https://cantonlock.com/products/brass-steel-hinges/6-3-3mm-brass-and-steel-hinges/"
"","https://cantonlock.com/images/products-hyde/6-3-3mm-brass-and-steel-hinges.webp"
"","https://cantonlock.com/images/products-hyde/6-3-3mm-brass-and-steel-hinges-2.webp"
"","https://cantonlock.com/images/products-hyde/6-3-3mm-brass-and-steel-hinges-3.webp"
"","https://cantonlock.com/images/products-hyde/6-3-3mm-brass-and-steel-hinges-4.webp"
"","https://cantonlock.com/images/products-hyde/6-3-3mm-brass-and-steel-hinges-5.webp"
"","https://cantonlock.com/products/lock-cylinders/60-bskt-lock-cylinder/"
"","https://cantonlock.com/images/products-hyde/60-bskt-lock-cylinder.webp"
"","https://cantonlock.com/images/products-hyde/60-bskt-lock-cylinder-2.webp"
"","https://cantonlock.com/images/products-hyde/60-bskt-lock-cylinder-3.webp"
"","https://cantonlock.com/products/lock-cylinders/60-cpdk-lock-cylinder/"
"","https://cantonlock.com/images/products-hyde/60-cpdk-lock-cylinder.webp"
"","https://cantonlock.com/images/products-hyde/60-cpdk-lock-cylinder-2.webp"
"","https://cantonlock.com/images/products-hyde/60-cpdk-lock-cylinder-3.webp"
"","https://cantonlock.com/products/lock-cylinders/60-pbkt-lock-cylinder/"
"","https://cantonlock.com/images/products-hyde/60-pbkt-lock-cylinder.webp"
"","https://cantonlock.com/images/products-hyde/60-pbkt-lock-cylinder-2.webp"
"","https://cantonlock.com/products/lock-cylinders/60-sndk-lock-cylinder/"
"","https://cantonlock.com/images/products-hyde/60-sndk-lock-cylinder.webp"
"","https://cantonlock.com/images/products-hyde/60-sndk-lock-cylinder-2.webp"
"","https://cantonlock.com/images/products-hyde/60-sndk-lock-cylinder-3.webp"
"","https://cantonlock.com/products/lock-cylinders/60-snkt-lock-cylinder/"
"","https://cantonlock.com/images/products-hyde/60-snkt-lock-cylinder.webp"
"","https://cantonlock.com/images/products-hyde/60-snkt-lock-cylinder-2.webp"
"","https://cantonlock.com/products/stainless-steel-handles/600-concealed-sliding-door-handle/"
"","https://cantonlock.com/images/products-hyde/600-concealed-sliding-door-handle.webp"
"","https://cantonlock.com/images/products-hyde/600-concealed-sliding-door-handle-2.webp"
"","https://cantonlock.com/images/products-hyde/600-concealed-sliding-door-handle-3.webp"
"","https://cantonlock.com/images/products-hyde/600-concealed-sliding-door-handle-4.webp"
"","https://cantonlock.com/images/products-hyde/600-concealed-sliding-door-handle-5.webp"
"","https://cantonlock.com/images/products-hyde/600-concealed-sliding-door-handle-6.webp"
"","https://cantonlock.com/images/products-hyde/600-concealed-sliding-door-handle-7.webp"
"","https://cantonlock.com/images/products-hyde/600-concealed-sliding-door-handle-video.webp"
"","https://cantonlock.com/products/lock-cases/6068-mortise-lever-handle-lock/"
"","https://cantonlock.com/images/products-hyde/6068-mortise-lever-handle-lock.webp"
"","https://cantonlock.com/images/products-hyde/6068-mortise-lever-handle-lock-2.webp"
"","https://cantonlock.com/products/knob-locks/607-acbk-tubular-lock/"
"","https://cantonlock.com/images/products-hyde/607-acbk-tubular-lock.webp"
"","https://cantonlock.com/images/products-hyde/607-acbk-tubular-lock-2.webp"
"","https://cantonlock.com/images/products-hyde/607-acbk-tubular-lock-3.webp"
"","https://cantonlock.com/images/products-hyde/607-acbk-tubular-lock-4.webp"
"","https://cantonlock.com/images/products-hyde/607-acbk-tubular-lock-5.webp"
"","https://cantonlock.com/images/products-hyde/607-acbk-tubular-lock-video.webp"
"","https://cantonlock.com/products/knob-locks/607-pbbk-tubular-lock/"
"","https://cantonlock.com/images/products-hyde/607-pbbk-tubular-lock.webp"
"","https://cantonlock.com/images/products-hyde/607-pbbk-tubular-lock-2.webp"
"","https://cantonlock.com/images/products-hyde/607-pbbk-tubular-lock-3.webp"
"","https://cantonlock.com/images/products-hyde/607-pbbk-tubular-lock-4.webp"
"","https://cantonlock.com/images/products-hyde/607-pbbk-tubular-lock-5.webp"
"","https://cantonlock.com/images/products-hyde/607-pbbk-tubular-lock-6.webp"
"","https://cantonlock.com/images/products-hyde/607-pbbk-tubular-lock-7.webp"
"","https://cantonlock.com/images/products-hyde/607-pbbk-tubular-lock-video.webp"
"","https://cantonlock.com/products/knob-locks/607-pbet-tubular-lock/"
"","https://cantonlock.com/images/products-hyde/607-pbet-tubular-lock.webp"
"","https://cantonlock.com/images/products-hyde/607-pbet-tubular-lock-2.webp"
"","https://cantonlock.com/images/products-hyde/607-pbet-tubular-lock-3.webp"
"","https://cantonlock.com/images/products-hyde/607-pbet-tubular-lock-4.webp"
"","https://cantonlock.com/images/products-hyde/607-pbet-tubular-lock-5.webp"
"","https://cantonlock.com/images/products-hyde/607-pbet-tubular-lock-6.webp"
"","https://cantonlock.com/images/products-hyde/607-pbet-tubular-lock-video.webp"
"","https://cantonlock.com/products/knob-locks/607-spet-tubular-lock/"
"","https://cantonlock.com/images/products-hyde/607-spet-tubular-lock.webp"
"","https://cantonlock.com/images/products-hyde/607-spet-tubular-lock-2.webp"
"","https://cantonlock.com/images/products-hyde/607-spet-tubular-lock-3.webp"
"","https://cantonlock.com/images/products-hyde/607-spet-tubular-lock-4.webp"
"","https://cantonlock.com/images/products-hyde/607-spet-tubular-lock-5.webp"
"","https://cantonlock.com/images/products-hyde/607-spet-tubular-lock-6.webp"
"","https://cantonlock.com/images/products-hyde/607-spet-tubular-lock-7.webp"
"","https://cantonlock.com/images/products-hyde/607-spet-tubular-lock-8.webp"
"","https://cantonlock.com/images/products-hyde/607-spet-tubular-lock-video.webp"
"","https://cantonlock.com/products/knob-locks/607-ssbk-tubular-lock/"
"","https://cantonlock.com/images/products-hyde/607-ssbk-tubular-lock.webp"
"","https://cantonlock.com/images/products-hyde/607-ssbk-tubular-lock-2.webp"
"","https://cantonlock.com/images/products-hyde/607-ssbk-tubular-lock-3.webp"
"","https://cantonlock.com/images/products-hyde/607-ssbk-tubular-lock-4.webp"
"","https://cantonlock.com/images/products-hyde/607-ssbk-tubular-lock-5.webp"
"","https://cantonlock.com/images/products-hyde/607-ssbk-tubular-lock-6.webp"
"","https://cantonlock.com/images/products-hyde/607-ssbk-tubular-lock-7.webp"
"","https://cantonlock.com/images/products-hyde/607-ssbk-tubular-lock-video.webp"
"","https://cantonlock.com/products/knob-locks/607-sset-tubular-lock/"
"","https://cantonlock.com/images/products-hyde/607-sset-tubular-lock.webp"
"","https://cantonlock.com/images/products-hyde/607-sset-tubular-lock-2.webp"
"","https://cantonlock.com/images/products-hyde/607-sset-tubular-lock-3.webp"
"","https://cantonlock.com/images/products-hyde/607-sset-tubular-lock-4.webp"
"","https://cantonlock.com/images/products-hyde/607-sset-tubular-lock-5.webp"
"","https://cantonlock.com/images/products-hyde/607-sset-tubular-lock-9.webp"
"","https://cantonlock.com/images/products-hyde/607-sset-tubular-lock-video.webp"
"","https://cantonlock.com/products/knob-locks/607-ssps-tubular-lock/"
"","https://cantonlock.com/images/products-hyde/607-ssps-tubular-lock.webp"
"","https://cantonlock.com/products/knob-locks/609-pbet-tubular-lock/"
"","https://cantonlock.com/images/products-hyde/609-pbet-tubular-lock.webp"
"","https://cantonlock.com/images/products-hyde/609-pbet-tubular-lock-2.webp"
"","https://cantonlock.com/images/products-hyde/609-pbet-tubular-lock-3.webp"
"","https://cantonlock.com/images/products-hyde/609-pbet-tubular-lock-4.webp"
"","https://cantonlock.com/images/products-hyde/609-pbet-tubular-lock-5.webp"
"","https://cantonlock.com/products/knob-locks/609-sset-tubular-lock/"
"","https://cantonlock.com/images/products-hyde/609-sset-tubular-lock.webp"
"","https://cantonlock.com/images/products-hyde/609-sset-tubular-lock-2.webp"
"","https://cantonlock.com/images/products-hyde/609-sset-tubular-lock-3.webp"
"","https://cantonlock.com/images/products-hyde/609-sset-tubular-lock-4.webp"
"","https://cantonlock.com/images/products-hyde/609-sset-tubular-lock-5.webp"
"","https://cantonlock.com/images/products-hyde/609-sset-tubular-lock-6.webp"
"","https://cantonlock.com/images/products-hyde/609-sset-tubular-lock-video.webp"
"","https://cantonlock.com/products/lever-handles/6491-snet-lever-handle/"
"","https://cantonlock.com/images/products-hyde/6491-snet-lever-handle.webp"
"","https://cantonlock.com/images/products-hyde/6491-snet-lever-handle-2.webp"
"","https://cantonlock.com/images/products-hyde/6491-snet-lever-handle-3.webp"
"","https://cantonlock.com/images/products-hyde/6491-snet-lever-handle-4.webp"
"","https://cantonlock.com/images/products-hyde/6491-snet-lever-handle-5.webp"
"","https://cantonlock.com/images/products-hyde/6491-snet-lever-handle-6.webp"
"","https://cantonlock.com/images/products-hyde/6491-snet-lever-handle-video.webp"
"","https://cantonlock.com/products/lever-handles/6491abet-lever-handle/"
"","https://cantonlock.com/images/products-hyde/6491abet-lever-handle.webp"
"","https://cantonlock.com/images/products-hyde/6491abet-lever-handle-2.webp"
"","https://cantonlock.com/images/products-hyde/6491abet-lever-handle-3.webp"
"","https://cantonlock.com/images/products-hyde/6491abet-lever-handle-4.webp"
"","https://cantonlock.com/images/products-hyde/6491abet-lever-handle-5.webp"
"","https://cantonlock.com/images/products-hyde/6491abet-lever-handle-6.webp"
"","https://cantonlock.com/images/products-hyde/6491abet-lever-handle-7.webp"
"","https://cantonlock.com/images/products-hyde/6491abet-lever-handle-video.webp"
"","https://cantonlock.com/products/lock-cylinders/65-snkt-lock-cylinder/"
"","https://cantonlock.com/images/products-hyde/65-snkt-lock-cylinder.webp"
"","https://cantonlock.com/images/products-hyde/65-snkt-lock-cylinder-2.webp"
"","https://cantonlock.com/images/products-hyde/65-snkt-lock-cylinder-3.webp"
"","https://cantonlock.com/images/products-hyde/65-snkt-lock-cylinder-4.webp"
"","https://cantonlock.com/products/lock-cylinders/65sn-lock-cylinder/"
"","https://cantonlock.com/images/products-hyde/65sn-lock-cylinder.webp"
"","https://cantonlock.com/images/products-hyde/65sn-lock-cylinder-2.webp"
"","https://cantonlock.com/images/products-hyde/65sn-lock-cylinder-3.webp"
"","https://cantonlock.com/images/products-hyde/65sn-lock-cylinder-4.webp"
"","https://cantonlock.com/images/products-hyde/65sn-lock-cylinder-5.webp"
"","https://cantonlock.com/images/products-hyde/65sn-lock-cylinder-6.webp"
"","https://cantonlock.com/images/products-hyde/65sn-lock-cylinder-7.webp"
"","https://cantonlock.com/images/products-hyde/65sn-lock-cylinder-8.webp"
"","https://cantonlock.com/products/lock-cylinders/70-abkt-cp-lock-cylinder/"
"","https://cantonlock.com/images/products-hyde/70-abkt-cp-lock-cylinder.webp"
"","https://cantonlock.com/images/products-hyde/70-abkt-cp-lock-cylinder-2.webp"
"","https://cantonlock.com/images/products-hyde/70-abkt-cp-lock-cylinder-3.webp"
"","https://cantonlock.com/images/products-hyde/70-abkt-cp-lock-cylinder-4.webp"
"","https://cantonlock.com/products/lock-cylinders/70-ackt-bk-lock-cylinder/"
"","https://cantonlock.com/images/products-hyde/70-ackt-bk-lock-cylinder.webp"
"","https://cantonlock.com/images/products-hyde/70-ackt-bk-lock-cylinder-2.webp"
"","https://cantonlock.com/products/lock-cylinders/70-bsdk-lock-cylinder/"
"","https://cantonlock.com/images/products-hyde/70-bsdk-lock-cylinder.webp"
"","https://cantonlock.com/images/products-hyde/70-bsdk-lock-cylinder-2.webp"
"","https://cantonlock.com/products/lock-cylinders/70-mbdk-cp-lock-cylinder/"
"","https://cantonlock.com/images/products-hyde/70-mbdk-cp-lock-cylinder.webp"
"","https://cantonlock.com/images/products-hyde/70-mbdk-cp-lock-cylinder-2.webp"
"","https://cantonlock.com/images/products-hyde/70-mbdk-cp-lock-cylinder-3.webp"
"","https://cantonlock.com/products/lock-cylinders/70-sndk-cp-lock-cylinder/"
"","https://cantonlock.com/images/products-hyde/70-sndk-cp-lock-cylinder.webp"
"","https://cantonlock.com/images/products-hyde/70-sndk-cp-lock-cylinder-2.webp"
"","https://cantonlock.com/images/products-hyde/70-sndk-cp-lock-cylinder-3.webp"
"","https://cantonlock.com/images/products-hyde/70-sndk-cp-lock-cylinder-4.webp"
"","https://cantonlock.com/images/products-hyde/70-sndk-cp-lock-cylinder-5.webp"
"","https://cantonlock.com/products/lock-cylinders/70-sndk-lock-cylinder/"
"","https://cantonlock.com/images/products-hyde/70-sndk-lock-cylinder.webp"
"","https://cantonlock.com/images/products-hyde/70-sndk-lock-cylinder-2.webp"
"","https://cantonlock.com/images/products-hyde/70-sndk-lock-cylinder-3.webp"
"","https://cantonlock.com/images/products-hyde/70-sndk-lock-cylinder-4.webp"
"","https://cantonlock.com/images/products-hyde/70-sndk-lock-cylinder-5.webp"
"","https://cantonlock.com/images/products-hyde/70-sndk-lock-cylinder-6.webp"
"","https://cantonlock.com/products/lock-cylinders/70-snkt-1-lock-cylinder/"
"","https://cantonlock.com/images/products-hyde/70-snkt-1-lock-cylinder.webp"
"","https://cantonlock.com/images/products-hyde/70-snkt-1-lock-cylinder-2.webp"
"","https://cantonlock.com/images/products-hyde/70-snkt-1-lock-cylinder-3.webp"
"","https://cantonlock.com/images/products-hyde/70-snkt-1-lock-cylinder-4.webp"
"","https://cantonlock.com/images/products-hyde/70-snkt-1-lock-cylinder-5.webp"
"","https://cantonlock.com/products/lock-cylinders/70-snkt-2-lock-cylinder/"
"","https://cantonlock.com/images/products-hyde/70-snkt-2-lock-cylinder.webp"
"","https://cantonlock.com/images/products-hyde/70-snkt-2-lock-cylinder-2.webp"
"","https://cantonlock.com/images/products-hyde/70-snkt-2-lock-cylinder-3.webp"
"","https://cantonlock.com/images/products-hyde/70-snkt-2-lock-cylinder-4.webp"
"","https://cantonlock.com/products/lock-cylinders/70-snkt-bk-lock-cylinder/"
"","https://cantonlock.com/images/products-hyde/70-snkt-bk-lock-cylinder.webp"
"","https://cantonlock.com/images/products-hyde/70-snkt-bk-lock-cylinder-2.webp"
"","https://cantonlock.com/images/products-hyde/70-snkt-bk-lock-cylinder-3.webp"
"","https://cantonlock.com/products/lock-cylinders/70-snkt-cp-lock-cylinder/"
"","https://cantonlock.com/images/products-hyde/70-snkt-cp-lock-cylinder.webp"
"","https://cantonlock.com/images/products-hyde/70-snkt-cp-lock-cylinder-2.webp"
"","https://cantonlock.com/images/products-hyde/70-snkt-cp-lock-cylinder-3.webp"
"","https://cantonlock.com/images/products-hyde/70-snkt-cp-lock-cylinder-4.webp"
"","https://cantonlock.com/images/products-hyde/70-snkt-cp-lock-cylinder-5.webp"
"","https://cantonlock.com/products/grip-handle-sets/70610-ab-grip-handle-set/"
"","https://cantonlock.com/images/products-hyde/70610-ab-grip-handle-set.webp"
"","https://cantonlock.com/images/products-hyde/70610-ab-grip-handle-set-2.webp"
"","https://cantonlock.com/images/products-hyde/70610-ab-grip-handle-set-3.webp"
"","https://cantonlock.com/images/products-hyde/70610-ab-grip-handle-set-4.webp"
"","https://cantonlock.com/images/products-hyde/70610-ab-grip-handle-set-5.webp"
"","https://cantonlock.com/images/products-hyde/70610-ab-grip-handle-set-6.webp"
"","https://cantonlock.com/images/products-hyde/70610-ab-grip-handle-set-7.webp"
"","https://cantonlock.com/images/products-hyde/70610-ab-grip-handle-set-8.webp"
"","https://cantonlock.com/products/grip-handle-sets/70610-sc-grip-handle-set/"
"","https://cantonlock.com/images/products-hyde/70610-sc-grip-handle-set.webp"
"","https://cantonlock.com/images/products-hyde/70610-sc-grip-handle-set-2.webp"
"","https://cantonlock.com/images/products-hyde/70610-sc-grip-handle-set-3.webp"
"","https://cantonlock.com/images/products-hyde/70610-sc-grip-handle-set-4.webp"
"","https://cantonlock.com/images/products-hyde/70610-sc-grip-handle-set-5.webp"
"","https://cantonlock.com/images/products-hyde/70610-sc-grip-handle-set-6.webp"
"","https://cantonlock.com/images/products-hyde/70610-sc-grip-handle-set-7.webp"
"","https://cantonlock.com/images/products-hyde/70610-sc-grip-handle-set-video.webp"
"","https://cantonlock.com/products/lock-cases/7066-lock-case/"
"","https://cantonlock.com/images/products-hyde/7066-lock-case.webp"
"","https://cantonlock.com/images/products-hyde/7066-lock-case-2.webp"
"","https://cantonlock.com/images/products-hyde/7066-lock-case-3.webp"
"","https://cantonlock.com/products/grip-handle-sets/70710-pb-grip-handle-set/"
"","https://cantonlock.com/images/products-hyde/70710-pb-grip-handle-set.webp"
"","https://cantonlock.com/images/products-hyde/70710-pb-grip-handle-set-2.webp"
"","https://cantonlock.com/images/products-hyde/70710-pb-grip-handle-set-3.webp"
"","https://cantonlock.com/products/grip-handle-sets/70710-sn-grip-handle-set/"
"","https://cantonlock.com/images/products-hyde/70710-sn-grip-handle-set.webp"
"","https://cantonlock.com/images/products-hyde/70710-sn-grip-handle-set-2.webp"
"","https://cantonlock.com/images/products-hyde/70710-sn-grip-handle-set-3.webp"
"","https://cantonlock.com/images/products-hyde/70710-sn-grip-handle-set-4.webp"
"","https://cantonlock.com/products/grip-handle-sets/70720-pb-grip-handle-set/"
"","https://cantonlock.com/images/products-hyde/70720-pb-grip-handle-set.webp"
"","https://cantonlock.com/images/products-hyde/70720-pb-grip-handle-set-2.webp"
"","https://cantonlock.com/images/products-hyde/70720-pb-grip-handle-set-3.webp"
"","https://cantonlock.com/images/products-hyde/70720-pb-grip-handle-set-4.webp"
"","https://cantonlock.com/products/grip-handle-sets/70720-sm-grip-handle-set/"
"","https://cantonlock.com/images/products-hyde/70720-sm-grip-handle-set.webp"
"","https://cantonlock.com/images/products-hyde/70720-sm-grip-handle-set-2.webp"
"","https://cantonlock.com/images/products-hyde/70720-sm-grip-handle-set-3.webp"
"","https://cantonlock.com/images/products-hyde/70720-sm-grip-handle-set-4.webp"
"","https://cantonlock.com/products/grip-handle-sets/70722-dc-grip-handle-set/"
"","https://cantonlock.com/images/products-hyde/70722-dc-grip-handle-set.webp"
"","https://cantonlock.com/images/products-hyde/70722-dc-grip-handle-set-2.webp"
"","https://cantonlock.com/images/products-hyde/70722-dc-grip-handle-set-3.webp"
"","https://cantonlock.com/images/products-hyde/70722-dc-grip-handle-set-4.webp"
"","https://cantonlock.com/images/products-hyde/70722-dc-grip-handle-set-5.webp"
"","https://cantonlock.com/images/products-hyde/70722-dc-grip-handle-set-6.webp"
"","https://cantonlock.com/images/products-hyde/70722-dc-grip-handle-set-7.webp"
"","https://cantonlock.com/images/products-hyde/70722-dc-grip-handle-set-video.webp"
"","https://cantonlock.com/products/grip-handle-sets/70750-pb-grip-handle-set/"
"","https://cantonlock.com/images/products-hyde/70750-pb-grip-handle-set.webp"
"","https://cantonlock.com/images/products-hyde/70750-pb-grip-handle-set-2.webp"
"","https://cantonlock.com/images/products-hyde/70750-pb-grip-handle-set-3.webp"
"","https://cantonlock.com/images/products-hyde/70750-pb-grip-handle-set-4.webp"
"","https://cantonlock.com/products/grip-handle-sets/70780-ab-grip-handle-set/"
"","https://cantonlock.com/images/products-hyde/70780-ab-grip-handle-set.webp"
"","https://cantonlock.com/images/products-hyde/70780-ab-grip-handle-set-2.webp"
"","https://cantonlock.com/images/products-hyde/70780-ab-grip-handle-set-3.webp"
"","https://cantonlock.com/images/products-hyde/70780-ab-grip-handle-set-4.webp"
"","https://cantonlock.com/products/grip-handle-sets/70900-mbbk-grip-handle-set/"
"","https://cantonlock.com/images/products-hyde/70900-mbbk-grip-handle-set.webp"
"","https://cantonlock.com/images/products-hyde/70900-mbbk-grip-handle-set-2.webp"
"","https://cantonlock.com/images/products-hyde/70900-mbbk-grip-handle-set-3.webp"
"","https://cantonlock.com/images/products-hyde/70900-mbbk-grip-handle-set-4.webp"
"","https://cantonlock.com/images/products-hyde/70900-mbbk-grip-handle-set-5.webp"
"","https://cantonlock.com/images/products-hyde/70900-mbbk-grip-handle-set-6.webp"
"","https://cantonlock.com/products/grip-handle-sets/70900-mbet-grip-handle-set/"
"","https://cantonlock.com/images/products-hyde/70900-mbet-grip-handle-set.webp"
"","https://cantonlock.com/images/products-hyde/70900-mbet-grip-handle-set-2.webp"
"","https://cantonlock.com/images/products-hyde/70900-mbet-grip-handle-set-3.webp"
"","https://cantonlock.com/images/products-hyde/70900-mbet-grip-handle-set-4.webp"
"","https://cantonlock.com/images/products-hyde/70900-mbet-grip-handle-set-5.webp"
"","https://cantonlock.com/images/products-hyde/70900-mbet-grip-handle-set-6.webp"
"","https://cantonlock.com/images/products-hyde/70900-mbet-grip-handle-set-7.webp"
"","https://cantonlock.com/images/products-hyde/70900-mbet-grip-handle-set-video.webp"
"","https://cantonlock.com/products/lock-cylinders/70anti-theft-lock-cylinder/"
"","https://cantonlock.com/images/products-hyde/70anti-theft-lock-cylinder.webp"
"","https://cantonlock.com/images/products-hyde/70anti-theft-lock-cylinder-2.webp"
"","https://cantonlock.com/images/products-hyde/70anti-theft-lock-cylinder-3.webp"
"","https://cantonlock.com/images/products-hyde/70anti-theft-lock-cylinder-4.webp"
"","https://cantonlock.com/images/products-hyde/70anti-theft-lock-cylinder-5.webp"
"","https://cantonlock.com/images/products-hyde/70anti-theft-lock-cylinder-6.webp"
"","https://cantonlock.com/images/products-hyde/70anti-theft-lock-cylinder-7.webp"
"","https://cantonlock.com/images/products-hyde/70anti-theft-lock-cylinder-8.webp"
"","https://cantonlock.com/images/products-hyde/70anti-theft-lock-cylinder-9.webp"
"","https://cantonlock.com/images/products-hyde/70anti-theft-lock-cylinder-10.webp"
"","https://cantonlock.com/products/lock-cylinders/70bk-lock-cylinder/"
"","https://cantonlock.com/images/products-hyde/70bk-lock-cylinder.webp"
"","https://cantonlock.com/images/products-hyde/70bk-lock-cylinder-2.webp"
"","https://cantonlock.com/images/products-hyde/70bk-lock-cylinder-3.webp"
"","https://cantonlock.com/images/products-hyde/70bk-lock-cylinder-4.webp"
"","https://cantonlock.com/images/products-hyde/70bk-lock-cylinder-5.webp"
"","https://cantonlock.com/images/products-hyde/70bk-lock-cylinder-6.webp"
"","https://cantonlock.com/products/lock-cylinders/70mb-lock-cylinder/"
"","https://cantonlock.com/images/products-hyde/70mb-lock-cylinder.webp"
"","https://cantonlock.com/images/products-hyde/70mb-lock-cylinder-2.webp"
"","https://cantonlock.com/images/products-hyde/70mb-lock-cylinder-3.webp"
"","https://cantonlock.com/images/products-hyde/70mb-lock-cylinder-4.webp"
"","https://cantonlock.com/images/products-hyde/70mb-lock-cylinder-5.webp"
"","https://cantonlock.com/products/lock-cylinders/70pb-anti-theft-lock-cylinder/"
"","https://cantonlock.com/images/products-hyde/70pb-anti-theft-lock-cylinder.webp"
"","https://cantonlock.com/images/products-hyde/70pb-anti-theft-lock-cylinder-2.webp"
"","https://cantonlock.com/images/products-hyde/70pb-anti-theft-lock-cylinder-3.webp"
"","https://cantonlock.com/images/products-hyde/70pb-anti-theft-lock-cylinder-4.webp"
"","https://cantonlock.com/images/products-hyde/70pb-anti-theft-lock-cylinder-5.webp"
"","https://cantonlock.com/images/products-hyde/70pb-anti-theft-lock-cylinder-6.webp"
"","https://cantonlock.com/images/products-hyde/70pb-anti-theft-lock-cylinder-7.webp"
"","https://cantonlock.com/products/lock-cylinders/70pbdk-cp-anti-theft-lock-cylinder/"
"","https://cantonlock.com/images/products-hyde/70pbdk-cp-anti-theft-lock-cylinder.webp"
"","https://cantonlock.com/images/products-hyde/70pbdk-cp-anti-theft-lock-cylinder-2.webp"
"","https://cantonlock.com/images/products-hyde/70pbdk-cp-anti-theft-lock-cylinder-3.webp"
"","https://cantonlock.com/images/products-hyde/70pbdk-cp-anti-theft-lock-cylinder-4.webp"
"","https://cantonlock.com/products/lock-cylinders/70sn-lock-cylinder/"
"","https://cantonlock.com/images/products-hyde/70sn-lock-cylinder.webp"
"","https://cantonlock.com/images/products-hyde/70sn-lock-cylinder-2.webp"
"","https://cantonlock.com/images/products-hyde/70sn-lock-cylinder-3.webp"
"","https://cantonlock.com/images/products-hyde/70sn-lock-cylinder-4.webp"
"","https://cantonlock.com/images/products-hyde/70sn-lock-cylinder-5.webp"
"","https://cantonlock.com/images/products-hyde/70sn-lock-cylinder-6.webp"
"","https://cantonlock.com/images/products-hyde/70sn-lock-cylinder-7.webp"
"","https://cantonlock.com/images/products-hyde/70sn-lock-cylinder-8.webp"
"","https://cantonlock.com/images/products-hyde/70sn-lock-cylinder-9.webp"
"","https://cantonlock.com/images/products-hyde/70sn-lock-cylinder-10.webp"
"","https://cantonlock.com/images/products-hyde/70sn-lock-cylinder-11.webp"
"","https://cantonlock.com/images/products-hyde/70sn-lock-cylinder-14.webp"
"","https://cantonlock.com/images/products-hyde/70sn-lock-cylinder-15.webp"
"","https://cantonlock.com/images/products-hyde/70sn-lock-cylinder-16.webp"
"","https://cantonlock.com/images/products-hyde/70sn-lock-cylinder-17.webp"
"","https://cantonlock.com/images/products-hyde/70sn-lock-cylinder-18.webp"
"","https://cantonlock.com/images/products-hyde/70sn-lock-cylinder-19.webp"
"","https://cantonlock.com/images/products-hyde/70sn-lock-cylinder-20.webp"
"","https://cantonlock.com/images/products-hyde/70sn-lock-cylinder-21.webp"
"","https://cantonlock.com/images/products-hyde/70sn-lock-cylinder-23.webp"
"","https://cantonlock.com/products/lock-cylinders/70sndk-cp-anti-theft-lock-cylinder/"
"","https://cantonlock.com/images/products-hyde/70sndk-cp-anti-theft-lock-cylinder.webp"
"","https://cantonlock.com/images/products-hyde/70sndk-cp-anti-theft-lock-cylinder-2.webp"
"","https://cantonlock.com/images/products-hyde/70sndk-cp-anti-theft-lock-cylinder-3.webp"
"","https://cantonlock.com/images/products-hyde/70sndk-cp-anti-theft-lock-cylinder-4.webp"
"","https://cantonlock.com/products/lock-cylinders/70snkt-3-lock-cylinder/"
"","https://cantonlock.com/images/products-hyde/70snkt-3-lock-cylinder.webp"
"","https://cantonlock.com/images/products-hyde/70snkt-3-lock-cylinder-2.webp"
"","https://cantonlock.com/images/products-hyde/70snkt-3-lock-cylinder-3.webp"
"","https://cantonlock.com/images/products-hyde/70snkt-3-lock-cylinder-4.webp"
"","https://cantonlock.com/products/lock-cylinders/70snkt-cp-anti-theft-lock-cylinder/"
"","https://cantonlock.com/images/products-hyde/70snkt-cp-anti-theft-lock-cylinder.webp"
"","https://cantonlock.com/images/products-hyde/70snkt-cp-anti-theft-lock-cylinder-2.webp"
"","https://cantonlock.com/images/products-hyde/70snkt-cp-anti-theft-lock-cylinder-3.webp"
"","https://cantonlock.com/images/products-hyde/70snkt-cp-anti-theft-lock-cylinder-4.webp"
"","https://cantonlock.com/products/lock-cylinders/80-bsdk-lock-cylinder/"
"","https://cantonlock.com/images/products-hyde/80-bsdk-lock-cylinder.webp"
"","https://cantonlock.com/images/products-hyde/80-bsdk-lock-cylinder-2.webp"
"","https://cantonlock.com/products/lock-cylinders/80-bskt-lock-cylinder/"
"","https://cantonlock.com/images/products-hyde/80-bskt-lock-cylinder.webp"
"","https://cantonlock.com/images/products-hyde/80-bskt-lock-cylinder-2.webp"
"","https://cantonlock.com/products/lock-cylinders/80-pbkt-lock-cylinder/"
"","https://cantonlock.com/images/products-hyde/80-pbkt-lock-cylinder.webp"
"","https://cantonlock.com/images/products-hyde/80-pbkt-lock-cylinder-2.webp"
"","https://cantonlock.com/images/products-hyde/80-pbkt-lock-cylinder-3.webp"
"","https://cantonlock.com/products/lock-cylinders/80-sndk-cp-lock-cylinder/"
"","https://cantonlock.com/images/products-hyde/80-sndk-cp-lock-cylinder.webp"
"","https://cantonlock.com/images/products-hyde/80-sndk-cp-lock-cylinder-2.webp"
"","https://cantonlock.com/images/products-hyde/80-sndk-cp-lock-cylinder-3.webp"
"","https://cantonlock.com/images/products-hyde/80-sndk-cp-lock-cylinder-4.webp"
"","https://cantonlock.com/images/products-hyde/80-sndk-cp-lock-cylinder-5.webp"
"","https://cantonlock.com/images/products-hyde/80-sndk-cp-lock-cylinder-6.webp"
"","https://cantonlock.com/products/lock-cylinders/80-snkt-lock-cylinder/"
"","https://cantonlock.com/images/products-hyde/80-snkt-lock-cylinder.webp"
"","https://cantonlock.com/images/products-hyde/80-snkt-lock-cylinder-2.webp"
"","https://cantonlock.com/products/lever-handles/803-pbet-lever-handle/"
"","https://cantonlock.com/images/products-hyde/803-pbet-lever-handle.webp"
"","https://cantonlock.com/images/products-hyde/803-pbet-lever-handle-2.webp"
"","https://cantonlock.com/images/products-hyde/803-pbet-lever-handle-3.webp"
"","https://cantonlock.com/products/lever-handles/803-sbet-lever-handle/"
"","https://cantonlock.com/images/products-hyde/803-sbet-lever-handle.webp"
"","https://cantonlock.com/images/products-hyde/803-sbet-lever-handle-2.webp"
"","https://cantonlock.com/images/products-hyde/803-sbet-lever-handle-3.webp"
"","https://cantonlock.com/products/lever-handles/807-abbk-lever-handle/"
"","https://cantonlock.com/images/products-hyde/807-abbk-lever-handle.webp"
"","https://cantonlock.com/images/products-hyde/807-abbk-lever-handle-2.webp"
"","https://cantonlock.com/images/products-hyde/807-abbk-lever-handle-3.webp"
"","https://cantonlock.com/images/products-hyde/807-abbk-lever-handle-4.webp"
"","https://cantonlock.com/images/products-hyde/807-abbk-lever-handle-5.webp"
"","https://cantonlock.com/images/products-hyde/807-abbk-lever-handle-6.webp"
"","https://cantonlock.com/images/products-hyde/807-abbk-lever-handle-video.webp"
"","https://cantonlock.com/products/lever-handles/808-abet-lever-handle/"
"","https://cantonlock.com/images/products-hyde/808-abet-lever-handle.webp"
"","https://cantonlock.com/images/products-hyde/808-abet-lever-handle-2.webp"
"","https://cantonlock.com/images/products-hyde/808-abet-lever-handle-3.webp"
"","https://cantonlock.com/images/products-hyde/808-abet-lever-handle-4.webp"
"","https://cantonlock.com/images/products-hyde/808-abet-lever-handle-5.webp"
"","https://cantonlock.com/images/products-hyde/808-abet-lever-handle-6.webp"
"","https://cantonlock.com/images/products-hyde/808-abet-lever-handle-7.webp"
"","https://cantonlock.com/products/lever-handles/808-mbet-lever-handle/"
"","https://cantonlock.com/images/products-hyde/808-mbet-lever-handle.webp"
"","https://cantonlock.com/images/products-hyde/808-mbet-lever-handle-2.webp"
"","https://cantonlock.com/images/products-hyde/808-mbet-lever-handle-3.webp"
"","https://cantonlock.com/images/products-hyde/808-mbet-lever-handle-4.webp"
"","https://cantonlock.com/images/products-hyde/808-mbet-lever-handle-5.webp"
"","https://cantonlock.com/images/products-hyde/808-mbet-lever-handle-6.webp"
"","https://cantonlock.com/images/products-hyde/808-mbet-lever-handle-video.webp"
"","https://cantonlock.com/products/lever-handles/808-snet-lever-handle/"
"","https://cantonlock.com/images/products-hyde/808-snet-lever-handle.webp"
"","https://cantonlock.com/images/products-hyde/808-snet-lever-handle-2.webp"
"","https://cantonlock.com/images/products-hyde/808-snet-lever-handle-3.webp"
"","https://cantonlock.com/images/products-hyde/808-snet-lever-handle-4.webp"
"","https://cantonlock.com/images/products-hyde/808-snet-lever-handle-video.webp"
"","https://cantonlock.com/products/lever-handles/808-snps-lever-handle/"
"","https://cantonlock.com/images/products-hyde/808-snps-lever-handle.webp"
"","https://cantonlock.com/images/products-hyde/808-snps-lever-handle-2.webp"
"","https://cantonlock.com/images/products-hyde/808-snps-lever-handle-3.webp"
"","https://cantonlock.com/images/products-hyde/808-snps-lever-handle-4.webp"
"","https://cantonlock.com/products/lock-cylinders/80sn-lock-cylinder/"
"","https://cantonlock.com/images/products-hyde/80sn-lock-cylinder.webp"
"","https://cantonlock.com/images/products-hyde/80sn-lock-cylinder-2.webp"
"","https://cantonlock.com/images/products-hyde/80sn-lock-cylinder-3.webp"
"","https://cantonlock.com/images/products-hyde/80sn-lock-cylinder-4.webp"
"","https://cantonlock.com/images/products-hyde/80sn-lock-cylinder-5.webp"
"","https://cantonlock.com/images/products-hyde/80sn-lock-cylinder-6.webp"
"","https://cantonlock.com/images/products-hyde/80sn-lock-cylinder-7.webp"
"","https://cantonlock.com/products/lever-handles/812-sset-lever-handle/"
"","https://cantonlock.com/images/products-hyde/812-sset-lever-handle.webp"
"","https://cantonlock.com/images/products-hyde/812-sset-lever-handle-2.webp"
"","https://cantonlock.com/images/products-hyde/812-sset-lever-handle-3.webp"
"","https://cantonlock.com/images/products-hyde/812-sset-lever-handle-4.webp"
"","https://cantonlock.com/images/products-hyde/812-sset-lever-handle-5.webp"
"","https://cantonlock.com/images/products-hyde/812-sset-lever-handle-6.webp"
"","https://cantonlock.com/images/products-hyde/812-sset-lever-handle-video.webp"
"","https://cantonlock.com/products/lever-handles/816-pbet-lever-handle/"
"","https://cantonlock.com/images/products-hyde/816-pbet-lever-handle.webp"
"","https://cantonlock.com/images/products-hyde/816-pbet-lever-handle-2.webp"
"","https://cantonlock.com/images/products-hyde/816-pbet-lever-handle-3.webp"
"","https://cantonlock.com/images/products-hyde/816-pbet-lever-handle-4.webp"
"","https://cantonlock.com/images/products-hyde/816-pbet-lever-handle-5.webp"
"","https://cantonlock.com/images/products-hyde/816-pbet-lever-handle-6.webp"
"","https://cantonlock.com/images/products-hyde/816-pbet-lever-handle-7.webp"
"","https://cantonlock.com/images/products-hyde/816-pbet-lever-handle-8.webp"
"","https://cantonlock.com/images/products-hyde/816-pbet-lever-handle-video.webp"
"","https://cantonlock.com/products/lever-handles/816-snet-lever-handle/"
"","https://cantonlock.com/images/products-hyde/816-snet-lever-handle.webp"
"","https://cantonlock.com/images/products-hyde/816-snet-lever-handle-2.webp"
"","https://cantonlock.com/images/products-hyde/816-snet-lever-handle-3.webp"
"","https://cantonlock.com/images/products-hyde/816-snet-lever-handle-4.webp"
"","https://cantonlock.com/images/products-hyde/816-snet-lever-handle-5.webp"
"","https://cantonlock.com/images/products-hyde/816-snet-lever-handle-6.webp"
"","https://cantonlock.com/images/products-hyde/816-snet-lever-handle-video.webp"
"","https://cantonlock.com/products/lever-handles/819-pbet-lever-handle/"
"","https://cantonlock.com/images/products-hyde/819-pbet-lever-handle.webp"
"","https://cantonlock.com/images/products-hyde/819-pbet-lever-handle-2.webp"
"","https://cantonlock.com/products/lever-handles/836-lever-handle/"
"","https://cantonlock.com/images/products-hyde/836-lever-handle.webp"
"","https://cantonlock.com/images/products-hyde/836-lever-handle-2.webp"
"","https://cantonlock.com/images/products-hyde/836-lever-handle-3.webp"
"","https://cantonlock.com/images/products-hyde/836-lever-handle-4.webp"
"","https://cantonlock.com/products/lever-handles/836-snet-lever-handle/"
"","https://cantonlock.com/images/products-hyde/836-snet-lever-handle.webp"
"","https://cantonlock.com/images/products-hyde/836-snet-lever-handle-2.webp"
"","https://cantonlock.com/images/products-hyde/836-snet-lever-handle-3.webp"
"","https://cantonlock.com/images/products-hyde/836-snet-lever-handle-5.webp"
"","https://cantonlock.com/images/products-hyde/836-snet-lever-handle-6.webp"
"","https://cantonlock.com/images/products-hyde/836-snet-lever-handle-7.webp"
"","https://cantonlock.com/images/products-hyde/836-snet-lever-handle-video.webp"
"","https://cantonlock.com/products/lever-handles/853-snbk-lever-handle/"
"","https://cantonlock.com/images/products-hyde/853-snbk-lever-handle.webp"
"","https://cantonlock.com/images/products-hyde/853-snbk-lever-handle-2.webp"
"","https://cantonlock.com/images/products-hyde/853-snbk-lever-handle-3.webp"
"","https://cantonlock.com/images/products-hyde/853-snbk-lever-handle-4.webp"
"","https://cantonlock.com/images/products-hyde/853-snbk-lever-handle-5.webp"
"","https://cantonlock.com/products/lever-handles/853-ssbk-lever-handle/"
"","https://cantonlock.com/images/products-hyde/853-ssbk-lever-handle.webp"
"","https://cantonlock.com/images/products-hyde/853-ssbk-lever-handle-2.webp"
"","https://cantonlock.com/images/products-hyde/853-ssbk-lever-handle-3.webp"
"","https://cantonlock.com/images/products-hyde/853-ssbk-lever-handle-4.webp"
"","https://cantonlock.com/images/products-hyde/853-ssbk-lever-handle-5.webp"
"","https://cantonlock.com/images/products-hyde/853-ssbk-lever-handle-video.webp"
"","https://cantonlock.com/products/lever-handles/8803-snbk-lever-handle/"
"","https://cantonlock.com/images/products-hyde/8803-snbk-lever-handle.webp"
"","https://cantonlock.com/images/products-hyde/8803-snbk-lever-handle-2.webp"
"","https://cantonlock.com/images/products-hyde/8803-snbk-lever-handle-3.webp"
"","https://cantonlock.com/images/products-hyde/8803-snbk-lever-handle-4.webp"
"","https://cantonlock.com/images/products-hyde/8803-snbk-lever-handle-5.webp"
"","https://cantonlock.com/images/products-hyde/8803-snbk-lever-handle-6.webp"
"","https://cantonlock.com/images/products-hyde/8803-snbk-lever-handle-7.webp"
"","https://cantonlock.com/images/products-hyde/8803-snbk-lever-handle-video.webp"
"","https://cantonlock.com/products/lever-handles/8803-snet-lever-handle/"
"","https://cantonlock.com/images/products-hyde/8803-snet-lever-handle.webp"
"","https://cantonlock.com/images/products-hyde/8803-snet-lever-handle-2.webp"
"","https://cantonlock.com/images/products-hyde/8803-snet-lever-handle-3.webp"
"","https://cantonlock.com/images/products-hyde/8803-snet-lever-handle-4.webp"
"","https://cantonlock.com/images/products-hyde/8803-snet-lever-handle-5.webp"
"","https://cantonlock.com/images/products-hyde/8803-snet-lever-handle-6.webp"
"","https://cantonlock.com/images/products-hyde/8803-snet-lever-handle-7.webp"
"","https://cantonlock.com/images/products-hyde/8803-snet-lever-handle-8.webp"
"","https://cantonlock.com/images/products-hyde/8803-snet-lever-handle-video.webp"
"","https://cantonlock.com/products/lever-handles/8806-ssbk-lever-handle/"
"","https://cantonlock.com/images/products-hyde/8806-ssbk-lever-handle.webp"
"","https://cantonlock.com/images/products-hyde/8806-ssbk-lever-handle-2.webp"
"","https://cantonlock.com/images/products-hyde/8806-ssbk-lever-handle-3.webp"
"","https://cantonlock.com/images/products-hyde/8806-ssbk-lever-handle-4.webp"
"","https://cantonlock.com/images/products-hyde/8806-ssbk-lever-handle-5.webp"
"","https://cantonlock.com/images/products-hyde/8806-ssbk-lever-handle-6.webp"
"","https://cantonlock.com/images/products-hyde/8806-ssbk-lever-handle-7.webp"
"","https://cantonlock.com/images/products-hyde/8806-ssbk-lever-handle-video.webp"
"","https://cantonlock.com/products/lever-handles/8806-sset-lever-handle/"
"","https://cantonlock.com/images/products-hyde/8806-sset-lever-handle.webp"
"","https://cantonlock.com/images/products-hyde/8806-sset-lever-handle-2.webp"
"","https://cantonlock.com/images/products-hyde/8806-sset-lever-handle-3.webp"
"","https://cantonlock.com/images/products-hyde/8806-sset-lever-handle-4.webp"
"","https://cantonlock.com/images/products-hyde/8806-sset-lever-handle-5.webp"
"","https://cantonlock.com/images/products-hyde/8806-sset-lever-handle-6.webp"
"","https://cantonlock.com/images/products-hyde/8806-sset-lever-handle-7.webp"
"","https://cantonlock.com/images/products-hyde/8806-sset-lever-handle-video.webp"
"","https://cantonlock.com/products/sliding-hook-locks/881-ss-sliding-hook-lock/"
"","https://cantonlock.com/images/products-hyde/881-ss-sliding-hook-lock.webp"
"","https://cantonlock.com/images/products-hyde/881-ss-sliding-hook-lock-2.webp"
"","https://cantonlock.com/images/products-hyde/881-ss-sliding-hook-lock-3.webp"
"","https://cantonlock.com/images/products-hyde/881-ss-sliding-hook-lock-4.webp"
"","https://cantonlock.com/images/products-hyde/881-ss-sliding-hook-lock-5.webp"
"","https://cantonlock.com/images/products-hyde/881-ss-sliding-hook-lock-6.webp"
"","https://cantonlock.com/images/products-hyde/881-ss-sliding-hook-lock-video.webp"
"","https://cantonlock.com/products/lever-handles/8826-snbk-lever-handle/"
"","https://cantonlock.com/images/products-hyde/8826-snbk-lever-handle.webp"
"","https://cantonlock.com/images/products-hyde/8826-snbk-lever-handle-2.webp"
"","https://cantonlock.com/images/products-hyde/8826-snbk-lever-handle-3.webp"
"","https://cantonlock.com/images/products-hyde/8826-snbk-lever-handle-4.webp"
"","https://cantonlock.com/images/products-hyde/8826-snbk-lever-handle-5.webp"
"","https://cantonlock.com/images/products-hyde/8826-snbk-lever-handle-6.webp"
"","https://cantonlock.com/images/products-hyde/8826-snbk-lever-handle-7.webp"
"","https://cantonlock.com/images/products-hyde/8826-snbk-lever-handle-video.webp"
"","https://cantonlock.com/products/lever-handles/8826-snet-lever-handle/"
"","https://cantonlock.com/images/products-hyde/8826-snet-lever-handle.webp"
"","https://cantonlock.com/images/products-hyde/8826-snet-lever-handle-2.webp"
"","https://cantonlock.com/images/products-hyde/8826-snet-lever-handle-3.webp"
"","https://cantonlock.com/images/products-hyde/8826-snet-lever-handle-4.webp"
"","https://cantonlock.com/images/products-hyde/8826-snet-lever-handle-5.webp"
"","https://cantonlock.com/images/products-hyde/8826-snet-lever-handle-6.webp"
"","https://cantonlock.com/images/products-hyde/8826-snet-lever-handle-7.webp"
"","https://cantonlock.com/images/products-hyde/8826-snet-lever-handle-8.webp"
"","https://cantonlock.com/images/products-hyde/8826-snet-lever-handle-video.webp"
"","https://cantonlock.com/products/lever-handles/8827-sset-lever-handle/"
"","https://cantonlock.com/images/products-hyde/8827-sset-lever-handle.webp"
"","https://cantonlock.com/images/products-hyde/8827-sset-lever-handle-2.webp"
"","https://cantonlock.com/images/products-hyde/8827-lever-handle-3.webp"
"","https://cantonlock.com/images/products-hyde/8827-lever-handle-4.webp"
"","https://cantonlock.com/products/lever-handles/8828-sset-lever-handle/"
"","https://cantonlock.com/images/products-hyde/8828-sset-lever-handle.webp"
"","https://cantonlock.com/images/products-hyde/8828-sset-lever-handle-2.webp"
"","https://cantonlock.com/images/products-hyde/8828-lever-handle-3.webp"
"","https://cantonlock.com/images/products-hyde/8828-lever-handle-4.webp"
"","https://cantonlock.com/products/lock-cylinders/90-bskt-lock-cylinder/"
"","https://cantonlock.com/images/products-hyde/90-bskt-lock-cylinder.webp"
"","https://cantonlock.com/images/products-hyde/90-bskt-lock-cylinder-2.webp"
"","https://cantonlock.com/images/products-hyde/90-bskt-lock-cylinder-3.webp"
"","https://cantonlock.com/products/lock-cylinders/90-mbkt-cp-lock-cylinder/"
"","https://cantonlock.com/images/products-hyde/90-mbkt-cp-lock-cylinder.webp"
"","https://cantonlock.com/images/products-hyde/90-mbkt-cp-lock-cylinder-2.webp"
"","https://cantonlock.com/images/products-hyde/90-mbkt-cp-lock-cylinder-3.webp"
"","https://cantonlock.com/images/products-hyde/90-mbkt-cp-lock-cylinder-4.webp"
"","https://cantonlock.com/products/lock-cylinders/90-sndk-lock-cylinder/"
"","https://cantonlock.com/images/products-hyde/90-sndk-lock-cylinder.webp"
"","https://cantonlock.com/images/products-hyde/90-sndk-lock-cylinder-2.webp"
"","https://cantonlock.com/images/products-hyde/90-sndk-lock-cylinder-3.webp"
"","https://cantonlock.com/products/lock-cylinders/90-snkt-lock-cylinder/"
"","https://cantonlock.com/images/products-hyde/90-snkt-lock-cylinder.webp"
"","https://cantonlock.com/images/products-hyde/90-snkt-lock-cylinder-2.webp"
"","https://cantonlock.com/products/stainless-steel-handles/9001-stainless-steel-handle/"
"","https://cantonlock.com/images/products-hyde/9001-stainless-steel-handle.webp"
"","https://cantonlock.com/images/products-hyde/9001-stainless-steel-handle-2.webp"
"","https://cantonlock.com/images/products-hyde/9001-stainless-steel-handle-3.webp"
"","https://cantonlock.com/images/products-hyde/9001-stainless-steel-handle-4.webp"
"","https://cantonlock.com/images/products-hyde/9001-stainless-steel-handle-5.webp"
"","https://cantonlock.com/images/products-hyde/9001-stainless-steel-handle-video.webp"
"","https://cantonlock.com/products/stainless-steel-handles/9002e-stainless-steel-handle/"
"","https://cantonlock.com/images/products-hyde/9002e-stainless-steel-handle.webp"
"","https://cantonlock.com/images/products-hyde/9002e-stainless-steel-handle-2.webp"
"","https://cantonlock.com/images/products-hyde/9002e-stainless-steel-handle-3.webp"
"","https://cantonlock.com/images/products-hyde/9002e-stainless-steel-handle-4.webp"
"","https://cantonlock.com/images/products-hyde/9002e-stainless-steel-handle-video.webp"
"","https://cantonlock.com/products/stainless-steel-handles/9003e-stainless-steel-handle/"
"","https://cantonlock.com/images/products-hyde/9003e-stainless-steel-handle.webp"
"","https://cantonlock.com/images/products-hyde/9003e-stainless-steel-handle-2.webp"
"","https://cantonlock.com/images/products-hyde/9003e-stainless-steel-handle-3.webp"
"","https://cantonlock.com/images/products-hyde/9003e-stainless-steel-handle-4.webp"
"","https://cantonlock.com/images/products-hyde/9003e-stainless-steel-handle-5.webp"
"","https://cantonlock.com/images/products-hyde/9003e-stainless-steel-handle-6.webp"
"","https://cantonlock.com/images/products-hyde/9003e-stainless-steel-handle-video.webp"
"","https://cantonlock.com/products/stainless-steel-handles/9004-stainless-steel-handle/"
"","https://cantonlock.com/images/products-hyde/9004-stainless-steel-handle.webp"
"","https://cantonlock.com/images/products-hyde/9004-stainless-steel-handle-2.webp"
"","https://cantonlock.com/images/products-hyde/9004-stainless-steel-handle-3.webp"
"","https://cantonlock.com/images/products-hyde/9004-stainless-steel-handle-4.webp"
"","https://cantonlock.com/images/products-hyde/9004-stainless-steel-handle-video.webp"
"","https://cantonlock.com/products/stainless-steel-handles/9004s-stainless-steel-handle/"
"","https://cantonlock.com/images/products-hyde/9004s-stainless-steel-handle.webp"
"","https://cantonlock.com/images/products-hyde/9004s-stainless-steel-handle-2.webp"
"","https://cantonlock.com/images/products-hyde/9004s-stainless-steel-handle-3.webp"
"","https://cantonlock.com/images/products-hyde/9004s-stainless-steel-handle-4.webp"
"","https://cantonlock.com/images/products-hyde/9004s-stainless-steel-handle-5.webp"
"","https://cantonlock.com/images/products-hyde/9004s-stainless-steel-handle-6.webp"
"","https://cantonlock.com/images/products-hyde/9004s-stainless-steel-handle-video.webp"
"","https://cantonlock.com/products/stainless-steel-handles/9005e-stainless-steel-handle/"
"","https://cantonlock.com/images/products-hyde/9005e-stainless-steel-handle.webp"
"","https://cantonlock.com/images/products-hyde/9005e-stainless-steel-handle-2.webp"
"","https://cantonlock.com/images/products-hyde/9005e-stainless-steel-handle-3.webp"
"","https://cantonlock.com/images/products-hyde/9005e-stainless-steel-handle-4.webp"
"","https://cantonlock.com/images/products-hyde/9005e-stainless-steel-handle-5.webp"
"","https://cantonlock.com/images/products-hyde/9005e-stainless-steel-handle-video.webp"
"","https://cantonlock.com/products/stainless-steel-handles/9005s-stainless-steel-handle/"
"","https://cantonlock.com/images/products-hyde/9005s-stainless-steel-handle.webp"
"","https://cantonlock.com/images/products-hyde/9005s-stainless-steel-handle-2.webp"
"","https://cantonlock.com/images/products-hyde/9005s-stainless-steel-handle-3.webp"
"","https://cantonlock.com/images/products-hyde/9005s-stainless-steel-handle-4.webp"
"","https://cantonlock.com/images/products-hyde/9005s-stainless-steel-handle-5.webp"
"","https://cantonlock.com/images/products-hyde/9005s-stainless-steel-handle-video.webp"
"","https://cantonlock.com/products/stainless-steel-handles/9006s-stainless-steel-handle/"
"","https://cantonlock.com/images/products-hyde/9006s-stainless-steel-handle.webp"
"","https://cantonlock.com/images/products-hyde/9006s-stainless-steel-handle-2.webp"
"","https://cantonlock.com/images/products-hyde/9006s-stainless-steel-handle-3.webp"
"","https://cantonlock.com/images/products-hyde/9006s-stainless-steel-handle-4.webp"
"","https://cantonlock.com/images/products-hyde/9006s-stainless-steel-handle-5.webp"
"","https://cantonlock.com/images/products-hyde/9006s-stainless-steel-handle-video.webp"
"","https://cantonlock.com/products/stainless-steel-handles/9007-stainless-steel-handle/"
"","https://cantonlock.com/images/products-hyde/9007-stainless-steel-handle.webp"
"","https://cantonlock.com/products/stainless-steel-handles/9007e-stainless-steel-handle/"
"","https://cantonlock.com/images/products-hyde/9007e-stainless-steel-handle.webp"
"","https://cantonlock.com/images/products-hyde/9007e-stainless-steel-handle-2.webp"
"","https://cantonlock.com/images/products-hyde/9007e-stainless-steel-handle-3.webp"
"","https://cantonlock.com/images/products-hyde/9007e-stainless-steel-handle-4.webp"
"","https://cantonlock.com/images/products-hyde/9007e-stainless-steel-handle-5.webp"
"","https://cantonlock.com/images/products-hyde/9007e-stainless-steel-handle-6.webp"
"","https://cantonlock.com/images/products-hyde/9007e-stainless-steel-handle-video.webp"
"","https://cantonlock.com/products/stainless-steel-handles/9007s-stainless-steel-handle/"
"","https://cantonlock.com/images/products-hyde/9007s-stainless-steel-handle.webp"
"","https://cantonlock.com/images/products-hyde/9007s-stainless-steel-handle-2.webp"
"","https://cantonlock.com/images/products-hyde/9007s-stainless-steel-handle-3.webp"
"","https://cantonlock.com/images/products-hyde/9007s-stainless-steel-handle-4.webp"
"","https://cantonlock.com/images/products-hyde/9007s-stainless-steel-handle-5.webp"
"","https://cantonlock.com/products/stainless-steel-handles/9008e-stainless-steel-handle/"
"","https://cantonlock.com/images/products-hyde/9008e-stainless-steel-handle.webp"
"","https://cantonlock.com/images/products-hyde/9008e-stainless-steel-handle-2.webp"
"","https://cantonlock.com/images/products-hyde/9008e-stainless-steel-handle-3.webp"
"","https://cantonlock.com/images/products-hyde/9008e-stainless-steel-handle-4.webp"
"","https://cantonlock.com/images/products-hyde/9008e-stainless-steel-handle-video.webp"
"","https://cantonlock.com/products/stainless-steel-handles/9008s-stainless-steel-handle/"
"","https://cantonlock.com/images/products-hyde/9008s-stainless-steel-handle.webp"
"","https://cantonlock.com/images/products-hyde/9008s-stainless-steel-handle-2.webp"
"","https://cantonlock.com/images/products-hyde/9008s-stainless-steel-handle-3.webp"
"","https://cantonlock.com/images/products-hyde/9008s-stainless-steel-handle-4.webp"
"","https://cantonlock.com/images/products-hyde/9008s-stainless-steel-handle-5.webp"
"","https://cantonlock.com/images/products-hyde/9008s-stainless-steel-handle-video.webp"
"","https://cantonlock.com/products/stainless-steel-handles/9010e-stainless-steel-handle/"
"","https://cantonlock.com/images/products-hyde/9010e-stainless-steel-handle.webp"
"","https://cantonlock.com/images/products-hyde/9010e-stainless-steel-handle-2.webp"
"","https://cantonlock.com/images/products-hyde/9010e-stainless-steel-handle-3.webp"
"","https://cantonlock.com/images/products-hyde/9010e-stainless-steel-handle-4.webp"
"","https://cantonlock.com/images/products-hyde/9010e-stainless-steel-handle-5.webp"
"","https://cantonlock.com/images/products-hyde/9010e-stainless-steel-handle-video.webp"
"","https://cantonlock.com/products/stainless-steel-handles/9011e-stainless-steel-handle/"
"","https://cantonlock.com/images/products-hyde/9011e-stainless-steel-handle.webp"
"","https://cantonlock.com/images/products-hyde/9011e-stainless-steel-handle-2.webp"
"","https://cantonlock.com/images/products-hyde/9011e-stainless-steel-handle-3.webp"
"","https://cantonlock.com/images/products-hyde/9011e-stainless-steel-handle-4.webp"
"","https://cantonlock.com/images/products-hyde/9011e-stainless-steel-handle-video.webp"
"","https://cantonlock.com/products/stainless-steel-handles/9012e-stainless-steel-handle/"
"","https://cantonlock.com/images/products-hyde/9012e-stainless-steel-handle.webp"
"","https://cantonlock.com/images/products-hyde/9012e-stainless-steel-handle-2.webp"
"","https://cantonlock.com/images/products-hyde/9012e-stainless-steel-handle-3.webp"
"","https://cantonlock.com/images/products-hyde/9012e-stainless-steel-handle-4.webp"
"","https://cantonlock.com/images/products-hyde/9012e-stainless-steel-handle-5.webp"
"","https://cantonlock.com/images/products-hyde/9012e-stainless-steel-handle-6.webp"
"","https://cantonlock.com/images/products-hyde/9012e-stainless-steel-handle-7.webp"
"","https://cantonlock.com/images/products-hyde/9012e-stainless-steel-handle-video.webp"
"","https://cantonlock.com/products/stainless-steel-handles/9014-ssbk-stainless-steel-handle/"
"","https://cantonlock.com/images/products-hyde/9014-ssbk-stainless-steel-handle.webp"
"","https://cantonlock.com/images/products-hyde/9014-ssbk-stainless-steel-handle-2.webp"
"","https://cantonlock.com/images/products-hyde/9014-ssbk-stainless-steel-handle-3.webp"
"","https://cantonlock.com/images/products-hyde/9014-ssbk-stainless-steel-handle-4.webp"
"","https://cantonlock.com/images/products-hyde/9014-ssbk-stainless-steel-handle-5.webp"
"","https://cantonlock.com/images/products-hyde/9014-ssbk-stainless-steel-handle-6.webp"
"","https://cantonlock.com/images/products-hyde/9014-ssbk-stainless-steel-handle-7.webp"
"","https://cantonlock.com/images/products-hyde/9014-ssbk-stainless-steel-handle-8.webp"
"","https://cantonlock.com/images/products-hyde/9014-ssbk-stainless-steel-handle-video.webp"
"","https://cantonlock.com/products/stainless-steel-handles/9014-sset-stainless-steel-handle/"
"","https://cantonlock.com/images/products-hyde/9014-sset-stainless-steel-handle.webp"
"","https://cantonlock.com/images/products-hyde/9014-sset-stainless-steel-handle-2.webp"
"","https://cantonlock.com/images/products-hyde/9014-sset-stainless-steel-handle-3.webp"
"","https://cantonlock.com/images/products-hyde/9014-sset-stainless-steel-handle-4.webp"
"","https://cantonlock.com/images/products-hyde/9014-sset-stainless-steel-handle-5.webp"
"","https://cantonlock.com/images/products-hyde/9014-sset-stainless-steel-handle-6.webp"
"","https://cantonlock.com/images/products-hyde/9014-sset-stainless-steel-handle-7.webp"
"","https://cantonlock.com/images/products-hyde/9014-sset-stainless-steel-handle-8.webp"
"","https://cantonlock.com/images/products-hyde/9014-sset-stainless-steel-handle-video.webp"
"","https://cantonlock.com/products/stainless-steel-handles/9014-stainless-steel-handle/"
"","https://cantonlock.com/images/products-hyde/9014-stainless-steel-handle.webp"
"","https://cantonlock.com/images/products-hyde/9014-stainless-steel-handle-2.webp"
"","https://cantonlock.com/products/stainless-steel-handles/9014s-stainless-steel-handle/"
"","https://cantonlock.com/images/products-hyde/9014s-stainless-steel-handle.webp"
"","https://cantonlock.com/images/products-hyde/9014s-stainless-steel-handle-2.webp"
"","https://cantonlock.com/images/products-hyde/9014s-stainless-steel-handle-3.webp"
"","https://cantonlock.com/images/products-hyde/9014s-stainless-steel-handle-4.webp"
"","https://cantonlock.com/images/products-hyde/9014s-stainless-steel-handle-video.webp"
"","https://cantonlock.com/products/stainless-steel-handles/9015-stainless-steel-handle/"
"","https://cantonlock.com/images/products-hyde/9015-stainless-steel-handle.webp"
"","https://cantonlock.com/images/products-hyde/9015-stainless-steel-handle-2.webp"
"","https://cantonlock.com/images/products-hyde/9015-stainless-steel-handle-3.webp"
"","https://cantonlock.com/images/products-hyde/9015-stainless-steel-handle-4.webp"
"","https://cantonlock.com/images/products-hyde/9015-stainless-steel-handle-5.webp"
"","https://cantonlock.com/images/products-hyde/9015-stainless-steel-handle-video.webp"
"","https://cantonlock.com/products/stainless-steel-handles/9016s-stainless-steel-handle/"
"","https://cantonlock.com/images/products-hyde/9016s-stainless-steel-handle.webp"
"","https://cantonlock.com/images/products-hyde/9016s-stainless-steel-handle-2.webp"
"","https://cantonlock.com/images/products-hyde/9016s-stainless-steel-handle-3.webp"
"","https://cantonlock.com/images/products-hyde/9016s-stainless-steel-handle-4.webp"
"","https://cantonlock.com/images/products-hyde/9016s-stainless-steel-handle-5.webp"
"","https://cantonlock.com/images/products-hyde/9016s-stainless-steel-handle-video.webp"
"","https://cantonlock.com/products/stainless-steel-handles/9020s-stainless-steel-handle/"
"","https://cantonlock.com/images/products-hyde/9020s-stainless-steel-handle.webp"
"","https://cantonlock.com/images/products-hyde/9020s-stainless-steel-handle-2.webp"
"","https://cantonlock.com/images/products-hyde/9020s-stainless-steel-handle-3.webp"
"","https://cantonlock.com/images/products-hyde/9020s-stainless-steel-handle-4.webp"
"","https://cantonlock.com/images/products-hyde/9020s-stainless-steel-handle-video.webp"
"","https://cantonlock.com/products/stainless-steel-handles/9021-stainless-steel-handle/"
"","https://cantonlock.com/images/products-hyde/9021-stainless-steel-handle.webp"
"","https://cantonlock.com/images/products-hyde/9021-stainless-steel-handle-2.webp"
"","https://cantonlock.com/images/products-hyde/9021-stainless-steel-handle-3.webp"
"","https://cantonlock.com/images/products-hyde/9021-stainless-steel-handle-4.webp"
"","https://cantonlock.com/images/products-hyde/9021-stainless-steel-handle-5.webp"
"","https://cantonlock.com/images/products-hyde/9021-stainless-steel-handle-video.webp"
"","https://cantonlock.com/products/panic-exit-devices/9080e-panic-exit-device-trim/"
"","https://cantonlock.com/images/products-hyde/9080e-panic-exit-device-trim.webp"
"","https://cantonlock.com/images/products-hyde/9080e-panic-exit-device-trim-2.webp"
"","https://cantonlock.com/images/products-hyde/9080e-panic-exit-device-trim-3.webp"
"","https://cantonlock.com/images/products-hyde/9080e-panic-exit-device-trim-4.webp"
"","https://cantonlock.com/images/products-hyde/9080e-panic-exit-device-trim-5.webp"
"","https://cantonlock.com/products/stainless-steel-handles/9082e-stainless-steel-handle/"
"","https://cantonlock.com/images/products-hyde/9082e-stainless-steel-handle.webp"
"","https://cantonlock.com/images/products-hyde/9082e-stainless-steel-handle-2.webp"
"","https://cantonlock.com/images/products-hyde/9082e-stainless-steel-handle-3.webp"
"","https://cantonlock.com/images/products-hyde/9082e-stainless-steel-handle-4.webp"
"","https://cantonlock.com/images/products-hyde/9082e-stainless-steel-handle-5.webp"
"","https://cantonlock.com/images/products-hyde/9082e-stainless-steel-handle-video.webp"
"","https://cantonlock.com/products/stainless-steel-handles/9087-ss-stainless-steel-handle/"
"","https://cantonlock.com/images/products-hyde/9087-ss-stainless-steel-handle.webp"
"","https://cantonlock.com/images/products-hyde/9087-ss-stainless-steel-handle-2.webp"
"","https://cantonlock.com/images/products-hyde/9087-ss-stainless-steel-handle-3.webp"
"","https://cantonlock.com/images/products-hyde/9087-ss-stainless-steel-handle-4.webp"
"","https://cantonlock.com/images/products-hyde/9087-ss-stainless-steel-handle-5.webp"
"","https://cantonlock.com/products/stainless-steel-handles/9088-ss-stainless-steel-handle/"
"","https://cantonlock.com/images/products-hyde/9088-ss-stainless-steel-handle.webp"
"","https://cantonlock.com/images/products-hyde/9088-ss-stainless-steel-handle-2.webp"
"","https://cantonlock.com/images/products-hyde/9088-ss-stainless-steel-handle-3.webp"
"","https://cantonlock.com/images/products-hyde/9088-ss-stainless-steel-handle-4.webp"
"","https://cantonlock.com/images/products-hyde/9088-ss-stainless-steel-handle-5.webp"
"","https://cantonlock.com/images/products-hyde/9088-ss-stainless-steel-handle-6.webp"
"","https://cantonlock.com/images/products-hyde/9088-ss-stainless-steel-handle-7.webp"
"","https://cantonlock.com/images/products-hyde/9088-ss-stainless-steel-handle-video.webp"
"","https://cantonlock.com/products/knob-locks/9210-pbbk-tubular-lock/"
"","https://cantonlock.com/images/products-hyde/9210-pbbk-tubular-lock.webp"
"","https://cantonlock.com/images/products-hyde/9210-pbbk-tubular-lock-2.webp"
"","https://cantonlock.com/products/knob-locks/9210-pbet-tubular-lock/"
"","https://cantonlock.com/images/products-hyde/9210-pbet-tubular-lock.webp"
"","https://cantonlock.com/images/products-hyde/9210-pbet-tubular-lock-2.webp"
"","https://cantonlock.com/products/knob-locks/9210-ssbk-tubular-lock/"
"","https://cantonlock.com/images/products-hyde/9210-ssbk-tubular-lock.webp"
"","https://cantonlock.com/images/products-hyde/9210-ssbk-tubular-lock-2.webp"
"","https://cantonlock.com/images/products-hyde/9210-ssbk-tubular-lock-3.webp"
"","https://cantonlock.com/images/products-hyde/9210-ssbk-tubular-lock-4.webp"
"","https://cantonlock.com/images/products-hyde/9210-ssbk-tubular-lock-5.webp"
"","https://cantonlock.com/images/products-hyde/9210-ssbk-tubular-lock-6.webp"
"","https://cantonlock.com/images/products-hyde/9210-ssbk-tubular-lock-video.webp"
"","https://cantonlock.com/products/knob-locks/9210-sset-tubular-lock/"
"","https://cantonlock.com/images/products-hyde/9210-sset-tubular-lock.webp"
"","https://cantonlock.com/images/products-hyde/9210-sset-tubular-lock-2.webp"
"","https://cantonlock.com/images/products-hyde/9210-sset-tubular-lock-3.webp"
"","https://cantonlock.com/images/products-hyde/9210-sset-tubular-lock-4.webp"
"","https://cantonlock.com/images/products-hyde/9210-sset-tubular-lock-5.webp"
"","https://cantonlock.com/images/products-hyde/9210-sset-tubular-lock-video.webp"
"","https://cantonlock.com/products/brass-steel-hinges/aah024-brass-and-steel-hinges/"
"","https://cantonlock.com/images/products-hyde/aah024-brass-and-steel-hinges.webp"
"","https://cantonlock.com/images/products-hyde/aah024-brass-and-steel-hinges-2.webp"
"","https://cantonlock.com/images/products-hyde/aah024-brass-and-steel-hinges-3.webp"
"","https://cantonlock.com/images/products-hyde/aah024-brass-and-steel-hinges-4.webp"
"","https://cantonlock.com/images/products-hyde/aah024-brass-and-steel-hinges-5.webp"
"","https://cantonlock.com/images/products-hyde/aah024-brass-and-steel-hinges-6.webp"
"","https://cantonlock.com/images/products-hyde/aah024-brass-and-steel-hinges-7.webp"
"","https://cantonlock.com/images/products-hyde/aah024-brass-and-steel-hinges-video.webp"
"","https://cantonlock.com/products/lock-cases/ai8530-lock-case/"
"","https://cantonlock.com/images/products-hyde/ai8530-lock-case.webp"
"","https://cantonlock.com/products/brass-steel-hinges/b024-brass-and-steel-hinges/"
"","https://cantonlock.com/images/products-hyde/b024-brass-and-steel-hinges.webp"
"","https://cantonlock.com/products/brass-steel-hinges/b025-brass-and-steel-hinges/"
"","https://cantonlock.com/images/products-hyde/b025-brass-and-steel-hinges.webp"
"","https://cantonlock.com/images/products-hyde/b025-brass-and-steel-hinges-2.webp"
"","https://cantonlock.com/images/products-hyde/b025-brass-and-steel-hinges-3.webp"
"","https://cantonlock.com/images/products-hyde/b025-brass-and-steel-hinges-4.webp"
"","https://cantonlock.com/images/products-hyde/b025-brass-and-steel-hinges-5.webp"
"","https://cantonlock.com/products/care-grab-bars/bh01-grab-bar/"
"","https://cantonlock.com/images/products-hyde/bh01-grab-bar-3.webp"
"","https://cantonlock.com/images/products-hyde/bh01-grab-bar.webp"
"","https://cantonlock.com/images/products-hyde/bh01-grab-bar-4.webp"
"","https://cantonlock.com/images/products-hyde/bh01-grab-bar-5.webp"
"","https://cantonlock.com/images/products-hyde/bh01-grab-bar-6.webp"
"","https://cantonlock.com/images/products-hyde/bh01-grab-bar-video.webp"
"","https://cantonlock.com/products/care-grab-bars/bh02-knurled-grab-bar/"
"","https://cantonlock.com/images/products-hyde/bh02-knurled-grab-bar.webp"
"","https://cantonlock.com/images/products-hyde/bh02-knurled-grab-bar-2.webp"
"","https://cantonlock.com/images/products-hyde/bh02-knurled-grab-bar-3.webp"
"","https://cantonlock.com/images/products-hyde/bh02-knurled-grab-bar-4.webp"
"","https://cantonlock.com/images/products-hyde/bh02-knurled-grab-bar-5.webp"
"","https://cantonlock.com/images/products-hyde/bh02-knurled-grab-bar-6.webp"
"","https://cantonlock.com/products/care-grab-bars/bh03-angled-grab-bar/"
"","https://cantonlock.com/images/products-hyde/bh03-angled-grab-bar.webp"
"","https://cantonlock.com/images/products-hyde/bh03-angled-grab-bar-2.webp"
"","https://cantonlock.com/images/products-hyde/bh03-angled-grab-bar-3.webp"
"","https://cantonlock.com/images/products-hyde/bh03-angled-grab-bar-4.webp"
"","https://cantonlock.com/images/products-hyde/bh03-angled-grab-bar-5.webp"
"","https://cantonlock.com/images/products-hyde/bh03-angled-grab-bar-6.webp"
"","https://cantonlock.com/products/care-grab-bars/bh04-angled-grab-bar/"
"","https://cantonlock.com/images/products-hyde/bh04-angled-grab-bar.webp"
"","https://cantonlock.com/images/products-hyde/bh04-angled-grab-bar-2.webp"
"","https://cantonlock.com/images/products-hyde/bh04-angled-grab-bar-3.webp"
"","https://cantonlock.com/images/products-hyde/bh04-angled-grab-bar-4.webp"
"","https://cantonlock.com/products/bathroom-accessories/bh05-hook-rail/"
"","https://cantonlock.com/images/products-hyde/bh05-hook-rail.webp"
"","https://cantonlock.com/images/products-hyde/bh05-hook-rail-2.webp"
"","https://cantonlock.com/images/products-hyde/bh05-hook-rail-3.webp"
"","https://cantonlock.com/images/products-hyde/bh05-hook-rail-4.webp"
"","https://cantonlock.com/images/products-hyde/bh05-hook-rail-5.webp"
"","https://cantonlock.com/images/products-hyde/bh05-hook-rail-6.webp"
"","https://cantonlock.com/images/products-hyde/bh05-hook-rail-7.webp"
"","https://cantonlock.com/images/products-hyde/bh05-hook-rail-8.webp"
"","https://cantonlock.com/products/bathroom-accessories/bh06-hook-rail/"
"","https://cantonlock.com/images/products-hyde/bh06-hook-rail.webp"
"","https://cantonlock.com/images/products-hyde/bh06-hook-rail-2.webp"
"","https://cantonlock.com/images/products-hyde/bh06-hook-rail-3.webp"
"","https://cantonlock.com/images/products-hyde/bh06-hook-rail-4.webp"
"","https://cantonlock.com/images/products-hyde/bh06-hook-rail-5.webp"
"","https://cantonlock.com/images/products-hyde/bh06-hook-rail-6.webp"
"","https://cantonlock.com/images/products-hyde/bh06-hook-rail-7.webp"
"","https://cantonlock.com/products/bathroom-accessories/bh07-hook-rail/"
"","https://cantonlock.com/images/products-hyde/bh07-hook-rail.webp"
"","https://cantonlock.com/images/products-hyde/bh07-hook-rail-2.webp"
"","https://cantonlock.com/images/products-hyde/bh07-hook-rail-3.webp"
"","https://cantonlock.com/images/products-hyde/bh07-hook-rail-4.webp"
"","https://cantonlock.com/images/products-hyde/bh07-hook-rail-5.webp"
"","https://cantonlock.com/images/products-hyde/bh07-hook-rail-6.webp"
"","https://cantonlock.com/images/products-hyde/bh07-hook-rail-7.webp"
"","https://cantonlock.com/products/bathroom-accessories/bh08-hook-rail/"
"","https://cantonlock.com/images/products-hyde/bh08-hook-rail.webp"
"","https://cantonlock.com/images/products-hyde/bh08-hook-rail-2.webp"
"","https://cantonlock.com/images/products-hyde/bh08-hook-rail-3.webp"
"","https://cantonlock.com/images/products-hyde/bh08-hook-rail-4.webp"
"","https://cantonlock.com/products/bathroom-accessories/bh09-hook-rail/"
"","https://cantonlock.com/images/products-hyde/bh09-hook-rail.webp"
"","https://cantonlock.com/images/products-hyde/bh09-hook-rail-2.webp"
"","https://cantonlock.com/images/products-hyde/bh09-hook-rail-3.webp"
"","https://cantonlock.com/images/products-hyde/bh09-hook-rail-4.webp"
"","https://cantonlock.com/products/bathroom-accessories/bh10-robe-hook/"
"","https://cantonlock.com/images/products-hyde/bh10-robe-hook.webp"
"","https://cantonlock.com/images/products-hyde/bh10-robe-hook-2.webp"
"","https://cantonlock.com/images/products-hyde/bh10-robe-hook-3.webp"
"","https://cantonlock.com/images/products-hyde/bh10-robe-hook-4.webp"
"","https://cantonlock.com/products/bathroom-accessories/bh11-robe-hook/"
"","https://cantonlock.com/images/products-hyde/bh11-robe-hook.webp"
"","https://cantonlock.com/images/products-hyde/bh11-robe-hook-2.webp"
"","https://cantonlock.com/images/products-hyde/bh11-robe-hook-3.webp"
"","https://cantonlock.com/images/products-hyde/bh11-robe-hook-4.webp"
"","https://cantonlock.com/products/bathroom-accessories/bh12-robe-hook/"
"","https://cantonlock.com/images/products-hyde/bh12-robe-hook.webp"
"","https://cantonlock.com/images/products-hyde/bh12-robe-hook-2.webp"
"","https://cantonlock.com/images/products-hyde/bh12-robe-hook-3.webp"
"","https://cantonlock.com/images/products-hyde/bh12-robe-hook-4.webp"
"","https://cantonlock.com/products/bathroom-accessories/bh13-robe-hook/"
"","https://cantonlock.com/images/products-hyde/bh13-robe-hook.webp"
"","https://cantonlock.com/images/products-hyde/bh13-robe-hook-2.webp"
"","https://cantonlock.com/images/products-hyde/bh13-robe-hook-3.webp"
"","https://cantonlock.com/images/products-hyde/bh13-robe-hook-4.webp"
"","https://cantonlock.com/images/products-hyde/bh13-robe-hook-5.webp"
"","https://cantonlock.com/products/bathroom-accessories/bh14-robe-hook/"
"","https://cantonlock.com/images/products-hyde/bh14-robe-hook.webp"
"","https://cantonlock.com/images/products-hyde/bh14-robe-hook-2.webp"
"","https://cantonlock.com/images/products-hyde/bh14-robe-hook-3.webp"
"","https://cantonlock.com/images/products-hyde/bh14-robe-hook-4.webp"
"","https://cantonlock.com/images/products-hyde/bh14-robe-hook-5.webp"
"","https://cantonlock.com/images/products-hyde/bh14-robe-hook-6.webp"
"","https://cantonlock.com/products/hardware-accessories/bh15-100mm-barrel-bolt/"
"","https://cantonlock.com/images/products-hyde/bh15-100mm-barrel-bolt.webp"
"","https://cantonlock.com/images/products-hyde/bh15-100mm-barrel-bolt-2.webp"
"","https://cantonlock.com/images/products-hyde/bh15-100mm-barrel-bolt-3.webp"
"","https://cantonlock.com/images/products-hyde/bh15-100mm-barrel-bolt-4.webp"
"","https://cantonlock.com/products/hardware-accessories/bh15-80mm-barrel-bolt/"
"","https://cantonlock.com/images/products-hyde/bh15-80mm-barrel-bolt.webp"
"","https://cantonlock.com/images/products-hyde/bh15-80mm-barrel-bolt-2.webp"
"","https://cantonlock.com/images/products-hyde/bh15-80mm-barrel-bolt-3.webp"
"","https://cantonlock.com/images/products-hyde/bh15-80mm-barrel-bolt-4.webp"
"","https://cantonlock.com/products/hardware-accessories/bh16-flat-slide-bolt/"
"","https://cantonlock.com/images/products-hyde/bh16-flat-slide-bolt.webp"
"","https://cantonlock.com/images/products-hyde/bh16-flat-slide-bolt-2.webp"
"","https://cantonlock.com/images/products-hyde/bh16-flat-slide-bolt-3.webp"
"","https://cantonlock.com/images/products-hyde/bh16-flat-slide-bolt-4.webp"
"","https://cantonlock.com/images/products-hyde/bh16-flat-slide-bolt-5.webp"
"","https://cantonlock.com/products/hardware-accessories/bh17-spring-latch/"
"","https://cantonlock.com/images/products-hyde/bh17-spring-latch.webp"
"","https://cantonlock.com/images/products-hyde/bh17-spring-latch-2.webp"
"","https://cantonlock.com/images/products-hyde/bh17-spring-latch-3.webp"
"","https://cantonlock.com/images/products-hyde/bh17-spring-latch-4.webp"
"","https://cantonlock.com/products/bathroom-accessories/bh18-towel-ring/"
"","https://cantonlock.com/images/products-hyde/bh18-towel-ring.webp"
"","https://cantonlock.com/images/products-hyde/bh18-towel-ring-2.webp"
"","https://cantonlock.com/images/products-hyde/bh18-towel-ring-3.webp"
"","https://cantonlock.com/images/products-hyde/bh18-towel-ring-4.webp"
"","https://cantonlock.com/images/products-hyde/bh18-towel-ring-5.webp"
"","https://cantonlock.com/products/bathroom-accessories/bh19-toilet-roll-holder/"
"","https://cantonlock.com/images/products-hyde/bh19-toilet-roll-holder.webp"
"","https://cantonlock.com/images/products-hyde/bh19-toilet-roll-holder-2.webp"
"","https://cantonlock.com/images/products-hyde/bh19-toilet-roll-holder-3.webp"
"","https://cantonlock.com/images/products-hyde/bh19-toilet-roll-holder-4.webp"
"","https://cantonlock.com/images/products-hyde/bh19-toilet-roll-holder-5.webp"
"","https://cantonlock.com/images/products-hyde/bh19-toilet-roll-holder-6.webp"
"","https://cantonlock.com/products/bathroom-accessories/bh20-toilet-roll-holder-with-cover/"
"","https://cantonlock.com/images/products-hyde/bh20-toilet-roll-holder-with-cover.webp"
"","https://cantonlock.com/images/products-hyde/bh20-toilet-roll-holder-with-cover-2.webp"
"","https://cantonlock.com/images/products-hyde/bh20-toilet-roll-holder-with-cover-3.webp"
"","https://cantonlock.com/images/products-hyde/bh20-toilet-roll-holder-with-cover-4.webp"
"","https://cantonlock.com/images/products-hyde/bh20-toilet-roll-holder-with-cover-5.webp"
"","https://cantonlock.com/images/products-hyde/bh20-toilet-roll-holder-with-cover-6.webp"
"","https://cantonlock.com/products/bathroom-accessories/bh21-toilet-roll-holder/"
"","https://cantonlock.com/images/products-hyde/bh21-toilet-roll-holder.webp"
"","https://cantonlock.com/images/products-hyde/bh21-toilet-roll-holder-2.webp"
"","https://cantonlock.com/images/products-hyde/bh21-toilet-roll-holder-3.webp"
"","https://cantonlock.com/images/products-hyde/bh21-toilet-roll-holder-4.webp"
"","https://cantonlock.com/products/bathroom-accessories/bh22-toilet-roll-holder/"
"","https://cantonlock.com/images/products-hyde/bh22-toilet-roll-holder.webp"
"","https://cantonlock.com/images/products-hyde/bh22-toilet-roll-holder-2.webp"
"","https://cantonlock.com/images/products-hyde/bh22-toilet-roll-holder-3.webp"
"","https://cantonlock.com/images/products-hyde/bh22-toilet-roll-holder-4.webp"
"","https://cantonlock.com/images/products-hyde/bh22-toilet-roll-holder-5.webp"
"","https://cantonlock.com/products/bathroom-accessories/bh23-toilet-roll-holder-with-shelf/"
"","https://cantonlock.com/images/products-hyde/bh23-toilet-roll-holder-with-shelf.webp"
"","https://cantonlock.com/images/products-hyde/bh23-toilet-roll-holder-with-shelf-2.webp"
"","https://cantonlock.com/images/products-hyde/bh23-toilet-roll-holder-with-shelf-3.webp"
"","https://cantonlock.com/images/products-hyde/bh23-toilet-roll-holder-with-shelf-4.webp"
"","https://cantonlock.com/products/bathroom-accessories/bh24-paper-towel-dispenser/"
"","https://cantonlock.com/images/products-hyde/bh24-paper-towel-dispenser.webp"
"","https://cantonlock.com/images/products-hyde/bh24-paper-towel-dispenser-2.webp"
"","https://cantonlock.com/images/products-hyde/bh24-paper-towel-dispenser-3.webp"
"","https://cantonlock.com/images/products-hyde/bh24-paper-towel-dispenser-4.webp"
"","https://cantonlock.com/products/bathroom-accessories/bh25-jumbo-roll-dispenser/"
"","https://cantonlock.com/images/products-hyde/bh25-jumbo-roll-dispenser.webp"
"","https://cantonlock.com/images/products-hyde/bh25-jumbo-roll-dispenser-2.webp"
"","https://cantonlock.com/images/products-hyde/bh25-jumbo-roll-dispenser-3.webp"
"","https://cantonlock.com/images/products-hyde/bh25-jumbo-roll-dispenser-4.webp"
"","https://cantonlock.com/products/bathroom-accessories/bh26-soap-dish/"
"","https://cantonlock.com/images/products-hyde/bh26-soap-dish.webp"
"","https://cantonlock.com/images/products-hyde/bh26-soap-dish-2.webp"
"","https://cantonlock.com/images/products-hyde/bh26-soap-dish-3.webp"
"","https://cantonlock.com/images/products-hyde/bh26-soap-dish-4.webp"
"","https://cantonlock.com/images/products-hyde/bh26-soap-dish-5.webp"
"","https://cantonlock.com/products/bathroom-accessories/bh27-wire-soap-dish/"
"","https://cantonlock.com/images/products-hyde/bh27-wire-soap-dish.webp"
"","https://cantonlock.com/images/products-hyde/bh27-wire-soap-dish-2.webp"
"","https://cantonlock.com/images/products-hyde/bh27-wire-soap-dish-3.webp"
"","https://cantonlock.com/images/products-hyde/bh27-wire-soap-dish-4.webp"
"","https://cantonlock.com/images/products-hyde/bh27-wire-soap-dish-5.webp"
"","https://cantonlock.com/products/bathroom-accessories/bh28-shower-basket/"
"","https://cantonlock.com/images/products-hyde/bh28-shower-basket.webp"
"","https://cantonlock.com/images/products-hyde/bh28-shower-basket-2.webp"
"","https://cantonlock.com/images/products-hyde/bh28-shower-basket-3.webp"
"","https://cantonlock.com/images/products-hyde/bh28-shower-basket-4.webp"
"","https://cantonlock.com/images/products-hyde/bh28-shower-basket-5.webp"
"","https://cantonlock.com/products/bathroom-accessories/bh29-corner-shower-basket/"
"","https://cantonlock.com/images/products-hyde/bh29-corner-shower-basket.webp"
"","https://cantonlock.com/images/products-hyde/bh29-corner-shower-basket-2.webp"
"","https://cantonlock.com/images/products-hyde/bh29-corner-shower-basket-3.webp"
"","https://cantonlock.com/images/products-hyde/bh29-corner-shower-basket-4.webp"
"","https://cantonlock.com/images/products-hyde/bh29-corner-shower-basket-5.webp"
"","https://cantonlock.com/products/bathroom-accessories/bh30-two-tier-corner-shower-basket/"
"","https://cantonlock.com/images/products-hyde/bh30-two-tier-corner-shower-basket.webp"
"","https://cantonlock.com/images/products-hyde/bh30-two-tier-corner-shower-basket-2.webp"
"","https://cantonlock.com/images/products-hyde/bh30-two-tier-corner-shower-basket-3.webp"
"","https://cantonlock.com/images/products-hyde/bh30-two-tier-corner-shower-basket-4.webp"
"","https://cantonlock.com/images/products-hyde/bh30-two-tier-corner-shower-basket-5.webp"
"","https://cantonlock.com/images/products-hyde/bh30-two-tier-corner-shower-basket-6.webp"
"","https://cantonlock.com/images/products-hyde/bh30-two-tier-corner-shower-basket-7.webp"
"","https://cantonlock.com/products/bathroom-accessories/bh31-two-tier-corner-shower-basket/"
"","https://cantonlock.com/images/products-hyde/bh31-two-tier-corner-shower-basket.webp"
"","https://cantonlock.com/images/products-hyde/bh31-two-tier-corner-shower-basket-2.webp"
"","https://cantonlock.com/images/products-hyde/bh31-two-tier-corner-shower-basket-4.webp"
"","https://cantonlock.com/images/products-hyde/bh31-two-tier-corner-shower-basket-5.webp"
"","https://cantonlock.com/images/products-hyde/bh31-two-tier-corner-shower-basket-6.webp"
"","https://cantonlock.com/products/bathroom-accessories/bh32-towel-shelf-with-hooks/"
"","https://cantonlock.com/images/products-hyde/bh32-towel-shelf-with-hooks.webp"
"","https://cantonlock.com/images/products-hyde/bh32-towel-shelf-with-hooks-2.webp"
"","https://cantonlock.com/images/products-hyde/bh32-towel-shelf-with-hooks-3.webp"
"","https://cantonlock.com/images/products-hyde/bh32-towel-shelf-with-hooks-4.webp"
"","https://cantonlock.com/images/products-hyde/bh32-towel-shelf-with-hooks-5.webp"
"","https://cantonlock.com/products/bathroom-accessories/bh33-towel-shelf/"
"","https://cantonlock.com/images/products-hyde/bh33-towel-shelf.webp"
"","https://cantonlock.com/images/products-hyde/bh33-towel-shelf-2.webp"
"","https://cantonlock.com/images/products-hyde/bh33-towel-shelf-3.webp"
"","https://cantonlock.com/images/products-hyde/bh33-towel-shelf-4.webp"
"","https://cantonlock.com/images/products-hyde/bh33-towel-shelf-5.webp"
"","https://cantonlock.com/images/products-hyde/bh33-towel-shelf-6.webp"
"","https://cantonlock.com/products/bathroom-accessories/bh34-towel-bar/"
"","https://cantonlock.com/images/products-hyde/bh34-towel-bar.webp"
"","https://cantonlock.com/images/products-hyde/bh34-towel-bar-2.webp"
"","https://cantonlock.com/images/products-hyde/bh34-towel-bar-3.webp"
"","https://cantonlock.com/images/products-hyde/bh34-towel-bar-4.webp"
"","https://cantonlock.com/images/products-hyde/bh34-towel-bar-5.webp"
"","https://cantonlock.com/products/bathroom-accessories/bh35-soap-dispenser/"
"","https://cantonlock.com/images/products-hyde/bh35-soap-dispenser.webp"
"","https://cantonlock.com/images/products-hyde/bh35-soap-dispenser-2.webp"
"","https://cantonlock.com/images/products-hyde/bh35-soap-dispenser-3.webp"
"","https://cantonlock.com/images/products-hyde/bh35-soap-dispenser-4.webp"
"","https://cantonlock.com/products/bathroom-accessories/bh36-coat-and-hat-hook/"
"","https://cantonlock.com/images/products-hyde/bh36-coat-and-hat-hook.webp"
"","https://cantonlock.com/images/products-hyde/bh36-coat-and-hat-hook-2.webp"
"","https://cantonlock.com/images/products-hyde/bh36-coat-and-hat-hook-3.webp"
"","https://cantonlock.com/images/products-hyde/bh36-coat-and-hat-hook-4.webp"
"","https://cantonlock.com/products/bathroom-accessories/bh37-coat-and-hat-hook/"
"","https://cantonlock.com/images/products-hyde/bh37-coat-and-hat-hook.webp"
"","https://cantonlock.com/images/products-hyde/bh37-coat-and-hat-hook-2.webp"
"","https://cantonlock.com/images/products-hyde/bh37-coat-and-hat-hook-3.webp"
"","https://cantonlock.com/products/bathroom-accessories/bh38-robe-hook/"
"","https://cantonlock.com/images/products-hyde/bh38-robe-hook.webp"
"","https://cantonlock.com/images/products-hyde/bh38-robe-hook-2.webp"
"","https://cantonlock.com/images/products-hyde/bh38-robe-hook-3.webp"
"","https://cantonlock.com/images/products-hyde/bh38-robe-hook-4.webp"
"","https://cantonlock.com/products/bathroom-accessories/bh39-robe-hook/"
"","https://cantonlock.com/images/products-hyde/bh39-robe-hook.webp"
"","https://cantonlock.com/images/products-hyde/bh39-robe-hook-2.webp"
"","https://cantonlock.com/images/products-hyde/bh39-robe-hook-3.webp"
"","https://cantonlock.com/images/products-hyde/bh39-robe-hook-4.webp"
"","https://cantonlock.com/products/bathroom-accessories/bh40-robe-hook/"
"","https://cantonlock.com/images/products-hyde/bh40-robe-hook.webp"
"","https://cantonlock.com/images/products-hyde/bh40-robe-hook-2.webp"
"","https://cantonlock.com/images/products-hyde/bh40-robe-hook-3.webp"
"","https://cantonlock.com/images/products-hyde/bh40-robe-hook-4.webp"
"","https://cantonlock.com/products/bathroom-accessories/bh41-robe-hook/"
"","https://cantonlock.com/images/products-hyde/bh41-robe-hook.webp"
"","https://cantonlock.com/images/products-hyde/bh41-robe-hook-2.webp"
"","https://cantonlock.com/images/products-hyde/bh41-robe-hook-3.webp"
"","https://cantonlock.com/images/products-hyde/bh41-robe-hook-4.webp"
"","https://cantonlock.com/products/bathroom-accessories/bh42-robe-hook/"
"","https://cantonlock.com/images/products-hyde/bh42-robe-hook.webp"
"","https://cantonlock.com/images/products-hyde/bh42-robe-hook-2.webp"
"","https://cantonlock.com/images/products-hyde/bh42-robe-hook-3.webp"
"","https://cantonlock.com/images/products-hyde/bh42-robe-hook-4.webp"
"","https://cantonlock.com/products/bathroom-accessories/bh43-toilet-roll-holder/"
"","https://cantonlock.com/images/products-hyde/bh43-toilet-roll-holder.webp"
"","https://cantonlock.com/images/products-hyde/bh43-toilet-roll-holder-2.webp"
"","https://cantonlock.com/images/products-hyde/bh43-toilet-roll-holder-3.webp"
"","https://cantonlock.com/products/bathroom-accessories/bh50-two-tier-shower-shelf/"
"","https://cantonlock.com/images/products-hyde/bh50-two-tier-shower-shelf.webp"
"","https://cantonlock.com/images/products-hyde/bh50-two-tier-shower-shelf-2.webp"
"","https://cantonlock.com/images/products-hyde/bh50-two-tier-shower-shelf-3.webp"
"","https://cantonlock.com/products/bathroom-accessories/bh51-shower-shelf/"
"","https://cantonlock.com/images/products-hyde/bh51-shower-shelf.webp"
"","https://cantonlock.com/images/products-hyde/bh51-shower-shelf-2.webp"
"","https://cantonlock.com/images/products-hyde/bh51-shower-shelf-3.webp"
"","https://cantonlock.com/images/products-hyde/bh51-shower-shelf-4.webp"
"","https://cantonlock.com/products/bathroom-accessories/bh52-two-tier-corner-shower-shelf/"
"","https://cantonlock.com/images/products-hyde/bh52-two-tier-corner-shower-shelf.webp"
"","https://cantonlock.com/images/products-hyde/bh52-two-tier-corner-shower-shelf-2.webp"
"","https://cantonlock.com/images/products-hyde/bh52-two-tier-corner-shower-shelf-3.webp"
"","https://cantonlock.com/images/products-hyde/bh52-two-tier-corner-shower-shelf-4.webp"
"","https://cantonlock.com/products/bathroom-accessories/bh53-corner-shower-shelf/"
"","https://cantonlock.com/images/products-hyde/bh53-corner-shower-shelf.webp"
"","https://cantonlock.com/images/products-hyde/bh53-corner-shower-shelf-2.webp"
"","https://cantonlock.com/images/products-hyde/bh53-corner-shower-shelf-3.webp"
"","https://cantonlock.com/images/products-hyde/bh53-corner-shower-shelf-4.webp"
"","https://cantonlock.com/images/products-hyde/bh53-corner-shower-shelf-5.webp"
"","https://cantonlock.com/products/bathroom-accessories/bh54-double-robe-hook/"
"","https://cantonlock.com/images/products-hyde/bh54-double-robe-hook.webp"
"","https://cantonlock.com/images/products-hyde/bh54-double-robe-hook-2.webp"
"","https://cantonlock.com/images/products-hyde/bh54-double-robe-hook-3.webp"
"","https://cantonlock.com/images/products-hyde/bh54-double-robe-hook-4.webp"
"","https://cantonlock.com/products/care-grab-bars/bh55-fold-down-shower-seat/"
"","https://cantonlock.com/images/products-hyde/bh55-fold-down-shower-seat.webp"
"","https://cantonlock.com/images/products-hyde/bh55-fold-down-shower-seat-2.webp"
"","https://cantonlock.com/images/products-hyde/bh55-fold-down-shower-seat-3.webp"
"","https://cantonlock.com/images/products-hyde/bh55-fold-down-shower-seat-4.webp"
"","https://cantonlock.com/images/products-hyde/bh55-fold-down-shower-seat-5.webp"
"","https://cantonlock.com/images/products-hyde/bh55-fold-down-shower-seat-6.webp"
"","https://cantonlock.com/images/products-hyde/bh55-fold-down-shower-seat-7.webp"
"","https://cantonlock.com/images/products-hyde/bh55-fold-down-shower-seat-8.webp"
"","https://cantonlock.com/images/products-hyde/bh55-fold-down-shower-seat-video.webp"
"","https://cantonlock.com/products/care-grab-bars/bh56-flip-up-grab-bar/"
"","https://cantonlock.com/images/products-hyde/bh56-flip-up-grab-bar.webp"
"","https://cantonlock.com/images/products-hyde/bh56-flip-up-grab-bar-2.webp"
"","https://cantonlock.com/images/products-hyde/bh56-flip-up-grab-bar-3.webp"
"","https://cantonlock.com/images/products-hyde/bh56-flip-up-grab-bar-4.webp"
"","https://cantonlock.com/images/products-hyde/bh56-flip-up-grab-bar-5.webp"
"","https://cantonlock.com/images/products-hyde/bh56-flip-up-grab-bar-6.webp"
"","https://cantonlock.com/images/products-hyde/bh56-flip-up-grab-bar-video.webp"
"","https://cantonlock.com/products/care-grab-bars/bh57-double-flip-up-grab-bar/"
"","https://cantonlock.com/images/products-hyde/bh57-double-flip-up-grab-bar.webp"
"","https://cantonlock.com/images/products-hyde/bh57-double-flip-up-grab-bar-2.webp"
"","https://cantonlock.com/images/products-hyde/bh57-double-flip-up-grab-bar-3.webp"
"","https://cantonlock.com/images/products-hyde/bh57-double-flip-up-grab-bar-4.webp"
"","https://cantonlock.com/images/products-hyde/bh57-double-flip-up-grab-bar-5.webp"
"","https://cantonlock.com/images/products-hyde/bh57-double-flip-up-grab-bar-6.webp"
"","https://cantonlock.com/images/products-hyde/bh57-double-flip-up-grab-bar-video.webp"
"","https://cantonlock.com/products/care-grab-bars/bh58-flip-up-grab-bar/"
"","https://cantonlock.com/images/products-hyde/bh58-flip-up-grab-bar.webp"
"","https://cantonlock.com/images/products-hyde/bh58-flip-up-grab-bar-2.webp"
"","https://cantonlock.com/images/products-hyde/bh58-flip-up-grab-bar-3.webp"
"","https://cantonlock.com/images/products-hyde/bh58-flip-up-grab-bar-4.webp"
"","https://cantonlock.com/images/products-hyde/bh58-flip-up-grab-bar-5.webp"
"","https://cantonlock.com/images/products-hyde/bh58-flip-up-grab-bar-video.webp"
"","https://cantonlock.com/products/brass-steel-hinges/bl027-brass-and-steel-hinges/"
"","https://cantonlock.com/images/products-hyde/bl027-brass-and-steel-hinges.webp"
"","https://cantonlock.com/images/products-hyde/bl027-brass-and-steel-hinges-2.webp"
"","https://cantonlock.com/images/products-hyde/bl027-brass-and-steel-hinges-3.webp"
"","https://cantonlock.com/images/products-hyde/bl027-brass-and-steel-hinges-4.webp"
"","https://cantonlock.com/images/products-hyde/bl027-brass-and-steel-hinges-5.webp"
"","https://cantonlock.com/images/products-hyde/bl027-brass-and-steel-hinges-6.webp"
"","https://cantonlock.com/images/products-hyde/bl027-brass-and-steel-hinges-video.webp"
"","https://cantonlock.com/products/brass-steel-hinges/bl028-brass-and-steel-hinges/"
"","https://cantonlock.com/images/products-hyde/bl028-brass-and-steel-hinges.webp"
"","https://cantonlock.com/images/products-hyde/bl028-brass-and-steel-hinges-2.webp"
"","https://cantonlock.com/images/products-hyde/bl028-brass-and-steel-hinges-3.webp"
"","https://cantonlock.com/images/products-hyde/bl028-brass-and-steel-hinges-4.webp"
"","https://cantonlock.com/images/products-hyde/bl028-brass-and-steel-hinges-5.webp"
"","https://cantonlock.com/images/products-hyde/bl028-brass-and-steel-hinges-6.webp"
"","https://cantonlock.com/images/products-hyde/bl028-brass-and-steel-hinges-7.webp"
"","https://cantonlock.com/products/brass-steel-hinges/bl029-brass-and-steel-hinges/"
"","https://cantonlock.com/images/products-hyde/bl029-brass-and-steel-hinges.webp"
"","https://cantonlock.com/images/products-hyde/bl029-brass-and-steel-hinges-2.webp"
"","https://cantonlock.com/images/products-hyde/bl029-brass-and-steel-hinges-3.webp"
"","https://cantonlock.com/images/products-hyde/bl029-brass-and-steel-hinges-4.webp"
"","https://cantonlock.com/images/products-hyde/bl029-brass-and-steel-hinges-5.webp"
"","https://cantonlock.com/images/products-hyde/bl029-brass-and-steel-hinges-6.webp"
"","https://cantonlock.com/images/products-hyde/bl029-brass-and-steel-hinges-7.webp"
"","https://cantonlock.com/images/products-hyde/bl029-brass-and-steel-hinges-8.webp"
"","https://cantonlock.com/images/products-hyde/bl029-brass-and-steel-hinges-video.webp"
"","https://cantonlock.com/products/brass-steel-hinges/bl030-brass-and-steel-hinges/"
"","https://cantonlock.com/images/products-hyde/bl030-brass-and-steel-hinges.webp"
"","https://cantonlock.com/images/products-hyde/bl030-brass-and-steel-hinges-2.webp"
"","https://cantonlock.com/images/products-hyde/bl030-brass-and-steel-hinges-3.webp"
"","https://cantonlock.com/images/products-hyde/bl030-brass-and-steel-hinges-4.webp"
"","https://cantonlock.com/images/products-hyde/bl030-brass-and-steel-hinges-5.webp"
"","https://cantonlock.com/images/products-hyde/bl030-brass-and-steel-hinges-6.webp"
"","https://cantonlock.com/images/products-hyde/bl030-brass-and-steel-hinges-7.webp"
"","https://cantonlock.com/images/products-hyde/bl030-brass-and-steel-hinges-video.webp"
"","https://cantonlock.com/products/brass-steel-hinges/bl031-brass-and-steel-hinges/"
"","https://cantonlock.com/images/products-hyde/bl031-brass-and-steel-hinges.webp"
"","https://cantonlock.com/images/products-hyde/bl031-brass-and-steel-hinges-2.webp"
"","https://cantonlock.com/images/products-hyde/bl031-brass-and-steel-hinges-3.webp"
"","https://cantonlock.com/images/products-hyde/bl031-brass-and-steel-hinges-4.webp"
"","https://cantonlock.com/images/products-hyde/bl031-brass-and-steel-hinges-5.webp"
"","https://cantonlock.com/images/products-hyde/bl031-brass-and-steel-hinges-6.webp"
"","https://cantonlock.com/images/products-hyde/bl031-brass-and-steel-hinges-7.webp"
"","https://cantonlock.com/images/products-hyde/bl031-brass-and-steel-hinges-video.webp"
"","https://cantonlock.com/products/lever-handles/black-tubular-lever-lock-set/"
"","https://cantonlock.com/images/products-hyde/black-tubular-lever-lock-set.webp"
"","https://cantonlock.com/products/brass-steel-hinges/ch01-brass-and-steel-hinges/"
"","https://cantonlock.com/images/products-hyde/ch01-brass-and-steel-hinges.webp"
"","https://cantonlock.com/images/products-hyde/ch01-brass-and-steel-hinges-2.webp"
"","https://cantonlock.com/images/products-hyde/ch01-brass-and-steel-hinges-3.webp"
"","https://cantonlock.com/images/products-hyde/ch01-brass-and-steel-hinges-4.webp"
"","https://cantonlock.com/products/knob-locks/cylindrical-knob-lock/"
"","https://cantonlock.com/images/products-hyde/cylindrical-knob-lock.webp"
"","https://cantonlock.com/products/floor-springs-and-pivots/d-1031-floor-spring/"
"","https://cantonlock.com/images/products-hyde/d-1031-floor-spring.webp"
"","https://cantonlock.com/products/floor-springs-and-pivots/d-1032-floor-spring/"
"","https://cantonlock.com/images/products-hyde/d-1032-floor-spring.webp"
"","https://cantonlock.com/products/floor-springs-and-pivots/d-1033-floor-spring/"
"","https://cantonlock.com/images/products-hyde/d-1033-floor-spring.webp"
"","https://cantonlock.com/products/floor-springs-and-pivots/d-1042-glass-door-top-patch/"
"","https://cantonlock.com/images/products-hyde/d-1042-glass-door-top-patch.webp"
"","https://cantonlock.com/products/floor-springs-and-pivots/d-1043-glass-door-top-patch/"
"","https://cantonlock.com/images/products-hyde/d-1043-glass-door-top-patch.webp"
"","https://cantonlock.com/products/floor-springs-and-pivots/d-1051-floor-spring/"
"","https://cantonlock.com/images/products-hyde/d-1051-floor-spring.webp"
"","https://cantonlock.com/products/floor-springs-and-pivots/d-1067-floor-spring/"
"","https://cantonlock.com/images/products-hyde/d-1067-floor-spring.webp"
"","https://cantonlock.com/products/floor-springs-and-pivots/d-1068-floor-spring/"
"","https://cantonlock.com/images/products-hyde/d-1068-floor-spring.webp"
"","https://cantonlock.com/products/floor-springs-and-pivots/d-3001-floor-spring/"
"","https://cantonlock.com/images/products-hyde/d-3001-floor-spring.webp"
"","https://cantonlock.com/products/floor-springs-and-pivots/d-3002-floor-spring/"
"","https://cantonlock.com/images/products-hyde/d-3002-floor-spring.webp"
"","https://cantonlock.com/products/floor-springs-and-pivots/d-3010-top-pivot/"
"","https://cantonlock.com/images/products-hyde/d-3010-top-pivot.webp"
"","https://cantonlock.com/products/floor-springs-and-pivots/d-3011-top-pivot/"
"","https://cantonlock.com/images/products-hyde/d-3011-top-pivot.webp"
"","https://cantonlock.com/products/floor-springs-and-pivots/d-3011a-top-pivot/"
"","https://cantonlock.com/images/products-hyde/d-3011a-top-pivot.webp"
"","https://cantonlock.com/products/floor-springs-and-pivots/d-3012-floor-spring/"
"","https://cantonlock.com/images/products-hyde/d-3012-floor-spring.webp"
"","https://cantonlock.com/products/floor-springs-and-pivots/d-3013-floor-spring/"
"","https://cantonlock.com/images/products-hyde/d-3013-floor-spring.webp"
"","https://cantonlock.com/products/floor-springs-and-pivots/d-3015-floor-spring/"
"","https://cantonlock.com/images/products-hyde/d-3015-floor-spring.webp"
"","https://cantonlock.com/products/floor-springs-and-pivots/d-3016-floor-spring/"
"","https://cantonlock.com/images/products-hyde/d-3016-floor-spring.webp"
"","https://cantonlock.com/products/floor-springs-and-pivots/d-3017-glass-door-top-patch/"
"","https://cantonlock.com/images/products-hyde/d-3017-glass-door-top-patch.webp"
"","https://cantonlock.com/products/floor-springs-and-pivots/d-3018-glass-door-top-patch/"
"","https://cantonlock.com/images/products-hyde/d-3018-glass-door-top-patch.webp"
"","https://cantonlock.com/products/floor-springs-and-pivots/d-3019-top-pivot/"
"","https://cantonlock.com/images/products-hyde/d-3019-top-pivot.webp"
"","https://cantonlock.com/products/floor-springs-and-pivots/d-3021-top-pivot/"
"","https://cantonlock.com/images/products-hyde/d-3021-top-pivot.webp"
"","https://cantonlock.com/products/floor-springs-and-pivots/d-5061-floor-spring/"
"","https://cantonlock.com/images/products-hyde/d-5061-floor-spring.webp"
"","https://cantonlock.com/products/floor-springs-and-pivots/d-5062-floor-spring/"
"","https://cantonlock.com/images/products-hyde/d-5062-floor-spring.webp"
"","https://cantonlock.com/products/floor-springs-and-pivots/d-5063-floor-spring/"
"","https://cantonlock.com/images/products-hyde/d-5063-floor-spring.webp"
"","https://cantonlock.com/products/deadbolts/d01-ab-deadbolts/"
"","https://cantonlock.com/images/products-hyde/d01-ab-deadbolts.webp"
"","https://cantonlock.com/images/products-hyde/d01-ab-deadbolts-2.webp"
"","https://cantonlock.com/products/deadbolts/d101-ab-deadbolts/"
"","https://cantonlock.com/images/products-hyde/d101-ab-deadbolts.webp"
"","https://cantonlock.com/images/products-hyde/d101-ab-deadbolts-2.webp"
"","https://cantonlock.com/products/deadbolts/d101-ac-deadbolts/"
"","https://cantonlock.com/images/products-hyde/d101-ac-deadbolts.webp"
"","https://cantonlock.com/images/products-hyde/d101-ac-deadbolts-2.webp"
"","https://cantonlock.com/images/products-hyde/d101-ac-deadbolts-3.webp"
"","https://cantonlock.com/images/products-hyde/d101-ac-deadbolts-4.webp"
"","https://cantonlock.com/images/products-hyde/d101-ac-deadbolts-5.webp"
"","https://cantonlock.com/products/deadbolts/d101-bs-deadbolts/"
"","https://cantonlock.com/images/products-hyde/d101-bs-deadbolts.webp"
"","https://cantonlock.com/images/products-hyde/d101-bs-deadbolts-2.webp"
"","https://cantonlock.com/images/products-hyde/d101-bs-deadbolts-3.webp"
"","https://cantonlock.com/images/products-hyde/d101-bs-deadbolts-4.webp"
"","https://cantonlock.com/products/deadbolts/d101-dspb-deadbolts/"
"","https://cantonlock.com/images/products-hyde/d101-dspb-deadbolts.webp"
"","https://cantonlock.com/images/products-hyde/d101-dspb-deadbolts-2.webp"
"","https://cantonlock.com/images/products-hyde/d101-dspb-deadbolts-3.webp"
"","https://cantonlock.com/products/deadbolts/d101-pb-deadbolts/"
"","https://cantonlock.com/images/products-hyde/d101-pb-deadbolts.webp"
"","https://cantonlock.com/images/products-hyde/d101-pb-deadbolts-2.webp"
"","https://cantonlock.com/images/products-hyde/d101-pb-deadbolts-3.webp"
"","https://cantonlock.com/products/deadbolts/d101-ss-deadbolts/"
"","https://cantonlock.com/images/products-hyde/d101-ss-deadbolts.webp"
"","https://cantonlock.com/images/products-hyde/d101-ss-deadbolts-2.webp"
"","https://cantonlock.com/images/products-hyde/d101-ss-deadbolts-3.webp"
"","https://cantonlock.com/images/products-hyde/d101-ss-deadbolts-4.webp"
"","https://cantonlock.com/images/products-hyde/d101-ss-deadbolts-5.webp"
"","https://cantonlock.com/images/products-hyde/d101-ss-deadbolts-6.webp"
"","https://cantonlock.com/images/products-hyde/d101-ss-deadbolts-7.webp"
"","https://cantonlock.com/images/products-hyde/d101-ss-deadbolts-8.webp"
"","https://cantonlock.com/images/products-hyde/d101-ss-deadbolts-video.webp"
"","https://cantonlock.com/products/deadbolts/d102-ac-deadbolts/"
"","https://cantonlock.com/images/products-hyde/d102-ac-deadbolts.webp"
"","https://cantonlock.com/images/products-hyde/d102-ac-deadbolts-2.webp"
"","https://cantonlock.com/images/products-hyde/d102-ac-deadbolts-3.webp"
"","https://cantonlock.com/images/products-hyde/d102-ac-deadbolts-4.webp"
"","https://cantonlock.com/products/deadbolts/d102-pb-deadbolts/"
"","https://cantonlock.com/images/products-hyde/d102-pb-deadbolts.webp"
"","https://cantonlock.com/images/products-hyde/d102-pb-deadbolts-2.webp"
"","https://cantonlock.com/images/products-hyde/d102-pb-deadbolts-3.webp"
"","https://cantonlock.com/products/deadbolts/d102-ss-deadbolts/"
"","https://cantonlock.com/images/products-hyde/d102-ss-deadbolts.webp"
"","https://cantonlock.com/images/products-hyde/d102-ss-deadbolts-2.webp"
"","https://cantonlock.com/images/products-hyde/d102-ss-deadbolts-3.webp"
"","https://cantonlock.com/images/products-hyde/d102-ss-deadbolts-4.webp"
"","https://cantonlock.com/images/products-hyde/d102-ss-deadbolts-5.webp"
"","https://cantonlock.com/products/deadbolts/d103-ac-deadbolts/"
"","https://cantonlock.com/images/products-hyde/d103-ac-deadbolts.webp"
"","https://cantonlock.com/images/products-hyde/d103-ac-deadbolts-2.webp"
"","https://cantonlock.com/images/products-hyde/d103-ac-deadbolts-3.webp"
"","https://cantonlock.com/images/products-hyde/d103-ac-deadbolts-4.webp"
"","https://cantonlock.com/images/products-hyde/d103-ac-deadbolts-5.webp"
"","https://cantonlock.com/images/products-hyde/d103-ac-deadbolts-6.webp"
"","https://cantonlock.com/products/hardware-accessories/dc01-door-coordinator/"
"","https://cantonlock.com/images/products-hyde/dc01-door-coordinator.webp"
"","https://cantonlock.com/images/products-hyde/dc01-door-coordinator-2.webp"
"","https://cantonlock.com/images/products-hyde/dc01-door-coordinator-3.webp"
"","https://cantonlock.com/images/products-hyde/dc01-door-coordinator-4.webp"
"","https://cantonlock.com/images/products-hyde/dc01-door-coordinator-5.webp"
"","https://cantonlock.com/images/products-hyde/dc01-door-coordinator-6.webp"
"","https://cantonlock.com/images/products-hyde/dc01-door-coordinator-video.webp"
"","https://cantonlock.com/products/hardware-accessories/dc02-door-coordinator/"
"","https://cantonlock.com/images/products-hyde/dc02-door-coordinator.webp"
"","https://cantonlock.com/images/products-hyde/dc02-door-coordinator-2.webp"
"","https://cantonlock.com/images/products-hyde/dc02-door-coordinator-3.webp"
"","https://cantonlock.com/images/products-hyde/dc02-door-coordinator-4.webp"
"","https://cantonlock.com/images/products-hyde/dc02-door-coordinator-5.webp"
"","https://cantonlock.com/images/products-hyde/dc02-door-coordinator-6.webp"
"","https://cantonlock.com/images/products-hyde/dc02-door-coordinator-7.webp"
"","https://cantonlock.com/images/products-hyde/dc02-door-coordinator-video.webp"
"","https://cantonlock.com/products/grip-handle-sets/dh02-ab-grip-handle-set/"
"","https://cantonlock.com/images/products-hyde/dh02-ab-grip-handle-set.webp"
"","https://cantonlock.com/images/products-hyde/dh02-ab-grip-handle-set-2.webp"
"","https://cantonlock.com/images/products-hyde/dh02-ab-grip-handle-set-3.webp"
"","https://cantonlock.com/images/products-hyde/dh02-ab-grip-handle-set-4.webp"
"","https://cantonlock.com/images/products-hyde/dh02-ab-grip-handle-set-5.webp"
"","https://cantonlock.com/images/products-hyde/dh02-ab-grip-handle-set-6.webp"
"","https://cantonlock.com/images/products-hyde/dh02-ab-grip-handle-set-7.webp"
"","https://cantonlock.com/images/products-hyde/dh02-ab-grip-handle-set-8.webp"
"","https://cantonlock.com/images/products-hyde/dh02-ab-grip-handle-set-9.webp"
"","https://cantonlock.com/products/grip-handle-sets/dh02-pb-grip-handle-set/"
"","https://cantonlock.com/images/products-hyde/dh02-pb-grip-handle-set.webp"
"","https://cantonlock.com/images/products-hyde/dh02-pb-grip-handle-set-2.webp"
"","https://cantonlock.com/images/products-hyde/dh02-pb-grip-handle-set-3.webp"
"","https://cantonlock.com/images/products-hyde/dh02-pb-grip-handle-set-4.webp"
"","https://cantonlock.com/images/products-hyde/dh02-pb-grip-handle-set-5.webp"
"","https://cantonlock.com/images/products-hyde/dh02-pb-grip-handle-set-6.webp"
"","https://cantonlock.com/products/hardware-accessories/ds01-door-stopper/"
"","https://cantonlock.com/images/products-hyde/ds01-door-stopper.webp"
"","https://cantonlock.com/images/products-hyde/ds01-door-stopper-2.webp"
"","https://cantonlock.com/images/products-hyde/ds01-door-stopper-3.webp"
"","https://cantonlock.com/images/products-hyde/ds01-door-stopper-4.webp"
"","https://cantonlock.com/products/hardware-accessories/ds010-door-stopper/"
"","https://cantonlock.com/images/products-hyde/ds010-door-stopper.webp"
"","https://cantonlock.com/images/products-hyde/ds010-door-stopper-2.webp"
"","https://cantonlock.com/images/products-hyde/ds010-door-stopper-3.webp"
"","https://cantonlock.com/images/products-hyde/ds010-door-stopper-4.webp"
"","https://cantonlock.com/images/products-hyde/ds010-door-stopper-5.webp"
"","https://cantonlock.com/products/hardware-accessories/ds011-door-stopper/"
"","https://cantonlock.com/images/products-hyde/ds011-door-stopper.webp"
"","https://cantonlock.com/images/products-hyde/ds011-door-stopper-2.webp"
"","https://cantonlock.com/images/products-hyde/ds011-door-stopper-3.webp"
"","https://cantonlock.com/images/products-hyde/ds011-door-stopper-4.webp"
"","https://cantonlock.com/images/products-hyde/ds011-door-stopper-video.webp"
"","https://cantonlock.com/products/hardware-accessories/ds013-door-stopper/"
"","https://cantonlock.com/images/products-hyde/ds013-door-stopper.webp"
"","https://cantonlock.com/images/products-hyde/ds013-door-stopper-2.webp"
"","https://cantonlock.com/products/hardware-accessories/ds02-door-stopper/"
"","https://cantonlock.com/images/products-hyde/ds02-door-stopper.webp"
"","https://cantonlock.com/images/products-hyde/ds02-door-stopper-2.webp"
"","https://cantonlock.com/products/hardware-accessories/ds022-door-stopper/"
"","https://cantonlock.com/images/products-hyde/ds022-door-stopper.webp"
"","https://cantonlock.com/images/products-hyde/ds022-door-stopper-2.webp"
"","https://cantonlock.com/products/hardware-accessories/ds05-door-stopper/"
"","https://cantonlock.com/images/products-hyde/ds05-door-stopper.webp"
"","https://cantonlock.com/images/products-hyde/ds05-door-stopper-2.webp"
"","https://cantonlock.com/images/products-hyde/ds05-door-stopper-3.webp"
"","https://cantonlock.com/products/hardware-accessories/ds09-door-stopper/"
"","https://cantonlock.com/images/products-hyde/ds09-door-stopper.webp"
"","https://cantonlock.com/images/products-hyde/ds09-door-stopper-2.webp"
"","https://cantonlock.com/products/hardware-accessories/dsl02-door-coordinator/"
"","https://cantonlock.com/images/products-hyde/dsl02-door-coordinator.webp"
"","https://cantonlock.com/images/products-hyde/dsl02-door-coordinator-2.webp"
"","https://cantonlock.com/images/products-hyde/dsl02-door-coordinator-3.webp"
"","https://cantonlock.com/images/products-hyde/dsl02-door-coordinator-4.webp"
"","https://cantonlock.com/images/products-hyde/dsl02-door-coordinator-5.webp"
"","https://cantonlock.com/products/hardware-accessories/dust-proof-01-door-viewer/"
"","https://cantonlock.com/images/products-hyde/dust-proof-01-door-viewer.webp"
"","https://cantonlock.com/products/hardware-accessories/dust-proof-02-door-viewer/"
"","https://cantonlock.com/images/products-hyde/dust-proof-02-door-viewer.webp"
"","https://cantonlock.com/products/hardware-accessories/dv04-door-viewer/"
"","https://cantonlock.com/images/products-hyde/dv04-door-viewer.webp"
"","https://cantonlock.com/images/products-hyde/dv04-door-viewer-2.webp"
"","https://cantonlock.com/images/products-hyde/dv04-door-viewer-3.webp"
"","https://cantonlock.com/images/products-hyde/dv04-door-viewer-4.webp"
"","https://cantonlock.com/images/products-hyde/dv04-door-viewer-5.webp"
"","https://cantonlock.com/images/products-hyde/dv04-door-viewer-6.webp"
"","https://cantonlock.com/images/products-hyde/dv04-door-viewer-video.webp"
"","https://cantonlock.com/products/hardware-accessories/dv05-bl-door-viewer/"
"","https://cantonlock.com/images/products-hyde/dv05-bl-door-viewer.webp"
"","https://cantonlock.com/images/products-hyde/dv05-bl-door-viewer-2.webp"
"","https://cantonlock.com/images/products-hyde/dv05-bl-door-viewer-3.webp"
"","https://cantonlock.com/images/products-hyde/dv05-bl-door-viewer-4.webp"
"","https://cantonlock.com/images/products-hyde/dv05-bl-door-viewer-5.webp"
"","https://cantonlock.com/images/products-hyde/dv05-bl-door-viewer-6.webp"
"","https://cantonlock.com/images/products-hyde/dv05-bl-door-viewer-7.webp"
"","https://cantonlock.com/products/hardware-accessories/dv05-door-viewer/"
"","https://cantonlock.com/images/products-hyde/dv05-door-viewer.webp"
"","https://cantonlock.com/images/products-hyde/dv05-door-viewer-2.webp"
"","https://cantonlock.com/images/products-hyde/dv05-door-viewer-3.webp"
"","https://cantonlock.com/images/products-hyde/dv05-door-viewer-4.webp"
"","https://cantonlock.com/images/products-hyde/dv05-door-viewer-5.webp"
"","https://cantonlock.com/products/hardware-accessories/dv06-door-viewer/"
"","https://cantonlock.com/images/products-hyde/dv06-door-viewer.webp"
"","https://cantonlock.com/images/products-hyde/dv06-door-viewer-2.webp"
"","https://cantonlock.com/images/products-hyde/dv06-door-viewer-3.webp"
"","https://cantonlock.com/images/products-hyde/dv06-door-viewer-4.webp"
"","https://cantonlock.com/products/hardware-accessories/dv07-door-viewer/"
"","https://cantonlock.com/images/products-hyde/dv07-door-viewer.webp"
"","https://cantonlock.com/images/products-hyde/dv07-door-viewer-2.webp"
"","https://cantonlock.com/images/products-hyde/dv07-door-viewer-3.webp"
"","https://cantonlock.com/images/products-hyde/dv07-door-viewer-4.webp"
"","https://cantonlock.com/images/products-hyde/dv07-door-viewer-5.webp"
"","https://cantonlock.com/products/hardware-accessories/dv08-door-viewer/"
"","https://cantonlock.com/images/products-hyde/dv08-door-viewer.webp"
"","https://cantonlock.com/images/products-hyde/dv08-door-viewer-2.webp"
"","https://cantonlock.com/images/products-hyde/dv08-door-viewer-3.webp"
"","https://cantonlock.com/images/products-hyde/dv08-door-viewer-4.webp"
"","https://cantonlock.com/images/products-hyde/dv08-door-viewer-5.webp"
"","https://cantonlock.com/images/products-hyde/dv08-door-viewer-6.webp"
"","https://cantonlock.com/images/products-hyde/dv08-door-viewer-7.webp"
"","https://cantonlock.com/images/products-hyde/dv08-door-viewer-8.webp"
"","https://cantonlock.com/products/hardware-accessories/dv08-sn-door-viewer/"
"","https://cantonlock.com/images/products-hyde/dv08-sn-door-viewer.webp"
"","https://cantonlock.com/images/products-hyde/dv08-sn-door-viewer-2.webp"
"","https://cantonlock.com/images/products-hyde/dv08-sn-door-viewer-3.webp"
"","https://cantonlock.com/images/products-hyde/dv08-sn-door-viewer-4.webp"
"","https://cantonlock.com/images/products-hyde/dv08-sn-door-viewer-5.webp"
"","https://cantonlock.com/images/products-hyde/dv08-sn-door-viewer-6.webp"
"","https://cantonlock.com/images/products-hyde/dv08-sn-door-viewer-7.webp"
"","https://cantonlock.com/images/products-hyde/dv08-sn-door-viewer-8.webp"
"","https://cantonlock.com/images/products-hyde/dv08-sn-door-viewer-video.webp"
"","https://cantonlock.com/products/hardware-accessories/dv09-door-viewer/"
"","https://cantonlock.com/images/products-hyde/dv09-door-viewer.webp"
"","https://cantonlock.com/images/products-hyde/dv09-door-viewer-2.webp"
"","https://cantonlock.com/products/hardware-accessories/dv10-door-viewer/"
"","https://cantonlock.com/images/products-hyde/dv10-door-viewer.webp"
"","https://cantonlock.com/images/products-hyde/dv10-door-viewer-2.webp"
"","https://cantonlock.com/images/products-hyde/dv10-door-viewer-3.webp"
"","https://cantonlock.com/images/products-hyde/dv10-door-viewer-4.webp"
"","https://cantonlock.com/images/products-hyde/dv10-door-viewer-5.webp"
"","https://cantonlock.com/products/hardware-accessories/dv11-door-viewer/"
"","https://cantonlock.com/images/products-hyde/dv11-door-viewer.webp"
"","https://cantonlock.com/images/products-hyde/dv11-door-viewer-2.webp"
"","https://cantonlock.com/images/products-hyde/dv11-door-viewer-3.webp"
"","https://cantonlock.com/images/products-hyde/dv11-door-viewer-4.webp"
"","https://cantonlock.com/images/products-hyde/dv11-door-viewer-5.webp"
"","https://cantonlock.com/products/hardware-accessories/dv12-b-door-viewer/"
"","https://cantonlock.com/images/products-hyde/dv12-b-door-viewer.webp"
"","https://cantonlock.com/images/products-hyde/dv12-b-door-viewer-2.webp"
"","https://cantonlock.com/images/products-hyde/dv12-b-door-viewer-3.webp"
"","https://cantonlock.com/images/products-hyde/dv12-b-door-viewer-4.webp"
"","https://cantonlock.com/products/hardware-accessories/dv12-s-door-viewer/"
"","https://cantonlock.com/images/products-hyde/dv12-s-door-viewer.webp"
"","https://cantonlock.com/images/products-hyde/dv12-s-door-viewer-2.webp"
"","https://cantonlock.com/images/products-hyde/dv12-s-door-viewer-3.webp"
"","https://cantonlock.com/images/products-hyde/dv12-s-door-viewer-4.webp"
"","https://cantonlock.com/products/floor-springs-and-pivots/dz-2031-floor-spring/"
"","https://cantonlock.com/images/products-hyde/dz-2031-floor-spring.webp"
"","https://cantonlock.com/products/floor-springs-and-pivots/dz-2039-floor-spring/"
"","https://cantonlock.com/images/products-hyde/dz-2039-floor-spring.webp"
"","https://cantonlock.com/products/floor-springs-and-pivots/dz-2086-floor-spring/"
"","https://cantonlock.com/images/products-hyde/dz-2086-floor-spring.webp"
"","https://cantonlock.com/products/floor-springs-and-pivots/dz-2087-floor-spring/"
"","https://cantonlock.com/images/products-hyde/dz-2087-floor-spring.webp"
"","https://cantonlock.com/products/lever-handles/eh01-lever-handle/"
"","https://cantonlock.com/images/products-hyde/eh01-lever-handle.webp"
"","https://cantonlock.com/images/products-hyde/eh01-lever-handle-2.webp"
"","https://cantonlock.com/images/products-hyde/eh01-lever-handle-3.webp"
"","https://cantonlock.com/images/products-hyde/eh01-lever-handle-4.webp"
"","https://cantonlock.com/images/products-hyde/eh01-lever-handle-5.webp"
"","https://cantonlock.com/images/products-hyde/eh01-lever-handle-6.webp"
"","https://cantonlock.com/images/products-hyde/eh01-lever-handle-7.webp"
"","https://cantonlock.com/images/products-hyde/eh01-lever-handle-8.webp"
"","https://cantonlock.com/images/products-hyde/eh01-lever-handle-9.webp"
"","https://cantonlock.com/images/products-hyde/eh01-lever-handle-10.webp"
"","https://cantonlock.com/images/products-hyde/eh01-lever-handle-11.webp"
"","https://cantonlock.com/images/products-hyde/eh01-lever-handle-video.webp"
"","https://cantonlock.com/products/lever-handles/eh02-lever-handle/"
"","https://cantonlock.com/images/products-hyde/eh02-lever-handle.webp"
"","https://cantonlock.com/images/products-hyde/eh02-lever-handle-2.webp"
"","https://cantonlock.com/images/products-hyde/eh02-lever-handle-3.webp"
"","https://cantonlock.com/images/products-hyde/eh02-lever-handle-4.webp"
"","https://cantonlock.com/images/products-hyde/eh02-lever-handle-5.webp"
"","https://cantonlock.com/images/products-hyde/eh02-lever-handle-6.webp"
"","https://cantonlock.com/images/products-hyde/eh02-lever-handle-7.webp"
"","https://cantonlock.com/images/products-hyde/eh02-lever-handle-8.webp"
"","https://cantonlock.com/images/products-hyde/eh02-lever-handle-video.webp"
"","https://cantonlock.com/products/lever-handles/eh03-lever-handle/"
"","https://cantonlock.com/images/products-hyde/eh03-lever-handle.webp"
"","https://cantonlock.com/images/products-hyde/eh03-lever-handle-2.webp"
"","https://cantonlock.com/images/products-hyde/eh03-lever-handle-3.webp"
"","https://cantonlock.com/images/products-hyde/eh03-lever-handle-4.webp"
"","https://cantonlock.com/images/products-hyde/eh03-lever-handle-5.webp"
"","https://cantonlock.com/images/products-hyde/eh03-lever-handle-6.webp"
"","https://cantonlock.com/images/products-hyde/eh03-lever-handle-7.webp"
"","https://cantonlock.com/images/products-hyde/eh03-lever-handle-video.webp"
"","https://cantonlock.com/products/hardware-accessories/ept01-door-power-transfer-devices/"
"","https://cantonlock.com/images/products-hyde/ept01-door-power-transfer-devices.webp"
"","https://cantonlock.com/images/products-hyde/ept01-door-power-transfer-devices-2.webp"
"","https://cantonlock.com/images/products-hyde/ept01-door-power-transfer-devices-3.webp"
"","https://cantonlock.com/images/products-hyde/ept01-door-power-transfer-devices-4.webp"
"","https://cantonlock.com/products/hardware-accessories/f001-security-door-guard/"
"","https://cantonlock.com/images/products-hyde/f001-security-door-guard.webp"
"","https://cantonlock.com/images/products-hyde/f001-security-door-guard-2.webp"
"","https://cantonlock.com/images/products-hyde/f001-security-door-guard-3.webp"
"","https://cantonlock.com/images/products-hyde/f001-security-door-guard-4.webp"
"","https://cantonlock.com/products/hardware-accessories/f002-security-door-guard/"
"","https://cantonlock.com/images/products-hyde/f002-security-door-guard.webp"
"","https://cantonlock.com/images/products-hyde/f002-security-door-guard-2.webp"
"","https://cantonlock.com/products/hardware-accessories/f004-security-door-guard/"
"","https://cantonlock.com/images/products-hyde/f004-security-door-guard.webp"
"","https://cantonlock.com/images/products-hyde/f004-security-door-guard-2.webp"
"","https://cantonlock.com/images/products-hyde/f004-security-door-guard-3.webp"
"","https://cantonlock.com/products/hardware-accessories/f005-security-door-guard/"
"","https://cantonlock.com/images/products-hyde/f005-security-door-guard.webp"
"","https://cantonlock.com/images/products-hyde/f005-security-door-guard-2.webp"
"","https://cantonlock.com/images/products-hyde/f005-security-door-guard-3.webp"
"","https://cantonlock.com/products/hardware-accessories/f006-security-door-guard/"
"","https://cantonlock.com/images/products-hyde/f006-security-door-guard.webp"
"","https://cantonlock.com/images/products-hyde/f006-security-door-guard-2.webp"
"","https://cantonlock.com/products/brass-steel-hinges/f100-ss-door-hinge/"
"","https://cantonlock.com/images/products-hyde/f100-ss-door-hinge.webp"
"","https://cantonlock.com/images/products-hyde/f100-ss-door-hinge-2.webp"
"","https://cantonlock.com/images/products-hyde/f100-ss-door-hinge-3.webp"
"","https://cantonlock.com/images/products-hyde/f100-ss-door-hinge-4.webp"
"","https://cantonlock.com/images/products-hyde/f100-ss-door-hinge-5.webp"
"","https://cantonlock.com/images/products-hyde/f100-ss-door-hinge-6.webp"
"","https://cantonlock.com/images/products-hyde/f100-ss-door-hinge-7.webp"
"","https://cantonlock.com/images/products-hyde/f100-ss-door-hinge-8.webp"
"","https://cantonlock.com/images/products-hyde/f100-ss-door-hinge-9.webp"
"","https://cantonlock.com/images/products-hyde/f100-ss-door-hinge-10.webp"
"","https://cantonlock.com/images/products-hyde/f100-ss-door-hinge-11.webp"
"","https://cantonlock.com/images/products-hyde/f100-ss-door-hinge-12.webp"
"","https://cantonlock.com/products/glass-door-accessories/f101-glass-door-patch-fittings/"
"","https://cantonlock.com/images/products-hyde/f101-glass-door-patch-fittings.webp"
"","https://cantonlock.com/images/products-hyde/f101-glass-door-patch-fittings-2.webp"
"","https://cantonlock.com/images/products-hyde/f101-glass-door-patch-fittings-3.webp"
"","https://cantonlock.com/images/products-hyde/f101-glass-door-patch-fittings-4.webp"
"","https://cantonlock.com/images/products-hyde/f101-glass-door-patch-fittings-5.webp"
"","https://cantonlock.com/images/products-hyde/f101-glass-door-patch-fittings-6.webp"
"","https://cantonlock.com/images/products-hyde/f101-glass-door-patch-fittings-7.webp"
"","https://cantonlock.com/images/products-hyde/f101-glass-door-patch-fittings-video.webp"
"","https://cantonlock.com/products/night-latches-rim-locks/f102-night-latch-and-rim-lock/"
"","https://cantonlock.com/images/products-hyde/f102-night-latch-and-rim-lock.webp"
"","https://cantonlock.com/images/products-hyde/f102-night-latch-and-rim-lock-2.webp"
"","https://cantonlock.com/images/products-hyde/f102-night-latch-and-rim-lock-3.webp"
"","https://cantonlock.com/images/products-hyde/f102-night-latch-and-rim-lock-4.webp"
"","https://cantonlock.com/images/products-hyde/f102-night-latch-and-rim-lock-5.webp"
"","https://cantonlock.com/images/products-hyde/f102-night-latch-and-rim-lock-6.webp"
"","https://cantonlock.com/images/products-hyde/f102-night-latch-and-rim-lock-7.webp"
"","https://cantonlock.com/images/products-hyde/f102-night-latch-and-rim-lock-video.webp"
"","https://cantonlock.com/products/glass-door-accessories/f110-glass-door-patch-fittings/"
"","https://cantonlock.com/images/products-hyde/f110-glass-door-patch-fittings.webp"
"","https://cantonlock.com/images/products-hyde/f110-glass-door-patch-fittings-2.webp"
"","https://cantonlock.com/images/products-hyde/f110-glass-door-patch-fittings-3.webp"
"","https://cantonlock.com/images/products-hyde/f110-glass-door-patch-fittings-4.webp"
"","https://cantonlock.com/images/products-hyde/f110-glass-door-patch-fittings-5.webp"
"","https://cantonlock.com/images/products-hyde/f110-glass-door-patch-fittings-6.webp"
"","https://cantonlock.com/images/products-hyde/f110-glass-door-patch-fittings-7.webp"
"","https://cantonlock.com/images/products-hyde/f110-glass-door-patch-fittings-8.webp"
"","https://cantonlock.com/images/products-hyde/f110-glass-door-patch-fittings-video.webp"
"","https://cantonlock.com/products/glass-door-accessories/f111-glass-door-patch-fittings/"
"","https://cantonlock.com/images/products-hyde/f111-glass-door-patch-fittings.webp"
"","https://cantonlock.com/images/products-hyde/f111-glass-door-patch-fittings-2.webp"
"","https://cantonlock.com/images/products-hyde/f111-glass-door-patch-fittings-3.webp"
"","https://cantonlock.com/images/products-hyde/f111-glass-door-patch-fittings-4.webp"
"","https://cantonlock.com/images/products-hyde/f111-glass-door-patch-fittings-5.webp"
"","https://cantonlock.com/images/products-hyde/f111-glass-door-patch-fittings-6.webp"
"","https://cantonlock.com/images/products-hyde/f111-glass-door-patch-fittings-video.webp"
"","https://cantonlock.com/products/glass-door-accessories/f112-glass-door-patch-fittings/"
"","https://cantonlock.com/images/products-hyde/f112-glass-door-patch-fittings.webp"
"","https://cantonlock.com/images/products-hyde/f112-glass-door-patch-fittings-2.webp"
"","https://cantonlock.com/images/products-hyde/f112-glass-door-patch-fittings-3.webp"
"","https://cantonlock.com/images/products-hyde/f112-glass-door-patch-fittings-4.webp"
"","https://cantonlock.com/images/products-hyde/f112-glass-door-patch-fittings-5.webp"
"","https://cantonlock.com/images/products-hyde/f112-glass-door-patch-fittings-6.webp"
"","https://cantonlock.com/images/products-hyde/f112-glass-door-patch-fittings-video.webp"
"","https://cantonlock.com/products/glass-door-accessories/f113-glass-door-patch-fittings/"
"","https://cantonlock.com/images/products-hyde/f113-glass-door-patch-fittings.webp"
"","https://cantonlock.com/images/products-hyde/f113-glass-door-patch-fittings-2.webp"
"","https://cantonlock.com/images/products-hyde/f113-glass-door-patch-fittings-3.webp"
"","https://cantonlock.com/images/products-hyde/f113-glass-door-patch-fittings-4.webp"
"","https://cantonlock.com/images/products-hyde/f113-glass-door-patch-fittings-5.webp"
"","https://cantonlock.com/images/products-hyde/f113-glass-door-patch-fittings-6.webp"
"","https://cantonlock.com/images/products-hyde/f113-glass-door-patch-fittings-video.webp"
"","https://cantonlock.com/products/glass-door-accessories/f114-glass-door-patch-fittings/"
"","https://cantonlock.com/images/products-hyde/f114-glass-door-patch-fittings.webp"
"","https://cantonlock.com/images/products-hyde/f114-glass-door-patch-fittings-2.webp"
"","https://cantonlock.com/images/products-hyde/f114-glass-door-patch-fittings-3.webp"
"","https://cantonlock.com/images/products-hyde/f114-glass-door-patch-fittings-4.webp"
"","https://cantonlock.com/images/products-hyde/f114-glass-door-patch-fittings-5.webp"
"","https://cantonlock.com/images/products-hyde/f114-glass-door-patch-fittings-6.webp"
"","https://cantonlock.com/images/products-hyde/f114-glass-door-patch-fittings-7.webp"
"","https://cantonlock.com/images/products-hyde/f114-glass-door-patch-fittings-video.webp"
"","https://cantonlock.com/products/glass-door-accessories/f123-glass-door-patch-fittings/"
"","https://cantonlock.com/images/products-hyde/f123-glass-door-patch-fittings.webp"
"","https://cantonlock.com/images/products-hyde/f123-glass-door-patch-fittings-2.webp"
"","https://cantonlock.com/images/products-hyde/f123-glass-door-patch-fittings-3.webp"
"","https://cantonlock.com/images/products-hyde/f123-glass-door-patch-fittings-4.webp"
"","https://cantonlock.com/images/products-hyde/f123-glass-door-patch-fittings-5.webp"
"","https://cantonlock.com/images/products-hyde/f123-glass-door-patch-fittings-6.webp"
"","https://cantonlock.com/images/products-hyde/f123-glass-door-patch-fittings-7.webp"
"","https://cantonlock.com/images/products-hyde/f123-glass-door-patch-fittings-8.webp"
"","https://cantonlock.com/images/products-hyde/f123-glass-door-patch-fittings-9.webp"
"","https://cantonlock.com/images/products-hyde/f123-glass-door-patch-fittings-video.webp"
"","https://cantonlock.com/products/glass-door-accessories/f132-glass-door-patch-fittings/"
"","https://cantonlock.com/images/products-hyde/f132-glass-door-patch-fittings.webp"
"","https://cantonlock.com/images/products-hyde/f132-glass-door-patch-fittings-2.webp"
"","https://cantonlock.com/images/products-hyde/f132-glass-door-patch-fittings-3.webp"
"","https://cantonlock.com/images/products-hyde/f132-glass-door-patch-fittings-4.webp"
"","https://cantonlock.com/images/products-hyde/f132-glass-door-patch-fittings-5.webp"
"","https://cantonlock.com/images/products-hyde/f132-glass-door-patch-fittings-6.webp"
"","https://cantonlock.com/images/products-hyde/f132-glass-door-patch-fittings-7.webp"
"","https://cantonlock.com/images/products-hyde/f132-glass-door-patch-fittings-8.webp"
"","https://cantonlock.com/images/products-hyde/f132-glass-door-patch-fittings-video.webp"
"","https://cantonlock.com/products/hardware-accessories/fb001-ac-door-flush-bolt/"
"","https://cantonlock.com/images/products-hyde/fb001-ac-door-flush-bolt.webp"
"","https://cantonlock.com/images/products-hyde/fb001-ac-door-flush-bolt-2.webp"
"","https://cantonlock.com/products/hardware-accessories/fb001-door-flush-bolt/"
"","https://cantonlock.com/images/products-hyde/fb001-door-flush-bolt.webp"
"","https://cantonlock.com/images/products-hyde/fb001-door-flush-bolt-2.webp"
"","https://cantonlock.com/images/products-hyde/fb001-door-flush-bolt-3.webp"
"","https://cantonlock.com/images/products-hyde/fb001-door-flush-bolt-4.webp"
"","https://cantonlock.com/images/products-hyde/fb001-door-flush-bolt-5.webp"
"","https://cantonlock.com/images/products-hyde/fb001-door-flush-bolt-6.webp"
"","https://cantonlock.com/images/products-hyde/fb001-door-flush-bolt-7.webp"
"","https://cantonlock.com/products/hardware-accessories/fb001-ss-door-flush-bolt/"
"","https://cantonlock.com/images/products-hyde/fb001-ss-door-flush-bolt.webp"
"","https://cantonlock.com/products/hardware-accessories/fb005-ac-door-flush-bolt/"
"","https://cantonlock.com/images/products-hyde/fb005-ac-door-flush-bolt.webp"
"","https://cantonlock.com/images/products-hyde/fb005-ac-door-flush-bolt-2.webp"
"","https://cantonlock.com/products/hardware-accessories/fb005-door-flush-bolt/"
"","https://cantonlock.com/images/products-hyde/fb005-door-flush-bolt.webp"
"","https://cantonlock.com/images/products-hyde/fb005-door-flush-bolt-2.webp"
"","https://cantonlock.com/products/hardware-accessories/fb012-door-flush-bolt/"
"","https://cantonlock.com/images/products-hyde/fb012-door-flush-bolt.webp"
"","https://cantonlock.com/images/products-hyde/fb012-door-flush-bolt-2.webp"
"","https://cantonlock.com/products/hardware-accessories/fb013-door-flush-bolt/"
"","https://cantonlock.com/images/products-hyde/fb013-door-flush-bolt.webp"
"","https://cantonlock.com/images/products-hyde/fb013-door-flush-bolt-2.webp"
"","https://cantonlock.com/images/products-hyde/fb013-door-flush-bolt-3.webp"
"","https://cantonlock.com/images/products-hyde/fb013-door-flush-bolt-4.webp"
"","https://cantonlock.com/products/hardware-accessories/fb014-door-flush-bolt/"
"","https://cantonlock.com/images/products-hyde/fb014-door-flush-bolt.webp"
"","https://cantonlock.com/images/products-hyde/fb014-door-flush-bolt-2.webp"
"","https://cantonlock.com/images/products-hyde/fb014-door-flush-bolt-3.webp"
"","https://cantonlock.com/products/hardware-accessories/fb015-door-flush-bolt/"
"","https://cantonlock.com/images/products-hyde/fb015-door-flush-bolt.webp"
"","https://cantonlock.com/images/products-hyde/fb015-door-flush-bolt-2.webp"
"","https://cantonlock.com/products/hardware-accessories/fb016-door-flush-bolt/"
"","https://cantonlock.com/images/products-hyde/fb016-door-flush-bolt.webp"
"","https://cantonlock.com/images/products-hyde/fb016-door-flush-bolt-2.webp"
"","https://cantonlock.com/images/products-hyde/fb016-door-flush-bolt-3.webp"
"","https://cantonlock.com/images/products-hyde/fb016-door-flush-bolt-video.webp"
"","https://cantonlock.com/products/hardware-accessories/fb017-door-flush-bolt/"
"","https://cantonlock.com/images/products-hyde/fb017-door-flush-bolt.webp"
"","https://cantonlock.com/images/products-hyde/fb017-door-flush-bolt-2.webp"
"","https://cantonlock.com/images/products-hyde/fb017-door-flush-bolt-3.webp"
"","https://cantonlock.com/images/products-hyde/fb017-door-flush-bolt-4.webp"
"","https://cantonlock.com/products/glass-door-accessories/g130-glass-door-handle/"
"","https://cantonlock.com/images/products-hyde/g130-glass-door-handle.webp"
"","https://cantonlock.com/images/products-hyde/g130-glass-door-handle-2.webp"
"","https://cantonlock.com/images/products-hyde/g130-glass-door-handle-3.webp"
"","https://cantonlock.com/images/products-hyde/g130-glass-door-handle-4.webp"
"","https://cantonlock.com/images/products-hyde/g130-glass-door-handle-5.webp"
"","https://cantonlock.com/images/products-hyde/g130-glass-door-handle-6.webp"
"","https://cantonlock.com/products/night-latches-rim-locks/g559-night-latch-and-rim-lock/"
"","https://cantonlock.com/images/products-hyde/g559-night-latch-and-rim-lock.webp"
"","https://cantonlock.com/images/products-hyde/g559-night-latch-and-rim-lock-2.webp"
"","https://cantonlock.com/images/products-hyde/g559-night-latch-and-rim-lock-3.webp"
"","https://cantonlock.com/images/products-hyde/g559-night-latch-and-rim-lock-4.webp"
"","https://cantonlock.com/images/products-hyde/g559-night-latch-and-rim-lock-5.webp"
"","https://cantonlock.com/images/products-hyde/g559-night-latch-and-rim-lock-6.webp"
"","https://cantonlock.com/images/products-hyde/g559-night-latch-and-rim-lock-7.webp"
"","https://cantonlock.com/images/products-hyde/g559-night-latch-and-rim-lock-video.webp"
"","https://cantonlock.com/products/glass-door-accessories/gl125-ss-glass-door-patch-fittings/"
"","https://cantonlock.com/images/products-hyde/gl125-ss-glass-door-patch-fittings.webp"
"","https://cantonlock.com/images/products-hyde/gl125-ss-glass-door-patch-fittings-2.webp"
"","https://cantonlock.com/images/products-hyde/gl125-ss-glass-door-patch-fittings-3.webp"
"","https://cantonlock.com/images/products-hyde/gl125-ss-glass-door-patch-fittings-4.webp"
"","https://cantonlock.com/images/products-hyde/gl125-ss-glass-door-patch-fittings-5.webp"
"","https://cantonlock.com/images/products-hyde/gl125-ss-glass-door-patch-fittings-6.webp"
"","https://cantonlock.com/images/products-hyde/gl125-ss-glass-door-patch-fittings-7.webp"
"","https://cantonlock.com/images/products-hyde/gl125-ss-glass-door-patch-fittings-8.webp"
"","https://cantonlock.com/images/products-hyde/gl125-ss-glass-door-patch-fittings-video.webp"
"","https://cantonlock.com/products/glass-door-accessories/glass-door-patch-fitting-set/"
"","https://cantonlock.com/images/products-hyde/glass-door-patch-fitting-set.webp"
"","https://cantonlock.com/images/concepts/glass-patch-fitting-application.webp"
"","https://cantonlock.com/products/night-latches-rim-locks/h101-night-latch-and-rim-lock/"
"","https://cantonlock.com/images/products-hyde/h101-night-latch-and-rim-lock.webp"
"","https://cantonlock.com/images/products-hyde/h101-night-latch-and-rim-lock-2.webp"
"","https://cantonlock.com/images/products-hyde/h101-night-latch-and-rim-lock-3.webp"
"","https://cantonlock.com/images/products-hyde/h101-night-latch-and-rim-lock-4.webp"
"","https://cantonlock.com/images/products-hyde/h101-night-latch-and-rim-lock-5.webp"
"","https://cantonlock.com/images/products-hyde/h101-night-latch-and-rim-lock-6.webp"
"","https://cantonlock.com/products/night-latches-rim-locks/h102-night-latch-and-rim-lock/"
"","https://cantonlock.com/images/products-hyde/h102-night-latch-and-rim-lock.webp"
"","https://cantonlock.com/images/products-hyde/h102-night-latch-and-rim-lock-2.webp"
"","https://cantonlock.com/products/hardware-accessories/hy-0ss-latch-guard/"
"","https://cantonlock.com/images/products-hyde/hy-0ss-latch-guard.webp"
"","https://cantonlock.com/images/products-hyde/hy-0ss-latch-guard-2.webp"
"","https://cantonlock.com/images/products-hyde/hy-0ss-latch-guard-3.webp"
"","https://cantonlock.com/images/products-hyde/hy-0ss-latch-guard-4.webp"
"","https://cantonlock.com/images/products-hyde/hy-0ss-latch-guard-5.webp"
"","https://cantonlock.com/images/products-hyde/hy-0ss-latch-guard-video.webp"
"","https://cantonlock.com/products/lock-cases/hy006dk-lock-case/"
"","https://cantonlock.com/images/products-hyde/hy006dk-lock-case.webp"
"","https://cantonlock.com/images/products-hyde/hy006dk-lock-case-2.webp"
"","https://cantonlock.com/images/products-hyde/hy006dk-lock-case-3.webp"
"","https://cantonlock.com/images/products-hyde/hy006dk-lock-case-4.webp"
"","https://cantonlock.com/images/products-hyde/hy006dk-lock-case-5.webp"
"","https://cantonlock.com/images/products-hyde/hy006dk-lock-case-6.webp"
"","https://cantonlock.com/images/products-hyde/hy006dk-lock-case-7.webp"
"","https://cantonlock.com/images/products-hyde/hy006dk-lock-case-8.webp"
"","https://cantonlock.com/images/products-hyde/hy006dk-lock-case-9.webp"
"","https://cantonlock.com/images/products-hyde/hy006dk-lock-case-video.webp"
"","https://cantonlock.com/products/lock-cases/hy006et-lock-case/"
"","https://cantonlock.com/images/products-hyde/hy006et-lock-case.webp"
"","https://cantonlock.com/images/products-hyde/hy006et-lock-case-2.webp"
"","https://cantonlock.com/images/products-hyde/hy006et-lock-case-3.webp"
"","https://cantonlock.com/images/products-hyde/hy006et-lock-case-4.webp"
"","https://cantonlock.com/images/products-hyde/hy006et-lock-case-5.webp"
"","https://cantonlock.com/images/products-hyde/hy006et-lock-case-6.webp"
"","https://cantonlock.com/images/products-hyde/hy006et-lock-case-7.webp"
"","https://cantonlock.com/images/products-hyde/hy006et-lock-case-8.webp"
"","https://cantonlock.com/images/products-hyde/hy006et-lock-case-9.webp"
"","https://cantonlock.com/images/products-hyde/hy006et-lock-case-10.webp"
"","https://cantonlock.com/images/products-hyde/hy006et-lock-case-video.webp"
"","https://cantonlock.com/products/lock-cases/hy007-lock-case/"
"","https://cantonlock.com/images/products-hyde/hy007-lock-case.webp"
"","https://cantonlock.com/images/products-hyde/hy007-lock-case-2.webp"
"","https://cantonlock.com/images/products-hyde/hy007-lock-case-3.webp"
"","https://cantonlock.com/images/products-hyde/hy007-lock-case-4.webp"
"","https://cantonlock.com/images/products-hyde/hy007-lock-case-5.webp"
"","https://cantonlock.com/images/products-hyde/hy007-lock-case-6.webp"
"","https://cantonlock.com/images/products-hyde/hy007-lock-case-7.webp"
"","https://cantonlock.com/images/products-hyde/hy007-lock-case-video.webp"
"","https://cantonlock.com/products/lock-cases/hy007-s-lock-case/"
"","https://cantonlock.com/images/products-hyde/hy007-s-lock-case.webp"
"","https://cantonlock.com/images/products-hyde/hy007-s-lock-case-2.webp"
"","https://cantonlock.com/images/products-hyde/hy007-s-lock-case-3.webp"
"","https://cantonlock.com/images/products-hyde/hy007-s-lock-case-4.webp"
"","https://cantonlock.com/images/products-hyde/hy007-s-lock-case-5.webp"
"","https://cantonlock.com/images/products-hyde/hy007-s-lock-case-6.webp"
"","https://cantonlock.com/images/products-hyde/hy007-s-lock-case-7.webp"
"","https://cantonlock.com/images/products-hyde/hy007-s-lock-case-8.webp"
"","https://cantonlock.com/images/products-hyde/hy007-s-lock-case-9.webp"
"","https://cantonlock.com/images/products-hyde/hy007-s-lock-case-10.webp"
"","https://cantonlock.com/images/products-hyde/hy007-s-lock-case-video.webp"
"","https://cantonlock.com/products/lock-cases/hy008-lock-case/"
"","https://cantonlock.com/images/products-hyde/hy008-lock-case.webp"
"","https://cantonlock.com/images/products-hyde/hy008-lock-case-2.webp"
"","https://cantonlock.com/images/products-hyde/hy008-lock-case-3.webp"
"","https://cantonlock.com/images/products-hyde/hy008-lock-case-4.webp"
"","https://cantonlock.com/images/products-hyde/hy008-lock-case-5.webp"
"","https://cantonlock.com/images/products-hyde/hy008-lock-case-6.webp"
"","https://cantonlock.com/images/products-hyde/hy008-lock-case-8.webp"
"","https://cantonlock.com/products/lock-cases/hyde-ar4-101-mortise-lock/"
"","https://cantonlock.com/images/products-hyde/argentina-ar4/hyde-ar4-101.webp"
"","https://cantonlock.com/products/lock-cases/hyde-ar4-110-mortise-lock/"
"","https://cantonlock.com/images/products-hyde/argentina-ar4/hyde-ar4-110.webp"
"","https://cantonlock.com/images/products-hyde/argentina-ar4/hyde-ar4-110-2.webp"
"","https://cantonlock.com/images/products-hyde/argentina-ar4/hyde-ar4-110-3.webp"
"","https://cantonlock.com/products/lock-cases/hyde-ar4-1121-hook-bolt-lock/"
"","https://cantonlock.com/images/products-hyde/argentina-ar4/hyde-ar4-1121.webp"
"","https://cantonlock.com/images/products-hyde/argentina-ar4/hyde-ar4-1121-2.webp"
"","https://cantonlock.com/products/lock-cases/hyde-ar4-140-mortise-lock/"
"","https://cantonlock.com/images/products-hyde/argentina-ar4/hyde-ar4-140.webp"
"","https://cantonlock.com/products/brass-steel-hinges/ih01-brass-and-steel-hinges/"
"","https://cantonlock.com/images/products-hyde/ih01-brass-and-steel-hinges.webp"
"","https://cantonlock.com/images/products-hyde/ih01-brass-and-steel-hinges-2.webp"
"","https://cantonlock.com/images/products-hyde/ih01-brass-and-steel-hinges-3.webp"
"","https://cantonlock.com/images/products-hyde/ih01-brass-and-steel-hinges-4.webp"
"","https://cantonlock.com/images/products-hyde/ih01-brass-and-steel-hinges-5.webp"
"","https://cantonlock.com/images/products-hyde/ih01-brass-and-steel-hinges-6.webp"
"","https://cantonlock.com/images/products-hyde/ih01-brass-and-steel-hinges-video.webp"
"","https://cantonlock.com/products/door-closers/ju-051-door-closer/"
"","https://cantonlock.com/images/products-hyde/ju-051-door-closer.webp"
"","https://cantonlock.com/images/products-hyde/ju-051-door-closer-2.webp"
"","https://cantonlock.com/products/door-closers/ju-061-door-closer/"
"","https://cantonlock.com/images/products-hyde/ju-061-door-closer.webp"
"","https://cantonlock.com/images/products-hyde/ju-061-door-closer-2.webp"
"","https://cantonlock.com/images/products-hyde/ju-061-door-closer-3.webp"
"","https://cantonlock.com/images/products-hyde/ju-061-door-closer-4.webp"
"","https://cantonlock.com/images/products-hyde/ju-061-door-closer-5.webp"
"","https://cantonlock.com/products/door-closers/ju-072-door-closer/"
"","https://cantonlock.com/images/products-hyde/ju-072-door-closer.webp"
"","https://cantonlock.com/images/products-hyde/ju-072-door-closer-2.webp"
"","https://cantonlock.com/images/products-hyde/ju-072-door-closer-3.webp"
"","https://cantonlock.com/images/products-hyde/ju-072-door-closer-4.webp"
"","https://cantonlock.com/images/products-hyde/ju-072-door-closer-5.webp"
"","https://cantonlock.com/products/door-closers/ju-073-door-closer/"
"","https://cantonlock.com/images/products-hyde/ju-073-door-closer.webp"
"","https://cantonlock.com/products/door-closers/ju-088-door-closer/"
"","https://cantonlock.com/images/products-hyde/ju-088-door-closer.webp"
"","https://cantonlock.com/images/products-hyde/ju-088-door-closer-2.webp"
"","https://cantonlock.com/images/products-hyde/ju-088-door-closer-3.webp"
"","https://cantonlock.com/images/products-hyde/ju-088-door-closer-4.webp"
"","https://cantonlock.com/products/door-closers/ju-093-door-closer/"
"","https://cantonlock.com/images/products-hyde/ju-093-door-closer.webp"
"","https://cantonlock.com/products/grip-handle-sets/keyed-deadbolt-lock-set/"
"","https://cantonlock.com/images/products-hyde/ansi-grade-3-keyed-deadbolt.webp"
"","https://cantonlock.com/images/concepts/deadbolt-application.webp"
"","https://cantonlock.com/products/hardware-accessories/l001-latch/"
"","https://cantonlock.com/images/products-hyde/l001-latch.webp"
"","https://cantonlock.com/products/hardware-accessories/l002-latch/"
"","https://cantonlock.com/images/products-hyde/l002-latch.webp"
"","https://cantonlock.com/products/hardware-accessories/l003-latch/"
"","https://cantonlock.com/images/products-hyde/l003-latch.webp"
"","https://cantonlock.com/products/hardware-accessories/l004-latch/"
"","https://cantonlock.com/images/products-hyde/l004-latch.webp"
"","https://cantonlock.com/images/products-hyde/l004-latch-2.webp"
"","https://cantonlock.com/images/products-hyde/l004-latch-3.webp"
"","https://cantonlock.com/products/hardware-accessories/l005-latch/"
"","https://cantonlock.com/images/products-hyde/l005-latch.webp"
"","https://cantonlock.com/products/hardware-accessories/l006-latch/"
"","https://cantonlock.com/images/products-hyde/l006-latch.webp"
"","https://cantonlock.com/products/hardware-accessories/l008-latch/"
"","https://cantonlock.com/images/products-hyde/l008-latch.webp"
"","https://cantonlock.com/products/hardware-accessories/l009-latch/"
"","https://cantonlock.com/images/products-hyde/l009-latch.webp"
"","https://cantonlock.com/products/hardware-accessories/l010-latch/"
"","https://cantonlock.com/images/products-hyde/l010-latch.webp"
"","https://cantonlock.com/products/hardware-accessories/l015-latch/"
"","https://cantonlock.com/images/products-hyde/l015-latch.webp"
"","https://cantonlock.com/products/hardware-accessories/l016-latch/"
"","https://cantonlock.com/images/products-hyde/l016-latch.webp"
"","https://cantonlock.com/products/hardware-accessories/l018-latch/"
"","https://cantonlock.com/images/products-hyde/l018-latch.webp"
"","https://cantonlock.com/images/products-hyde/l018-latch-2.webp"
"","https://cantonlock.com/images/products-hyde/l018-latch-3.webp"
"","https://cantonlock.com/images/products-hyde/l018-latch-4.webp"
"","https://cantonlock.com/images/products-hyde/l018-latch-5.webp"
"","https://cantonlock.com/products/hardware-accessories/l019-latch/"
"","https://cantonlock.com/images/products-hyde/l019-latch.webp"
"","https://cantonlock.com/products/hardware-accessories/l021-latch/"
"","https://cantonlock.com/images/products-hyde/l021-latch.webp"
"","https://cantonlock.com/images/products-hyde/l021-latch-2.webp"
"","https://cantonlock.com/images/products-hyde/l021-latch-3.webp"
"","https://cantonlock.com/products/hardware-accessories/l023-latch/"
"","https://cantonlock.com/images/products-hyde/l023-latch.webp"
"","https://cantonlock.com/products/hardware-accessories/l024-latch/"
"","https://cantonlock.com/images/products-hyde/l024-latch.webp"
"","https://cantonlock.com/products/hardware-accessories/l025-latch/"
"","https://cantonlock.com/images/products-hyde/l025-latch.webp"
"","https://cantonlock.com/products/hardware-accessories/l026-latch/"
"","https://cantonlock.com/images/products-hyde/l026-latch.webp"
"","https://cantonlock.com/products/lock-cases/lc02-85-40mm-lock-case/"
"","https://cantonlock.com/images/products-hyde/lc02-85-40mm-lock-case.webp"
"","https://cantonlock.com/images/products-hyde/lc02-85-40mm-lock-case-2.webp"
"","https://cantonlock.com/images/products-hyde/lc02-85-40mm-lock-case-3.webp"
"","https://cantonlock.com/images/products-hyde/lc02-85-40mm-lock-case-4.webp"
"","https://cantonlock.com/images/products-hyde/lc02-85-40mm-lock-case-5.webp"
"","https://cantonlock.com/products/lock-cases/lc03-85-45mm-lock-case/"
"","https://cantonlock.com/images/products-hyde/lc03-85-45mm-lock-case.webp"
"","https://cantonlock.com/images/products-hyde/lc03-85-45mm-lock-case-2.webp"
"","https://cantonlock.com/products/lock-cases/lc04-85-60-lock-case/"
"","https://cantonlock.com/images/products-hyde/lc04-85-60-lock-case.webp"
"","https://cantonlock.com/images/products-hyde/lc04-85-60-lock-case-2.webp"
"","https://cantonlock.com/images/products-hyde/lc04-85-60-lock-case-3.webp"
"","https://cantonlock.com/images/products-hyde/lc04-85-60-lock-case-4.webp"
"","https://cantonlock.com/images/products-hyde/lc04-85-60-lock-case-5.webp"
"","https://cantonlock.com/images/products-hyde/lc04-85-60-lock-case-6.webp"
"","https://cantonlock.com/products/lock-cases/lc04-85-70-lock-case/"
"","https://cantonlock.com/images/products-hyde/lc04-85-70-lock-case.webp"
"","https://cantonlock.com/images/products-hyde/lc04-85-70-lock-case-2.webp"
"","https://cantonlock.com/images/products-hyde/lc04-85-70-lock-case-3.webp"
"","https://cantonlock.com/images/products-hyde/lc04-85-70-lock-case-4.webp"
"","https://cantonlock.com/products/lock-cases/lc05-8560-lock-case/"
"","https://cantonlock.com/images/products-hyde/lc05-8560-lock-case.webp"
"","https://cantonlock.com/images/products-hyde/lc05-8560-lock-case-2.webp"
"","https://cantonlock.com/images/products-hyde/lc05-8560-lock-case-3.webp"
"","https://cantonlock.com/images/products-hyde/lc05-8560-lock-case-4.webp"
"","https://cantonlock.com/images/products-hyde/lc05-8560-lock-case-5.webp"
"","https://cantonlock.com/images/products-hyde/lc05-8560-lock-case-6.webp"
"","https://cantonlock.com/images/products-hyde/lc05-8560-lock-case-7.webp"
"","https://cantonlock.com/images/products-hyde/lc05-8560-lock-case-8.webp"
"","https://cantonlock.com/products/lock-cases/lc06-85-50ps-lock-case/"
"","https://cantonlock.com/images/products-hyde/lc06-85-50ps-lock-case.webp"
"","https://cantonlock.com/products/lock-cases/lc07-85-45mm-lock-case/"
"","https://cantonlock.com/images/products-hyde/lc07-85-45mm-lock-case.webp"
"","https://cantonlock.com/images/products-hyde/lc07-85-45mm-lock-case-2.webp"
"","https://cantonlock.com/images/products-hyde/lc07-85-45mm-lock-case-3.webp"
"","https://cantonlock.com/images/products-hyde/lc07-85-45mm-lock-case-4.webp"
"","https://cantonlock.com/images/products-hyde/lc07-85-45mm-lock-case-5.webp"
"","https://cantonlock.com/images/products-hyde/lc07-85-45mm-lock-case-6.webp"
"","https://cantonlock.com/products/lock-cases/lc08-85-55mm-lock-case/"
"","https://cantonlock.com/images/products-hyde/lc08-85-55mm-lock-case.webp"
"","https://cantonlock.com/images/products-hyde/lc08-85-55mm-lock-case-2.webp"
"","https://cantonlock.com/images/products-hyde/lc08-85-55mm-lock-case-3.webp"
"","https://cantonlock.com/images/products-hyde/lc08-85-55mm-lock-case-4.webp"
"","https://cantonlock.com/images/products-hyde/lc08-85-55mm-lock-case-5.webp"
"","https://cantonlock.com/products/lock-cases/lc09-85-60mm-lock-case/"
"","https://cantonlock.com/images/products-hyde/lc09-85-60mm-lock-case.webp"
"","https://cantonlock.com/products/lock-cases/lc14-85-50mm-lock-case/"
"","https://cantonlock.com/images/products-hyde/lc14-85-50mm-lock-case.webp"
"","https://cantonlock.com/images/products-hyde/lc14-85-50mm-lock-case-2.webp"
"","https://cantonlock.com/images/products-hyde/lc14-85-50mm-lock-case-3.webp"
"","https://cantonlock.com/images/products-hyde/lc14-85-50mm-lock-case-4.webp"
"","https://cantonlock.com/images/products-hyde/lc14-85-50mm-lock-case-5.webp"
"","https://cantonlock.com/images/products-hyde/lc14-85-50mm-lock-case-6.webp"
"","https://cantonlock.com/images/products-hyde/lc14-85-50mm-lock-case-7.webp"
"","https://cantonlock.com/products/lock-cases/lc15-lock-case/"
"","https://cantonlock.com/images/products-hyde/lc15-lock-case.webp"
"","https://cantonlock.com/images/products-hyde/lc15-lock-case-2.webp"
"","https://cantonlock.com/images/products-hyde/lc15-lock-case-3.webp"
"","https://cantonlock.com/images/products-hyde/lc15-lock-case-4.webp"
"","https://cantonlock.com/images/products-hyde/lc15-lock-case-5.webp"
"","https://cantonlock.com/images/products-hyde/lc15-lock-case-6.webp"
"","https://cantonlock.com/images/products-hyde/lc15-lock-case-7.webp"
"","https://cantonlock.com/images/products-hyde/lc15-lock-case-8.webp"
"","https://cantonlock.com/images/products-hyde/lc15-lock-case-9.webp"
"","https://cantonlock.com/products/lock-cases/lc17-lock-case/"
"","https://cantonlock.com/images/products-hyde/lc17-lock-case.webp"
"","https://cantonlock.com/images/products-hyde/lc17-lock-case-2.webp"
"","https://cantonlock.com/images/products-hyde/lc17-lock-case-3.webp"
"","https://cantonlock.com/images/products-hyde/lc17-lock-case-4.webp"
"","https://cantonlock.com/images/products-hyde/lc17-lock-case-5.webp"
"","https://cantonlock.com/images/products-hyde/lc17-lock-case-6.webp"
"","https://cantonlock.com/images/products-hyde/lc17-lock-case-7.webp"
"","https://cantonlock.com/images/products-hyde/lc17-lock-case-8.webp"
"","https://cantonlock.com/products/lock-cases/lc18-lock-case/"
"","https://cantonlock.com/images/products-hyde/lc18-lock-case.webp"
"","https://cantonlock.com/images/products-hyde/lc18-lock-case-2.webp"
"","https://cantonlock.com/images/products-hyde/lc18-lock-case-3.webp"
"","https://cantonlock.com/images/products-hyde/lc18-lock-case-4.webp"
"","https://cantonlock.com/images/products-hyde/lc18-lock-case-5.webp"
"","https://cantonlock.com/products/lock-cases/lc19-lock-case/"
"","https://cantonlock.com/images/products-hyde/lc19-lock-case.webp"
"","https://cantonlock.com/images/products-hyde/lc19-lock-case-2.webp"
"","https://cantonlock.com/images/products-hyde/lc19-lock-case-3.webp"
"","https://cantonlock.com/images/products-hyde/lc19-lock-case-4.webp"
"","https://cantonlock.com/products/lock-cases/lc20-lock-case/"
"","https://cantonlock.com/images/products-hyde/lc20-lock-case.webp"
"","https://cantonlock.com/images/products-hyde/lc20-lock-case-2.webp"
"","https://cantonlock.com/images/products-hyde/lc20-lock-case-3.webp"
"","https://cantonlock.com/images/products-hyde/lc20-lock-case-4.webp"
"","https://cantonlock.com/products/lock-cases/lc21-85-50mm-lock-case/"
"","https://cantonlock.com/images/products-hyde/lc21-85-50mm-lock-case.webp"
"","https://cantonlock.com/images/products-hyde/lc21-85-50mm-lock-case-2.webp"
"","https://cantonlock.com/products/lock-cases/lc33-5572-lock-case/"
"","https://cantonlock.com/images/products-hyde/lc33-5572-lock-case.webp"
"","https://cantonlock.com/images/products-hyde/lc33-5572-lock-case-2.webp"
"","https://cantonlock.com/images/products-hyde/lc33-5572-lock-case-3.webp"
"","https://cantonlock.com/products/lock-cases/lc34-50-72mm-lock-case/"
"","https://cantonlock.com/images/products-hyde/lc34-50-72mm-lock-case.webp"
"","https://cantonlock.com/images/products-hyde/lc34-50-72mm-lock-case-2.webp"
"","https://cantonlock.com/products/lock-cases/lc35-8550-lock-case/"
"","https://cantonlock.com/images/products-hyde/lc35-8550-lock-case.webp"
"","https://cantonlock.com/images/products-hyde/lc35-8550-lock-case-2.webp"
"","https://cantonlock.com/images/products-hyde/lc35-8550-lock-case-3.webp"
"","https://cantonlock.com/images/products-hyde/lc35-8550-lock-case-4.webp"
"","https://cantonlock.com/images/products-hyde/lc35-8550-lock-case-5.webp"
"","https://cantonlock.com/products/lock-cases/lc5845-lock-case/"
"","https://cantonlock.com/images/products-hyde/lc5845-lock-case.webp"
"","https://cantonlock.com/images/products-hyde/lc5845-lock-case-2.webp"
"","https://cantonlock.com/images/products-hyde/lc5845-lock-case-3.webp"
"","https://cantonlock.com/images/products-hyde/lc5845-lock-case-4.webp"
"","https://cantonlock.com/images/products-hyde/lc5845-lock-case-5.webp"
"","https://cantonlock.com/images/products-hyde/lc5845-lock-case-video.webp"
"","https://cantonlock.com/products/lock-cases/lc6860-lock-case/"
"","https://cantonlock.com/images/products-hyde/lc6860-lock-case.webp"
"","https://cantonlock.com/images/products-hyde/lc6860-lock-case-2.webp"
"","https://cantonlock.com/images/products-hyde/lc6860-lock-case-3.webp"
"","https://cantonlock.com/images/products-hyde/lc6860-lock-case-4.webp"
"","https://cantonlock.com/images/products-hyde/lc6860-lock-case-5.webp"
"","https://cantonlock.com/images/products-hyde/lc6860-lock-case-6.webp"
"","https://cantonlock.com/images/products-hyde/lc6860-lock-case-video.webp"
"","https://cantonlock.com/products/lock-cases/lc7065-lock-case/"
"","https://cantonlock.com/images/products-hyde/lc7065-lock-case.webp"
"","https://cantonlock.com/images/products-hyde/lc7065-lock-case-2.webp"
"","https://cantonlock.com/images/products-hyde/lc7065-lock-case-3.webp"
"","https://cantonlock.com/images/products-hyde/lc7065-lock-case-4.webp"
"","https://cantonlock.com/images/products-hyde/lc7065-lock-case-5.webp"
"","https://cantonlock.com/images/products-hyde/lc7065-lock-case-6.webp"
"","https://cantonlock.com/images/products-hyde/lc7065-lock-case-7.webp"
"","https://cantonlock.com/products/lock-cases/lc7065ps-lock-case/"
"","https://cantonlock.com/images/products-hyde/lc7065ps-lock-case.webp"
"","https://cantonlock.com/products/lock-cases/lc7065s-lock-case/"
"","https://cantonlock.com/images/products-hyde/lc7065s-lock-case.webp"
"","https://cantonlock.com/images/products-hyde/lc7065s-lock-case-2.webp"
"","https://cantonlock.com/products/lock-cases/lc8520-lock-case/"
"","https://cantonlock.com/images/products-hyde/lc8520-lock-case.webp"
"","https://cantonlock.com/products/lock-cases/lc8520b-lock-case/"
"","https://cantonlock.com/images/products-hyde/lc8520b-lock-case.webp"
"","https://cantonlock.com/products/lock-cases/lc8520ps-lock-case/"
"","https://cantonlock.com/images/products-hyde/lc8520ps-lock-case.webp"
"","https://cantonlock.com/images/products-hyde/lc8520ps-lock-case-2.webp"
"","https://cantonlock.com/images/products-hyde/lc8520ps-lock-case-3.webp"
"","https://cantonlock.com/images/products-hyde/lc8520ps-lock-case-4.webp"
"","https://cantonlock.com/products/lock-cases/lc8525-lock-case/"
"","https://cantonlock.com/images/products-hyde/lc8525-lock-case.webp"
"","https://cantonlock.com/images/products-hyde/lc8525-lock-case-2.webp"
"","https://cantonlock.com/images/products-hyde/lc8525-lock-case-3.webp"
"","https://cantonlock.com/images/products-hyde/lc8525-lock-case-4.webp"
"","https://cantonlock.com/images/products-hyde/lc8525-lock-case-5.webp"
"","https://cantonlock.com/products/lock-cases/lc8525-ps-lock-case/"
"","https://cantonlock.com/images/products-hyde/lc8525-ps-lock-case.webp"
"","https://cantonlock.com/products/lock-cases/lc8525b-lock-case/"
"","https://cantonlock.com/images/products-hyde/lc8525b-lock-case.webp"
"","https://cantonlock.com/products/lock-cases/lc8530bk-lock-case/"
"","https://cantonlock.com/images/products-hyde/lc8530bk-lock-case.webp"
"","https://cantonlock.com/products/lock-cases/lc8530ps-lock-case/"
"","https://cantonlock.com/images/products-hyde/lc8530ps-lock-case.webp"
"","https://cantonlock.com/products/lock-cases/lc8535-lock-case/"
"","https://cantonlock.com/images/products-hyde/lc8535-lock-case.webp"
"","https://cantonlock.com/images/products-hyde/lc8535-lock-case-2.webp"
"","https://cantonlock.com/images/products-hyde/lc8535-lock-case-3.webp"
"","https://cantonlock.com/images/products-hyde/lc8535-lock-case-4.webp"
"","https://cantonlock.com/images/products-hyde/lc8535-lock-case-5.webp"
"","https://cantonlock.com/products/lock-cases/lc8535b-lock-case/"
"","https://cantonlock.com/images/products-hyde/lc8535b-lock-case.webp"
"","https://cantonlock.com/products/lock-cases/lc9045-lock-case/"
"","https://cantonlock.com/images/products-hyde/lc9045-lock-case.webp"
"","https://cantonlock.com/images/products-hyde/lc9045-lock-case-2.webp"
"","https://cantonlock.com/products/lock-cases/lc9230-lock-case/"
"","https://cantonlock.com/images/products-hyde/lc9230-lock-case.webp"
"","https://cantonlock.com/products/stainless-steel-handles/lh1016-stainless-steel-handle/"
"","https://cantonlock.com/images/products-hyde/lh1016-stainless-steel-handle.webp"
"","https://cantonlock.com/images/products-hyde/lh1016-stainless-steel-handle-2.webp"
"","https://cantonlock.com/images/products-hyde/lh1016-stainless-steel-handle-3.webp"
"","https://cantonlock.com/images/products-hyde/lh1016-stainless-steel-handle-4.webp"
"","https://cantonlock.com/images/products-hyde/lh1016-stainless-steel-handle-video.webp"
"","https://cantonlock.com/products/stainless-steel-handles/lh1033-ss-stainless-steel-handle/"
"","https://cantonlock.com/images/products-hyde/lh1033-ss-stainless-steel-handle.webp"
"","https://cantonlock.com/images/products-hyde/lh1033-ss-stainless-steel-handle-2.webp"
"","https://cantonlock.com/images/products-hyde/lh1033-ss-stainless-steel-handle-3.webp"
"","https://cantonlock.com/images/products-hyde/lh1033-ss-stainless-steel-handle-4.webp"
"","https://cantonlock.com/images/products-hyde/lh1033-ss-stainless-steel-handle-5.webp"
"","https://cantonlock.com/products/stainless-steel-handles/lh1056-ss-stainless-steel-handle/"
"","https://cantonlock.com/images/products-hyde/lh1056-ss-stainless-steel-handle.webp"
"","https://cantonlock.com/images/products-hyde/lh1056-ss-stainless-steel-handle-2.webp"
"","https://cantonlock.com/images/products-hyde/lh1056-ss-stainless-steel-handle-3.webp"
"","https://cantonlock.com/images/products-hyde/lh1056-ss-stainless-steel-handle-4.webp"
"","https://cantonlock.com/images/products-hyde/lh1056-ss-stainless-steel-handle-5.webp"
"","https://cantonlock.com/images/products-hyde/lh1056-ss-stainless-steel-handle-6.webp"
"","https://cantonlock.com/products/stainless-steel-handles/lh1083-ss-stainless-steel-handle/"
"","https://cantonlock.com/images/products-hyde/lh1083-ss-stainless-steel-handle.webp"
"","https://cantonlock.com/images/products-hyde/lh1083-ss-stainless-steel-handle-2.webp"
"","https://cantonlock.com/images/products-hyde/lh1083-ss-stainless-steel-handle-3.webp"
"","https://cantonlock.com/images/products-hyde/lh1083-ss-stainless-steel-handle-4.webp"
"","https://cantonlock.com/images/products-hyde/lh1083-ss-stainless-steel-handle-5.webp"
"","https://cantonlock.com/products/stainless-steel-handles/lh1083-stainless-steel-handle/"
"","https://cantonlock.com/images/products-hyde/lh1083-stainless-steel-handle.webp"
"","https://cantonlock.com/images/products-hyde/lh1083-stainless-steel-handle-2.webp"
"","https://cantonlock.com/images/products-hyde/lh1083-stainless-steel-handle-3.webp"
"","https://cantonlock.com/images/products-hyde/lh1083-stainless-steel-handle-4.webp"
"","https://cantonlock.com/images/products-hyde/lh1083-stainless-steel-handle-5.webp"
"","https://cantonlock.com/images/products-hyde/lh1083-stainless-steel-handle-video.webp"
"","https://cantonlock.com/products/stainless-steel-handles/lh1085-ss-stainless-steel-handle/"
"","https://cantonlock.com/images/products-hyde/lh1085-ss-stainless-steel-handle.webp"
"","https://cantonlock.com/images/products-hyde/lh1085-ss-stainless-steel-handle-2.webp"
"","https://cantonlock.com/images/products-hyde/lh1085-ss-stainless-steel-handle-3.webp"
"","https://cantonlock.com/products/lever-handles/lh851-lever-handle/"
"","https://cantonlock.com/images/products-hyde/lh851-lever-handle.webp"
"","https://cantonlock.com/images/products-hyde/lh851-lever-handle-2.webp"
"","https://cantonlock.com/images/products-hyde/lh851-lever-handle-3.webp"
"","https://cantonlock.com/images/products-hyde/lh851-lever-handle-4.webp"
"","https://cantonlock.com/images/products-hyde/lh851-lever-handle-5.webp"
"","https://cantonlock.com/images/products-hyde/lh851-lever-handle-6.webp"
"","https://cantonlock.com/images/products-hyde/lh851-lever-handle-video.webp"
"","https://cantonlock.com/products/lever-handles/lh852-bnbk-lever-handle/"
"","https://cantonlock.com/images/products-hyde/lh852-bnbk-lever-handle.webp"
"","https://cantonlock.com/images/products-hyde/lh852-bnbk-lever-handle-2.webp"
"","https://cantonlock.com/images/products-hyde/lh852-bnbk-lever-handle-3.webp"
"","https://cantonlock.com/images/products-hyde/lh852-bnbk-lever-handle-4.webp"
"","https://cantonlock.com/images/products-hyde/lh852-bnbk-lever-handle-5.webp"
"","https://cantonlock.com/images/products-hyde/lh852-bnbk-lever-handle-6.webp"
"","https://cantonlock.com/images/products-hyde/lh852-bnbk-lever-handle-7.webp"
"","https://cantonlock.com/images/products-hyde/lh852-bnbk-lever-handle-video.webp"
"","https://cantonlock.com/products/lever-handles/lh852-bnet-lever-handle/"
"","https://cantonlock.com/images/products-hyde/lh852-bnet-lever-handle.webp"
"","https://cantonlock.com/images/products-hyde/lh852-bnet-lever-handle-2.webp"
"","https://cantonlock.com/images/products-hyde/lh852-bnet-lever-handle-3.webp"
"","https://cantonlock.com/images/products-hyde/lh852-bnet-lever-handle-4.webp"
"","https://cantonlock.com/images/products-hyde/lh852-bnet-lever-handle-5.webp"
"","https://cantonlock.com/images/products-hyde/lh852-bnet-lever-handle-6.webp"
"","https://cantonlock.com/images/products-hyde/lh852-bnet-lever-handle-7.webp"
"","https://cantonlock.com/images/products-hyde/lh852-bnet-lever-handle-video.webp"
"","https://cantonlock.com/products/lever-handles/lh852-bnps-lever-handle/"
"","https://cantonlock.com/images/products-hyde/lh852-bnps-lever-handle.webp"
"","https://cantonlock.com/images/products-hyde/lh852-bnps-lever-handle-2.webp"
"","https://cantonlock.com/images/products-hyde/lh852-bnps-lever-handle-3.webp"
"","https://cantonlock.com/images/products-hyde/lh852-bnps-lever-handle-4.webp"
"","https://cantonlock.com/images/products-hyde/lh852-bnps-lever-handle-5.webp"
"","https://cantonlock.com/images/products-hyde/lh852-bnps-lever-handle-6.webp"
"","https://cantonlock.com/images/products-hyde/lh852-bnps-lever-handle-video.webp"
"","https://cantonlock.com/products/lever-handles/lh852-gmbk-lever-handle/"
"","https://cantonlock.com/images/products-hyde/lh852-gmbk-lever-handle.webp"
"","https://cantonlock.com/images/products-hyde/lh852-gmbk-lever-handle-2.webp"
"","https://cantonlock.com/images/products-hyde/lh852-gmbk-lever-handle-3.webp"
"","https://cantonlock.com/images/products-hyde/lh852-gmbk-lever-handle-4.webp"
"","https://cantonlock.com/images/products-hyde/lh852-gmbk-lever-handle-5.webp"
"","https://cantonlock.com/images/products-hyde/lh852-gmbk-lever-handle-6.webp"
"","https://cantonlock.com/images/products-hyde/lh852-gmbk-lever-handle-video.webp"
"","https://cantonlock.com/products/lever-handles/lh853-cpbk-lever-handle/"
"","https://cantonlock.com/images/products-hyde/lh853-cpbk-lever-handle.webp"
"","https://cantonlock.com/images/products-hyde/lh853-cpbk-lever-handle-video.webp"
"","https://cantonlock.com/products/lever-handles/lh853-cpps-lever-handle/"
"","https://cantonlock.com/images/products-hyde/lh853-cpps-lever-handle.webp"
"","https://cantonlock.com/images/products-hyde/lh853-cpps-lever-handle-video.webp"
"","https://cantonlock.com/products/lever-handles/lh853-snbk-lever-handle/"
"","https://cantonlock.com/images/products-hyde/lh853-snbk-lever-handle.webp"
"","https://cantonlock.com/images/products-hyde/lh853-snbk-lever-handle-2.webp"
"","https://cantonlock.com/images/products-hyde/lh853-snbk-lever-handle-3.webp"
"","https://cantonlock.com/images/products-hyde/lh853-snbk-lever-handle-4.webp"
"","https://cantonlock.com/images/products-hyde/lh853-snbk-lever-handle-5.webp"
"","https://cantonlock.com/images/products-hyde/lh853-snbk-lever-handle-6.webp"
"","https://cantonlock.com/images/products-hyde/lh853-snbk-lever-handle-video.webp"
"","https://cantonlock.com/products/lever-handles/lh853-snet-lever-handle/"
"","https://cantonlock.com/images/products-hyde/lh853-snet-lever-handle.webp"
"","https://cantonlock.com/images/products-hyde/lh853-snet-lever-handle-2.webp"
"","https://cantonlock.com/images/products-hyde/lh853-snet-lever-handle-3.webp"
"","https://cantonlock.com/images/products-hyde/lh853-snet-lever-handle-4.webp"
"","https://cantonlock.com/images/products-hyde/lh853-snet-lever-handle-5.webp"
"","https://cantonlock.com/images/products-hyde/lh853-snet-lever-handle-6.webp"
"","https://cantonlock.com/images/products-hyde/lh853-snet-lever-handle-video.webp"
"","https://cantonlock.com/products/lever-handles/lh853-snps-lever-handle/"
"","https://cantonlock.com/images/products-hyde/lh853-snps-lever-handle.webp"
"","https://cantonlock.com/images/products-hyde/lh853-snps-lever-handle-2.webp"
"","https://cantonlock.com/images/products-hyde/lh853-snps-lever-handle-3.webp"
"","https://cantonlock.com/images/products-hyde/lh853-snps-lever-handle-4.webp"
"","https://cantonlock.com/images/products-hyde/lh853-snps-lever-handle-5.webp"
"","https://cantonlock.com/images/products-hyde/lh853-snps-lever-handle-6.webp"
"","https://cantonlock.com/images/products-hyde/lh853-snps-lever-handle-video.webp"
"","https://cantonlock.com/products/lever-handles/lh854-lever-handle/"
"","https://cantonlock.com/images/products-hyde/lh854-lever-handle.webp"
"","https://cantonlock.com/images/products-hyde/lh854-lever-handle-2.webp"
"","https://cantonlock.com/images/products-hyde/lh854-lever-handle-3.webp"
"","https://cantonlock.com/images/products-hyde/lh854-lever-handle-4.webp"
"","https://cantonlock.com/images/products-hyde/lh854-lever-handle-5.webp"
"","https://cantonlock.com/products/lever-handles/lh854-snet-lever-handle/"
"","https://cantonlock.com/images/products-hyde/lh854-snet-lever-handle.webp"
"","https://cantonlock.com/images/products-hyde/lh854-snet-lever-handle-2.webp"
"","https://cantonlock.com/images/products-hyde/lh854-snet-lever-handle-3.webp"
"","https://cantonlock.com/images/products-hyde/lh854-snet-lever-handle-4.webp"
"","https://cantonlock.com/images/products-hyde/lh854-snet-lever-handle-5.webp"
"","https://cantonlock.com/images/products-hyde/lh854-snet-lever-handle-6.webp"
"","https://cantonlock.com/images/products-hyde/lh854-snet-lever-handle-7.webp"
"","https://cantonlock.com/images/products-hyde/lh854-snet-lever-handle-video.webp"
"","https://cantonlock.com/products/lever-handles/lh855-bnbk-lever-handle/"
"","https://cantonlock.com/images/products-hyde/lh855-bnbk-lever-handle.webp"
"","https://cantonlock.com/images/products-hyde/lh855-bnbk-lever-handle-2.webp"
"","https://cantonlock.com/images/products-hyde/lh855-bnbk-lever-handle-3.webp"
"","https://cantonlock.com/images/products-hyde/lh855-bnbk-lever-handle-4.webp"
"","https://cantonlock.com/images/products-hyde/lh855-bnbk-lever-handle-5.webp"
"","https://cantonlock.com/images/products-hyde/lh855-bnbk-lever-handle-6.webp"
"","https://cantonlock.com/images/products-hyde/lh855-bnbk-lever-handle-7.webp"
"","https://cantonlock.com/images/products-hyde/lh855-bnbk-lever-handle-video.webp"
"","https://cantonlock.com/products/lever-handles/lh855-lever-handle/"
"","https://cantonlock.com/images/products-hyde/lh855-lever-handle.webp"
"","https://cantonlock.com/images/products-hyde/lh855-lever-handle-2.webp"
"","https://cantonlock.com/images/products-hyde/lh855-lever-handle-3.webp"
"","https://cantonlock.com/images/products-hyde/lh855-lever-handle-4.webp"
"","https://cantonlock.com/images/products-hyde/lh855-lever-handle-5.webp"
"","https://cantonlock.com/images/products-hyde/lh855-lever-handle-6.webp"
"","https://cantonlock.com/images/products-hyde/lh855-lever-handle-7.webp"
"","https://cantonlock.com/images/products-hyde/lh855-lever-handle-8.webp"
"","https://cantonlock.com/products/lever-handles/lh855-snbk-lever-handle/"
"","https://cantonlock.com/images/products-hyde/lh855-snbk-lever-handle.webp"
"","https://cantonlock.com/images/products-hyde/lh855-snbk-lever-handle-2.webp"
"","https://cantonlock.com/images/products-hyde/lh855-snbk-lever-handle-3.webp"
"","https://cantonlock.com/images/products-hyde/lh855-snbk-lever-handle-4.webp"
"","https://cantonlock.com/images/products-hyde/lh855-snbk-lever-handle-5.webp"
"","https://cantonlock.com/images/products-hyde/lh855-snbk-lever-handle-6.webp"
"","https://cantonlock.com/images/products-hyde/lh855-snbk-lever-handle-video.webp"
"","https://cantonlock.com/products/lever-handles/lh855-snet-lever-handle/"
"","https://cantonlock.com/images/products-hyde/lh855-snet-lever-handle.webp"
"","https://cantonlock.com/images/products-hyde/lh855-snet-lever-handle-2.webp"
"","https://cantonlock.com/images/products-hyde/lh855-snet-lever-handle-3.webp"
"","https://cantonlock.com/images/products-hyde/lh855-snet-lever-handle-4.webp"
"","https://cantonlock.com/images/products-hyde/lh855-snet-lever-handle-5.webp"
"","https://cantonlock.com/images/products-hyde/lh855-snet-lever-handle-6.webp"
"","https://cantonlock.com/images/products-hyde/lh855-snet-lever-handle-7.webp"
"","https://cantonlock.com/images/products-hyde/lh855-snet-lever-handle-video.webp"
"","https://cantonlock.com/products/stainless-steel-handles/nc013-stainless-steel-handle/"
"","https://cantonlock.com/images/products-hyde/nc013-stainless-steel-handle.webp"
"","https://cantonlock.com/images/products-hyde/nc013-stainless-steel-handle-2.webp"
"","https://cantonlock.com/images/products-hyde/nc013-stainless-steel-handle-3.webp"
"","https://cantonlock.com/images/products-hyde/nc013-stainless-steel-handle-4.webp"
"","https://cantonlock.com/images/products-hyde/nc013-stainless-steel-handle-5.webp"
"","https://cantonlock.com/images/products-hyde/nc013-stainless-steel-handle-video.webp"
"","https://cantonlock.com/products/stainless-steel-handles/nc046-stainless-steel-handle/"
"","https://cantonlock.com/images/products-hyde/nc046-stainless-steel-handle.webp"
"","https://cantonlock.com/images/products-hyde/nc046-stainless-steel-handle-2.webp"
"","https://cantonlock.com/images/products-hyde/nc046-stainless-steel-handle-3.webp"
"","https://cantonlock.com/images/products-hyde/nc046-stainless-steel-handle-4.webp"
"","https://cantonlock.com/images/products-hyde/nc046-stainless-steel-handle-5.webp"
"","https://cantonlock.com/images/products-hyde/nc046-stainless-steel-handle-video.webp"
"","https://cantonlock.com/products/stainless-steel-handles/nc053-stainless-steel-handle/"
"","https://cantonlock.com/images/products-hyde/nc053-stainless-steel-handle.webp"
"","https://cantonlock.com/images/products-hyde/nc053-stainless-steel-handle-2.webp"
"","https://cantonlock.com/images/products-hyde/nc053-stainless-steel-handle-3.webp"
"","https://cantonlock.com/images/products-hyde/nc053-stainless-steel-handle-4.webp"
"","https://cantonlock.com/images/products-hyde/nc053-stainless-steel-handle-5.webp"
"","https://cantonlock.com/images/products-hyde/nc053-stainless-steel-handle-video.webp"
"","https://cantonlock.com/products/stainless-steel-handles/nc068-stainless-steel-handle/"
"","https://cantonlock.com/images/products-hyde/nc068-stainless-steel-handle.webp"
"","https://cantonlock.com/images/products-hyde/nc068-stainless-steel-handle-2.webp"
"","https://cantonlock.com/images/products-hyde/nc068-stainless-steel-handle-3.webp"
"","https://cantonlock.com/images/products-hyde/nc068-stainless-steel-handle-4.webp"
"","https://cantonlock.com/images/products-hyde/nc068-stainless-steel-handle-video.webp"
"","https://cantonlock.com/products/stainless-steel-handles/nc181-stainless-steel-handle/"
"","https://cantonlock.com/images/products-hyde/nc181-stainless-steel-handle.webp"
"","https://cantonlock.com/images/products-hyde/nc181-stainless-steel-handle-2.webp"
"","https://cantonlock.com/images/products-hyde/nc181-stainless-steel-handle-3.webp"
"","https://cantonlock.com/images/products-hyde/nc181-stainless-steel-handle-4.webp"
"","https://cantonlock.com/images/products-hyde/nc181-stainless-steel-handle-video.webp"
"","https://cantonlock.com/products/stainless-steel-handles/nc182-stainless-steel-handle/"
"","https://cantonlock.com/images/products-hyde/nc182-stainless-steel-handle.webp"
"","https://cantonlock.com/images/products-hyde/nc182-stainless-steel-handle-2.webp"
"","https://cantonlock.com/images/products-hyde/nc182-stainless-steel-handle-3.webp"
"","https://cantonlock.com/images/products-hyde/nc182-stainless-steel-handle-4.webp"
"","https://cantonlock.com/images/products-hyde/nc182-stainless-steel-handle-video.webp"
"","https://cantonlock.com/products/stainless-steel-handles/ncb-stainless-steel-handle/"
"","https://cantonlock.com/images/products-hyde/ncb-stainless-steel-handle.webp"
"","https://cantonlock.com/images/products-hyde/ncb-stainless-steel-handle-2.webp"
"","https://cantonlock.com/images/products-hyde/ncb-stainless-steel-handle-3.webp"
"","https://cantonlock.com/images/products-hyde/ncb-stainless-steel-handle-4.webp"
"","https://cantonlock.com/images/products-hyde/ncb-stainless-steel-handle-video.webp"
"","https://cantonlock.com/products/stainless-steel-handles/ncd-stainless-steel-handle/"
"","https://cantonlock.com/images/products-hyde/ncd-stainless-steel-handle.webp"
"","https://cantonlock.com/images/products-hyde/ncd-stainless-steel-handle-2.webp"
"","https://cantonlock.com/images/products-hyde/ncd-stainless-steel-handle-3.webp"
"","https://cantonlock.com/images/products-hyde/ncd-stainless-steel-handle-video.webp"
"","https://cantonlock.com/products/night-latches-rim-locks/night-latch-rim-lock/"
"","https://cantonlock.com/images/products-hyde/night-latch-rim-lock.webp"
"","https://cantonlock.com/products/hardware-accessories/no01-gate-house-no/"
"","https://cantonlock.com/images/products-hyde/no01-gate-house-no.webp"
"","https://cantonlock.com/images/products-hyde/no01-gate-house-no-2.webp"
"","https://cantonlock.com/images/products-hyde/no01-gate-house-no-3.webp"
"","https://cantonlock.com/images/products-hyde/no01-gate-house-no-4.webp"
"","https://cantonlock.com/images/products-hyde/no01-gate-house-no-5.webp"
"","https://cantonlock.com/images/products-hyde/no01-gate-house-no-6.webp"
"","https://cantonlock.com/images/products-hyde/no01-gate-house-no-7.webp"
"","https://cantonlock.com/images/products-hyde/no01-gate-house-no-8.webp"
"","https://cantonlock.com/images/products-hyde/no01-gate-house-no-9.webp"
"","https://cantonlock.com/images/products-hyde/no01-gate-house-no-10.webp"
"","https://cantonlock.com/images/products-hyde/no01-gate-house-no-video.webp"
"","https://cantonlock.com/products/brass-steel-hinges/piano-hinge/"
"","https://cantonlock.com/images/products-hyde/piano-hinge.webp"
"","https://cantonlock.com/products/sliding-hook-locks/s02-cp-sliding-hook-lock/"
"","https://cantonlock.com/images/products-hyde/s02-cp-sliding-hook-lock.webp"
"","https://cantonlock.com/images/products-hyde/s02-cp-sliding-hook-lock-2.webp"
"","https://cantonlock.com/images/products-hyde/s02-cp-sliding-hook-lock-3.webp"
"","https://cantonlock.com/images/products-hyde/s02-cp-sliding-hook-lock-4.webp"
"","https://cantonlock.com/images/products-hyde/s02-cp-sliding-hook-lock-5.webp"
"","https://cantonlock.com/images/products-hyde/s02-cp-sliding-hook-lock-6.webp"
"","https://cantonlock.com/images/products-hyde/s02-cp-sliding-hook-lock-video.webp"
"","https://cantonlock.com/products/sliding-hook-locks/s03-sliding-hook-lock/"
"","https://cantonlock.com/images/products-hyde/s03-sliding-hook-lock.webp"
"","https://cantonlock.com/images/products-hyde/s03-sliding-hook-lock-2.webp"
"","https://cantonlock.com/images/products-hyde/s03-sliding-hook-lock-4.webp"
"","https://cantonlock.com/images/products-hyde/s03-sliding-hook-lock-5.webp"
"","https://cantonlock.com/images/products-hyde/s03-sliding-hook-lock-6.webp"
"","https://cantonlock.com/images/products-hyde/s03-sliding-hook-lock-7.webp"
"","https://cantonlock.com/images/products-hyde/s03-sliding-hook-lock-video.webp"
"","https://cantonlock.com/products/night-latches-rim-locks/s564-night-latch-and-rim-lock/"
"","https://cantonlock.com/images/products-hyde/s564-night-latch-and-rim-lock.webp"
"","https://cantonlock.com/images/products-hyde/s564-night-latch-and-rim-lock-2.webp"
"","https://cantonlock.com/products/knob-locks/s578-tubular-lock/"
"","https://cantonlock.com/images/products-hyde/s578-tubular-lock.webp"
"","https://cantonlock.com/images/products-hyde/s578-tubular-lock-2.webp"
"","https://cantonlock.com/images/products-hyde/s578-tubular-lock-3.webp"
"","https://cantonlock.com/products/lever-handles/s802-snet-lever-handle/"
"","https://cantonlock.com/images/products-hyde/s802-snet-lever-handle.webp"
"","https://cantonlock.com/images/products-hyde/s802-snet-lever-handle-2.webp"
"","https://cantonlock.com/products/panic-exit-devices/sh01-panic-exit-device/"
"","https://cantonlock.com/images/products-hyde/sh01-panic-exit-device.webp"
"","https://cantonlock.com/images/products-hyde/sh01-panic-exit-device-2.webp"
"","https://cantonlock.com/images/products-hyde/sh01-panic-exit-device-3.webp"
"","https://cantonlock.com/images/products-hyde/sh01-panic-exit-device-4.webp"
"","https://cantonlock.com/images/products-hyde/sh01-panic-exit-device-5.webp"
"","https://cantonlock.com/images/products-hyde/sh01-panic-exit-device-6.webp"
"","https://cantonlock.com/images/products-hyde/sh01-panic-exit-device-7.webp"
"","https://cantonlock.com/images/products-hyde/sh01-panic-exit-device-8.webp"
"","https://cantonlock.com/images/products-hyde/sh01-panic-exit-device-9.webp"
"","https://cantonlock.com/images/products-hyde/sh01-panic-exit-device-video.webp"
"","https://cantonlock.com/products/lock-cylinders/single-oval-cylinder-lock-cylinder/"
"","https://cantonlock.com/images/products-hyde/single-oval-cylinder-lock-cylinder.webp"
"","https://cantonlock.com/images/products-hyde/single-oval-cylinder-lock-cylinder-2.webp"
"","https://cantonlock.com/images/products-hyde/single-oval-cylinder-lock-cylinder-3.webp"
"","https://cantonlock.com/images/products-hyde/single-oval-cylinder-lock-cylinder-4.webp"
"","https://cantonlock.com/images/products-hyde/single-oval-cylinder-lock-cylinder-5.webp"
"","https://cantonlock.com/products/brass-steel-hinges/ss026-brass-and-steel-hinges/"
"","https://cantonlock.com/images/products-hyde/ss026-brass-and-steel-hinges.webp"
"","https://cantonlock.com/images/products-hyde/ss026-brass-and-steel-hinges-2.webp"
"","https://cantonlock.com/images/products-hyde/ss026-brass-and-steel-hinges-3.webp"
"","https://cantonlock.com/images/products-hyde/ss026-brass-and-steel-hinges-4.webp"
"","https://cantonlock.com/images/products-hyde/ss026-brass-and-steel-hinges-5.webp"
"","https://cantonlock.com/products/brass-steel-hinges/ss027-brass-and-steel-hinges/"
"","https://cantonlock.com/images/products-hyde/ss027-brass-and-steel-hinges.webp"
"","https://cantonlock.com/products/brass-steel-hinges/ssh011-brass-and-steel-hinges/"
"","https://cantonlock.com/images/products-hyde/ssh011-brass-and-steel-hinges.webp"
"","https://cantonlock.com/images/products-hyde/ssh011-brass-and-steel-hinges-2.webp"
"","https://cantonlock.com/products/brass-steel-hinges/ssh012-brass-and-steel-hinges/"
"","https://cantonlock.com/images/products-hyde/ssh012-brass-and-steel-hinges.webp"
"","https://cantonlock.com/products/brass-steel-hinges/ssh013-brass-and-steel-hinges/"
"","https://cantonlock.com/images/products-hyde/ssh013-brass-and-steel-hinges.webp"
"","https://cantonlock.com/images/products-hyde/ssh013-brass-and-steel-hinges-2.webp"
"","https://cantonlock.com/images/products-hyde/ssh013-brass-and-steel-hinges-3.webp"
"","https://cantonlock.com/images/products-hyde/ssh013-brass-and-steel-hinges-4.webp"
"","https://cantonlock.com/images/products-hyde/ssh013-brass-and-steel-hinges-video.webp"
"","https://cantonlock.com/products/brass-steel-hinges/ssh015-brass-and-steel-hinges/"
"","https://cantonlock.com/images/products-hyde/ssh015-brass-and-steel-hinges.webp"
"","https://cantonlock.com/images/products-hyde/ssh015-brass-and-steel-hinges-2.webp"
"","https://cantonlock.com/products/brass-steel-hinges/ssh016-brass-and-steel-hinges/"
"","https://cantonlock.com/images/products-hyde/ssh016-brass-and-steel-hinges.webp"
"","https://cantonlock.com/images/products-hyde/ssh016-brass-and-steel-hinges-2.webp"
"","https://cantonlock.com/images/products-hyde/ssh016-brass-and-steel-hinges-3.webp"
"","https://cantonlock.com/images/products-hyde/ssh016-brass-and-steel-hinges-4.webp"
"","https://cantonlock.com/images/products-hyde/ssh016-brass-and-steel-hinges-5.webp"
"","https://cantonlock.com/images/products-hyde/ssh016-brass-and-steel-hinges-6.webp"
"","https://cantonlock.com/images/products-hyde/ssh016-brass-and-steel-hinges-7.webp"
"","https://cantonlock.com/images/products-hyde/ssh016-brass-and-steel-hinges-video.webp"
"","https://cantonlock.com/products/brass-steel-hinges/ssh017-brass-and-steel-hinges/"
"","https://cantonlock.com/images/products-hyde/ssh017-brass-and-steel-hinges.webp"
"","https://cantonlock.com/products/brass-steel-hinges/ssh018-brass-and-steel-hinges/"
"","https://cantonlock.com/images/products-hyde/ssh018-brass-and-steel-hinges.webp"
"","https://cantonlock.com/products/brass-steel-hinges/ssh019-brass-and-steel-hinges/"
"","https://cantonlock.com/images/products-hyde/ssh019-brass-and-steel-hinges.webp"
"","https://cantonlock.com/products/brass-steel-hinges/ssh020-brass-and-steel-hinges/"
"","https://cantonlock.com/images/products-hyde/ssh020-brass-and-steel-hinges.webp"
"","https://cantonlock.com/products/brass-steel-hinges/ssh021-brass-and-steel-hinges/"
"","https://cantonlock.com/images/products-hyde/ssh021-brass-and-steel-hinges.webp"
"","https://cantonlock.com/products/brass-steel-hinges/ssh022-brass-and-steel-hinges/"
"","https://cantonlock.com/images/products-hyde/ssh022-brass-and-steel-hinges.webp"
"","https://cantonlock.com/products/brass-steel-hinges/ssh023-brass-and-steel-hinges/"
"","https://cantonlock.com/images/products-hyde/ssh023-brass-and-steel-hinges.webp"
"","https://cantonlock.com/images/products-hyde/ssh023-brass-and-steel-hinges-2.webp"
"","https://cantonlock.com/images/products-hyde/ssh023-brass-and-steel-hinges-3.webp"
"","https://cantonlock.com/images/products-hyde/ssh023-brass-and-steel-hinges-4.webp"
"","https://cantonlock.com/images/products-hyde/ssh023-brass-and-steel-hinges-5.webp"
"","https://cantonlock.com/images/products-hyde/ssh023-brass-and-steel-hinges-6.webp"
"","https://cantonlock.com/images/products-hyde/ssh023-brass-and-steel-hinges-7.webp"
"","https://cantonlock.com/images/products-hyde/ssh023-brass-and-steel-hinges-8.webp"
"","https://cantonlock.com/images/products-hyde/ssh023-brass-and-steel-hinges-9.webp"
"","https://cantonlock.com/images/products-hyde/ssh023-brass-and-steel-hinges-10.webp"
"","https://cantonlock.com/images/products-hyde/ssh023-brass-and-steel-hinges-video.webp"
"","https://cantonlock.com/products/brass-steel-hinges/ssh031-brass-and-steel-hinges/"
"","https://cantonlock.com/images/products-hyde/ssh031-brass-and-steel-hinges.webp"
"","https://cantonlock.com/images/products-hyde/ssh031-brass-and-steel-hinges-2.webp"
"","https://cantonlock.com/images/products-hyde/ssh031-brass-and-steel-hinges-3.webp"
"","https://cantonlock.com/images/products-hyde/ssh031-brass-and-steel-hinges-4.webp"
"","https://cantonlock.com/images/products-hyde/ssh031-brass-and-steel-hinges-5.webp"
"","https://cantonlock.com/images/products-hyde/ssh031-brass-and-steel-hinges-6.webp"
"","https://cantonlock.com/images/products-hyde/ssh031-brass-and-steel-hinges-video.webp"
"","https://cantonlock.com/products/brass-steel-hinges/stainless-steel-door-hinge/"
"","https://cantonlock.com/images/products-hyde/stainless-steel-door-hinge.webp"
"","https://cantonlock.com/products/hardware-accessories/stainless-steel-flush-bolt/"
"","https://cantonlock.com/images/products-hyde/stainless-steel-flush-bolt.webp"
"","https://cantonlock.com/products/glass-door-accessories/stainless-steel-glass-door-pull-handle/"
"","https://cantonlock.com/images/products-hyde/stainless-steel-glass-door-pull-handle.webp"
"","https://cantonlock.com/products/lever-handles/stainless-steel-lever-handle-lock/"
"","https://cantonlock.com/images/products-hyde/stainless-steel-lever-handle-lock.webp"
"","https://cantonlock.com/images/concepts/lever-handle-application.webp"
"","https://cantonlock.com/products/bathroom-accessories/stainless-steel-wall-hook/"
"","https://cantonlock.com/images/products-hyde/stainless-steel-wall-hook.webp"
"","https://cantonlock.com/products/knob-locks/tubular-knob-lock/"
"","https://cantonlock.com/images/products-hyde/tubular-knob-lock.webp"
"","https://cantonlock.com/images/concepts/smart-lock-residential-application.webp"
"","https://cantonlock.com/products/door-closers/wooden-door-floor-hinge/"
"","https://cantonlock.com/images/products-hyde/wooden-door-floor-hinge.webp"
"","https://cantonlock.com/products/panic-exit-devices/x2-panic-exit-device-trim/"
"","https://cantonlock.com/images/products-hyde/x2-panic-exit-device-trim.webp"
"","https://cantonlock.com/products/lock-cylinders/xf-1-lock-cylinder/"
"","https://cantonlock.com/images/products-hyde/xf-1-lock-cylinder.webp"
"","https://cantonlock.com/images/products-hyde/xf-1-lock-cylinder-2.webp"
"","https://cantonlock.com/images/products-hyde/xf-1-lock-cylinder-3.webp"
"","https://cantonlock.com/images/products-hyde/xf-1-lock-cylinder-4.webp"
"","https://cantonlock.com/images/products-hyde/xf-1-lock-cylinder-5.webp"
"","https://cantonlock.com/images/products-hyde/xf-1-lock-cylinder-6.webp"
"","https://cantonlock.com/video/"
"","https://cantonlock.com/video/015-panic-exit-device-trim/"
"","https://cantonlock.com/video/016-exterior-trim/"
"","https://cantonlock.com/video/023-et-panic-exit-device-trim/"
"","https://cantonlock.com/video/023-etan-anti-pick-panic-exit-device/"
"","https://cantonlock.com/video/023-ps-panic-exit-device-trim/"
"","https://cantonlock.com/video/026-panic-exit-device-trim/"
"","https://cantonlock.com/video/027-panic-exit-device-trim/"
"","https://cantonlock.com/video/028-panic-exit-device-trim/"
"","https://cantonlock.com/video/030-panic-exit-device-trim/"
"","https://cantonlock.com/video/033-panic-exit-device-trim/"
"","https://cantonlock.com/video/035-panic-exit-device-trim/"
"","https://cantonlock.com/video/036-panic-exit-device/"
"","https://cantonlock.com/video/037-panic-exit-device-trim/"
"","https://cantonlock.com/video/039-panic-exit-device-trim/"
"","https://cantonlock.com/video/069-stainless-steel-handle/"
"","https://cantonlock.com/video/072-panic-exit-device-lock-case/"
"","https://cantonlock.com/video/100-glass-door-handle/"
"","https://cantonlock.com/video/102-glass-door-handle/"
"","https://cantonlock.com/video/104-glass-door-handle/"
"","https://cantonlock.com/video/106-glass-door-handle/"
"","https://cantonlock.com/video/107-glass-door-handle/"
"","https://cantonlock.com/video/1073d-mb-night-latch-and-rim-lock/"
"","https://cantonlock.com/video/1073d-night-latch-and-rim-lock/"
"","https://cantonlock.com/video/1073s-night-latch-and-rim-lock/"
"","https://cantonlock.com/video/110-lock-case/"
"","https://cantonlock.com/video/112-glass-door-handle/"
"","https://cantonlock.com/video/1121-lock-case/"
"","https://cantonlock.com/video/140-lock-case/"
"","https://cantonlock.com/video/200-indicator/"
"","https://cantonlock.com/video/301-panic-exit-device/"
"","https://cantonlock.com/video/302-panic-exit-device/"
"","https://cantonlock.com/video/303-panic-exit-device/"
"","https://cantonlock.com/video/305-fire-door-panic-exit-device/"
"","https://cantonlock.com/video/306-d-panic-exit-device/"
"","https://cantonlock.com/video/306-ps-panic-exit-device/"
"","https://cantonlock.com/video/306-s-panic-exit-device/"
"","https://cantonlock.com/video/307-panic-exit-device/"
"","https://cantonlock.com/video/309-s-s-panic-exit-device/"
"","https://cantonlock.com/video/310-panic-exit-device/"
"","https://cantonlock.com/video/311-panic-exit-device/"
"","https://cantonlock.com/video/313-panic-exit-device/"
"","https://cantonlock.com/video/314-alarm-panic-bar-exit-device/"
"","https://cantonlock.com/video/315-pry-latch/"
"","https://cantonlock.com/video/316-d-panic-exit-device/"
"","https://cantonlock.com/video/316-s-panic-exit-device/"
"","https://cantonlock.com/video/317-cold-room-push-bar-exit-device/"
"","https://cantonlock.com/video/3431-sset-lever-handle/"
"","https://cantonlock.com/video/500-indicator/"
"","https://cantonlock.com/video/564-mb-night-latch-and-rim-lock/"
"","https://cantonlock.com/video/5688-night-latch-and-rim-lock/"
"","https://cantonlock.com/video/5689-night-latch-and-rim-lock/"
"","https://cantonlock.com/video/578-acet-light-duty-cylindrical-lock/"
"","https://cantonlock.com/video/578-snbk-light-duty-cylindrical-lock/"
"","https://cantonlock.com/video/578-snet-light-duty-cylindrical-lock/"
"","https://cantonlock.com/video/5831-90mm-black-tubular-lock/"
"","https://cantonlock.com/video/5831-90mm-chrome-tubular-lock/"
"","https://cantonlock.com/video/5831-90mm-grey-tubular-lock/"
"","https://cantonlock.com/video/5831-90mm-white-tubular-lock/"
"","https://cantonlock.com/video/5835-night-latch-and-rim-lock/"
"","https://cantonlock.com/video/5836-night-latch-and-rim-lock/"
"","https://cantonlock.com/video/587-mbbk-light-duty-cylindrical-lock/"
"","https://cantonlock.com/video/587-mbet-light-duty-cylindrical-lock/"
"","https://cantonlock.com/video/587-ssbk-light-duty-cylindrical-lock/"
"","https://cantonlock.com/video/587-sset-light-duty-cylindrical-lock/"
"","https://cantonlock.com/video/5870-acet-heavy-duty-cylindrical-lock/"
"","https://cantonlock.com/video/5870-snet-tubular-lock/"
"","https://cantonlock.com/video/5870-sset-heavy-duty-cylindrical-lock/"
"","https://cantonlock.com/video/5874-acet-heavy-duty-cylindrical-lock/"
"","https://cantonlock.com/video/592-sset-tubular-lock/"
"","https://cantonlock.com/video/595-acbk-tubular-lock/"
"","https://cantonlock.com/video/595-acet-tubular-lock/"
"","https://cantonlock.com/video/598-snet-tubular-lock/"
"","https://cantonlock.com/video/600-concealed-sliding-door-handle/"
"","https://cantonlock.com/video/607-acbk-tubular-lock/"
"","https://cantonlock.com/video/607-pbbk-tubular-lock/"
"","https://cantonlock.com/video/607-pbet-tubular-lock/"
"","https://cantonlock.com/video/607-spet-tubular-lock/"
"","https://cantonlock.com/video/607-ssbk-tubular-lock/"
"","https://cantonlock.com/video/607-sset-tubular-lock/"
"","https://cantonlock.com/video/609-sset-tubular-lock/"
"","https://cantonlock.com/video/6491-snet-lever-handle/"
"","https://cantonlock.com/video/6491abet-lever-handle/"
"","https://cantonlock.com/video/70610-sc-grip-handle-set/"
"","https://cantonlock.com/video/70722-dc-grip-handle-set/"
"","https://cantonlock.com/video/70900-mbet-grip-handle-set/"
"","https://cantonlock.com/video/807-abbk-lever-handle/"
"","https://cantonlock.com/video/808-mbet-lever-handle/"
"","https://cantonlock.com/video/808-snet-lever-handle/"
"","https://cantonlock.com/video/812-sset-lever-handle/"
"","https://cantonlock.com/video/816-pbet-lever-handle/"
"","https://cantonlock.com/video/816-snet-lever-handle/"
"","https://cantonlock.com/video/836-snet-lever-handle/"
"","https://cantonlock.com/video/853-ssbk-lever-handle/"
"","https://cantonlock.com/video/8803-snbk-lever-handle/"
"","https://cantonlock.com/video/8803-snet-lever-handle/"
"","https://cantonlock.com/video/8806-ssbk-lever-handle/"
"","https://cantonlock.com/video/8806-sset-lever-handle/"
"","https://cantonlock.com/video/881-ss-sliding-hook-lock/"
"","https://cantonlock.com/video/8826-snbk-lever-handle/"
"","https://cantonlock.com/video/8826-snet-lever-handle/"
"","https://cantonlock.com/video/9001-stainless-steel-handle/"
"","https://cantonlock.com/video/9002e-stainless-steel-handle/"
"","https://cantonlock.com/video/9003e-stainless-steel-handle/"
"","https://cantonlock.com/video/9004-stainless-steel-handle/"
"","https://cantonlock.com/video/9004s-stainless-steel-handle/"
"","https://cantonlock.com/video/9005e-stainless-steel-handle/"
"","https://cantonlock.com/video/9005s-stainless-steel-handle/"
"","https://cantonlock.com/video/9006s-stainless-steel-handle/"
"","https://cantonlock.com/video/9007e-stainless-steel-handle/"
"","https://cantonlock.com/video/9008e-stainless-steel-handle/"
"","https://cantonlock.com/video/9008s-stainless-steel-handle/"
"","https://cantonlock.com/video/9010e-stainless-steel-handle/"
"","https://cantonlock.com/video/9011e-stainless-steel-handle/"
"","https://cantonlock.com/video/9012e-stainless-steel-handle/"
"","https://cantonlock.com/video/9014-ssbk-stainless-steel-handle/"
"","https://cantonlock.com/video/9014-sset-stainless-steel-handle/"
"","https://cantonlock.com/video/9014s-stainless-steel-handle/"
"","https://cantonlock.com/video/9015-stainless-steel-handle/"
"","https://cantonlock.com/video/9016s-stainless-steel-handle/"
"","https://cantonlock.com/video/9020s-stainless-steel-handle/"
"","https://cantonlock.com/video/9021-stainless-steel-handle/"
"","https://cantonlock.com/video/9082e-stainless-steel-handle/"
"","https://cantonlock.com/video/9088-ss-stainless-steel-handle/"
"","https://cantonlock.com/video/9210-ssbk-tubular-lock/"
"","https://cantonlock.com/video/9210-sset-tubular-lock/"
"","https://cantonlock.com/video/aah024-brass-and-steel-hinges/"
"","https://cantonlock.com/video/bh01-grab-bar/"
"","https://cantonlock.com/video/bh55-fold-down-shower-seat/"
"","https://cantonlock.com/video/bh56-flip-up-grab-bar/"
"","https://cantonlock.com/video/bh57-double-flip-up-grab-bar/"
"","https://cantonlock.com/video/bh58-flip-up-grab-bar/"
"","https://cantonlock.com/video/bl027-brass-and-steel-hinges/"
"","https://cantonlock.com/video/bl029-brass-and-steel-hinges/"
"","https://cantonlock.com/video/bl030-brass-and-steel-hinges/"
"","https://cantonlock.com/video/bl031-brass-and-steel-hinges/"
"","https://cantonlock.com/video/d101-ss-deadbolts/"
"","https://cantonlock.com/video/dc01-door-coordinator/"
"","https://cantonlock.com/video/dc02-door-coordinator/"
"","https://cantonlock.com/video/ds011-door-stopper/"
"","https://cantonlock.com/video/dv04-door-viewer/"
"","https://cantonlock.com/video/dv08-sn-door-viewer/"
"","https://cantonlock.com/video/eh01-lever-handle/"
"","https://cantonlock.com/video/eh02-lever-handle/"
"","https://cantonlock.com/video/eh03-lever-handle/"
"","https://cantonlock.com/video/f101-glass-door-patch-fittings/"
"","https://cantonlock.com/video/f102-night-latch-and-rim-lock/"
"","https://cantonlock.com/video/f110-glass-door-patch-fittings/"
"","https://cantonlock.com/video/f111-glass-door-patch-fittings/"
"","https://cantonlock.com/video/f112-glass-door-patch-fittings/"
"","https://cantonlock.com/video/f113-glass-door-patch-fittings/"
"","https://cantonlock.com/video/f114-glass-door-patch-fittings/"
"","https://cantonlock.com/video/f123-glass-door-patch-fittings/"
"","https://cantonlock.com/video/f132-glass-door-patch-fittings/"
"","https://cantonlock.com/video/fb016-door-flush-bolt/"
"","https://cantonlock.com/video/g559-night-latch-and-rim-lock/"
"","https://cantonlock.com/video/gl125-ss-glass-door-patch-fittings/"
"","https://cantonlock.com/video/hy-0ss-latch-guard/"
"","https://cantonlock.com/video/hy006dk-lock-case/"
"","https://cantonlock.com/video/hy006et-lock-case/"
"","https://cantonlock.com/video/hy007-lock-case/"
"","https://cantonlock.com/video/hy007-s-lock-case/"
"","https://cantonlock.com/video/ih01-brass-and-steel-hinges/"
"","https://cantonlock.com/video/lc5845-lock-case/"
"","https://cantonlock.com/video/lc6860-lock-case/"
"","Options: 85 Series, 72 Series, and small-size lock cases available"
"","https://cantonlock.com/video/lh1016-stainless-steel-handle/"
"","https://cantonlock.com/video/lh1083-stainless-steel-handle/"
"","https://cantonlock.com/video/lh851-lever-handle/"
"","https://cantonlock.com/video/lh852-bnbk-lever-handle/"
"","https://cantonlock.com/video/lh852-bnet-lever-handle/"
"","https://cantonlock.com/video/lh852-bnps-lever-handle/"
"","https://cantonlock.com/video/lh852-gmbk-lever-handle/"
"","https://cantonlock.com/video/lh853-cpbk-lever-handle/"
"","https://cantonlock.com/video/lh853-cpps-lever-handle/"
"","https://cantonlock.com/video/lh853-snbk-lever-handle/"
"","https://cantonlock.com/video/lh853-snet-lever-handle/"
"","https://cantonlock.com/video/lh853-snps-lever-handle/"
"","https://cantonlock.com/video/lh854-snet-lever-handle/"
"","https://cantonlock.com/video/lh855-bnbk-lever-handle/"
"","https://cantonlock.com/video/lh855-snbk-lever-handle/"
"","https://cantonlock.com/video/lh855-snet-lever-handle/"
"","https://cantonlock.com/video/nc013-stainless-steel-handle/"
"","https://cantonlock.com/video/nc046-stainless-steel-handle/"
"","https://cantonlock.com/video/nc053-stainless-steel-handle/"
"","https://cantonlock.com/video/nc068-stainless-steel-handle/"
"","https://cantonlock.com/video/nc181-stainless-steel-handle/"
"","https://cantonlock.com/video/nc182-stainless-steel-handle/"
"","https://cantonlock.com/video/ncb-stainless-steel-handle/"
"","https://cantonlock.com/video/ncd-stainless-steel-handle/"
"","https://cantonlock.com/video/no01-gate-house-no/"
"","https://cantonlock.com/video/s02-cp-sliding-hook-lock/"
"","https://cantonlock.com/video/s03-sliding-hook-lock/"
"","https://cantonlock.com/video/sh01-panic-exit-device/"
"","https://cantonlock.com/video/ssh013-brass-and-steel-hinges/"
"","https://cantonlock.com/video/ssh016-brass-and-steel-hinges/"
"","https://cantonlock.com/video/ssh023-brass-and-steel-hinges/"
"","https://cantonlock.com/video/ssh031-brass-and-steel-hinges/"
"","https://cantonlock.com/projects/commercial-fire-egress-hardware/"
"","https://cantonlock.com/projects/double-leaf-fire-door-set/"
"","https://cantonlock.com/projects/glass-entrance-hardware-package/"
"","https://cantonlock.com/projects/hospitality-residential-door-package/"
"","https://cantonlock.com/projects/panic-bar-with-outside-trim-set/"
"","https://cantonlock.com/news/brazil-nbr-11742-nbr-11785-fire-door-hardware/"
"","https://cantonlock.com/news/double-fire-exit-door-hardware-set/"
"","https://cantonlock.com/news/brass-piano-hinge-is-a-finish-not-a-metal/"
"","https://cantonlock.com/news/choosing-a-cylindrical-lock-entrance-privacy-passage/"
"","https://cantonlock.com/news/deadbolt-d101-d102-and-the-rim-alternative/"
"","https://cantonlock.com/news/euro-cylinder-range-45-to-90/"
"","https://cantonlock.com/news/exit-device-push-bar-length/"
"","https://cantonlock.com/news/finish-codes-us26d-626-630/"
"","https://cantonlock.com/news/lever-handle-range-lh852-lh853-lh855/"
"","https://cantonlock.com/news/occupied-vacant-washroom-indicator-bolt/"
"","https://cantonlock.com/news/rim-night-latch-564-and-1073/"
"","https://cantonlock.com/news/stainless-lever-range-9007-9008-9014/"
"","https://cantonlock.com/news/ul-305-is-a-listing-not-a-grade/"
"","https://cantonlock.com/news/what-an-old-padlock-tells-a-lock-factory/"
"","https://cantonlock.com/news/fitting-a-euro-cylinder/"
"","https://cantonlock.com/news/why-the-catalogue-is-this-wide/"
"","https://cantonlock.com/news/door-coordinator-double-fire-door/"
"","https://cantonlock.com/news/what-it-takes-to-tool-a-new-exit-device/"
"","https://cantonlock.com/news/en-1125-or-ansi-which-standard-your-project-needs/"
"","https://cantonlock.com/news/master-key-systems-how-many-levels-you-need/"
"","https://cantonlock.com/news/cross-referencing-a-lock-you-already-buy/"
"","https://cantonlock.com/news/door-stop-holder-or-flush-bolt/"
"","https://cantonlock.com/news/what-documents-you-can-actually-get/"
"","https://cantonlock.com/news/euro-cylinder-length-and-split/"
"","https://cantonlock.com/news/what-a-test-report-actually-covers/"
"","https://cantonlock.com/news/what-oem-actually-changes/"
"","https://cantonlock.com/news/handing-left-right-and-universal/"
"","https://cantonlock.com/news/six-values-an-order-needs/"
"","https://cantonlock.com/news/trim-handle-or-panic-bar/"
"","https://cantonlock.com/news/ansi-grade-1-vs-en-1125-exit-devices/"
"","https://cantonlock.com/news/narrow-stile-aluminium-door-lock-sag/"
"","https://cantonlock.com/news/push-bar-or-touch-bar-panic-exit-devices/"
"","https://cantonlock.com/news/stainless-steel-grades-304-201-316/"
"","https://cantonlock.com/news/what-a-frameless-glass-door-needs/"
"","https://cantonlock.com/news/door-hardware-schedule-guide/"
"","https://cantonlock.com/news/mortise-lock-backset-and-centre-distance-guide/"
"","https://cantonlock.com/news/reading-door-hardware-model-numbers/"
"","https://cantonlock.com/guides/custom-door-hardware-tooling-2026/"
"","https://cantonlock.com/guides/copper-or-brass-hinges-2026/"
"","https://cantonlock.com/guides/cylindrical-and-tubular-lock-comparison-2026/"
"","https://cantonlock.com/guides/exit-device-comparison-2026/"
"","https://cantonlock.com/guides/mortise-lock-case-comparison-2026/"
"","https://cantonlock.com/guides/backset-door-thickness-chart-2026/"
"","https://cantonlock.com/guides/brass-alloys-and-dezincification-2026/"
"","https://cantonlock.com/guides/certification-and-test-validation-2026/"
"","https://cantonlock.com/guides/chrome-finish-differences-2026/"
"","https://cantonlock.com/guides/commercial-lock-function-decision-2026/"
"","https://cantonlock.com/guides/container-loading-door-hardware-2026/"
"","https://cantonlock.com/guides/corrosion-resistance-en-1670-2026/"
"","https://cantonlock.com/guides/cycle-testing-durability-grades-2026/"
"","https://cantonlock.com/guides/dimensional-interchangeability-2026/"
"","https://cantonlock.com/guides/door-closer-mounting-positions-2026/"
"","https://cantonlock.com/guides/door-closer-power-size-2026/"
"","https://cantonlock.com/guides/door-hardware-hs-codes-2026/"
"","https://cantonlock.com/guides/door-preparation-161-and-86-2026/"
"","https://cantonlock.com/guides/door-thickness-to-cylinder-length-2026/"
"","https://cantonlock.com/guides/en-1125-vs-en-179-2026/"
"","https://cantonlock.com/guides/en-ansi-bhma-cross-reference-2026/"
"","https://cantonlock.com/guides/euro-cylinder-size-chart-2026/"
"","https://cantonlock.com/guides/exit-device-outside-trim-functions-2026/"
"","https://cantonlock.com/guides/finish-code-reference-2026/"
"","https://cantonlock.com/guides/fire-door-hardware-what-must-be-rated-2026/"
"","https://cantonlock.com/guides/glass-door-thickness-and-cutouts-2026/"
"","https://cantonlock.com/guides/hardware-refurbishment-survey-2026/"
"","https://cantonlock.com/guides/hardware-warranty-what-it-covers-2026/"
"","https://cantonlock.com/guides/hinge-grades-and-count-2026/"
"","https://cantonlock.com/guides/key-blanks-and-restricted-profiles-2026/"
"","https://cantonlock.com/guides/lever-return-and-en-1906-2026/"
"","https://cantonlock.com/guides/master-key-hierarchy-planning-2026/"
"","https://cantonlock.com/guides/material-traceability-mill-certs-2026/"
"","https://cantonlock.com/guides/moq-tooling-and-lead-time-2026/"
"","https://cantonlock.com/guides/powder-coating-and-ral-2026/"
"","https://cantonlock.com/guides/qualifying-a-hardware-supplier-2026/"
"","https://cantonlock.com/guides/samples-and-incoming-inspection-2026/"
"","https://cantonlock.com/guides/specification-section-08-71-00-2026/"
"","https://cantonlock.com/guides/spindle-sizes-and-length-2026/"
"","https://cantonlock.com/guides/stainless-grade-selection-201-304-316-2026/"
"","https://cantonlock.com/guides/strike-plates-and-keeps-2026/"
"","https://cantonlock.com/guides/submittal-package-contents-2026/"
"","https://cantonlock.com/guides/technical-drawings-what-to-expect-2026/"
"","https://cantonlock.com/guides/universal-vs-handed-hardware-2026/"
"","https://cantonlock.com/guides/zinc-alloy-die-cast-hardware-2026/"
